mpio_reg_code_7,dept_reg_code,dept_name,mpio_name,is_exterior,censo,num_mesas
0100001,0100,ANTIOQUIA,MEDELLIN,False,1862718,5499
0100004,0100,ANTIOQUIA,ABEJORRAL,False,15644,51
0100007,0100,ANTIOQUIA,ABRIAQUI,False,2062,7
0100010,0100,ANTIOQUIA,ALEJANDRIA,False,4733,15
0100013,0100,ANTIOQUIA,AMAGA,False,24730,78
0100016,0100,ANTIOQUIA,AMALFI,False,19294,60
0100019,0100,ANTIOQUIA,ANDES,False,36920,115
0100022,0100,ANTIOQUIA,ANGELOPOLIS,False,6041,20
0100025,0100,ANTIOQUIA,ANGOSTURA,False,9718,30
0100028,0100,ANTIOQUIA,ANORI,False,13909,45
0100031,0100,ANTIOQUIA,ANTIOQUIA,False,24242,77
0100034,0100,ANTIOQUIA,ANZA,False,6764,21
0100035,0100,ANTIOQUIA,APARTADO,False,109862,336
0100037,0100,ANTIOQUIA,ARBOLETES,False,24079,75
0100039,0100,ANTIOQUIA,ARGELIA,False,6990,25
0100040,0100,ANTIOQUIA,ARMENIA,False,4667,15
0100043,0100,ANTIOQUIA,BARBOSA,False,46850,145
0100046,0100,ANTIOQUIA,BELMIRA,False,5466,20
0100049,0100,ANTIOQUIA,BELLO,False,368373,1063
0100052,0100,ANTIOQUIA,BETANIA,False,8596,27
0100055,0100,ANTIOQUIA,BETULIA,False,14145,45
0100058,0100,ANTIOQUIA,BOLIVAR,False,24357,75
0100061,0100,ANTIOQUIA,BURITICA,False,8423,28
0100062,0100,ANTIOQUIA,BRICEÑO,False,7121,25
0100064,0100,ANTIOQUIA,CACERES,False,21504,66
0100067,0100,ANTIOQUIA,CAICEDO,False,7301,22
0100070,0100,ANTIOQUIA,CALDAS,False,72495,223
0100073,0100,ANTIOQUIA,CAMPAMENTO,False,7332,23
0100076,0100,ANTIOQUIA,CAÑASGORDAS,False,15282,46
0100078,0100,ANTIOQUIA,CARACOLI,False,4972,17
0100079,0100,ANTIOQUIA,CARAMANTA,False,5098,16
0100080,0100,ANTIOQUIA,CAREPA,False,50144,155
0100082,0100,ANTIOQUIA,CARMEN DE VIBORAL,False,45777,141
0100085,0100,ANTIOQUIA,CAROLINA,False,4419,14
0100088,0100,ANTIOQUIA,CAUCASIA,False,78183,248
0100091,0100,ANTIOQUIA,CISNEROS,False,12859,39
0100094,0100,ANTIOQUIA,COCORNA,False,14930,48
0100097,0100,ANTIOQUIA,CONCEPCION,False,4557,14
0100100,0100,ANTIOQUIA,CONCORDIA,False,16573,52
0100103,0100,ANTIOQUIA,COPACABANA,False,77778,241
0100106,0100,ANTIOQUIA,CHIGORODO,False,53823,165
0100109,0100,ANTIOQUIA,DABEIBA,False,20829,67
0100112,0100,ANTIOQUIA,DON MATIAS,False,19149,58
0100115,0100,ANTIOQUIA,EBEJICO,False,11640,37
0100117,0100,ANTIOQUIA,EL BAGRE,False,42682,131
0100118,0100,ANTIOQUIA,ENTRERRIOS,False,9845,30
0100121,0100,ANTIOQUIA,ENVIGADO,False,245614,752
0100124,0100,ANTIOQUIA,FREDONIA,False,18270,60
0100127,0100,ANTIOQUIA,FRONTINO,False,18464,59
0100130,0100,ANTIOQUIA,GIRALDO,False,5194,17
0100133,0100,ANTIOQUIA,GIRARDOTA,False,57065,173
0100136,0100,ANTIOQUIA,GOMEZ PLATA,False,9174,28
0100139,0100,ANTIOQUIA,GRANADA,False,10193,32
0100140,0100,ANTIOQUIA,GUADALUPE,False,6000,20
0100142,0100,ANTIOQUIA,GUARNE,False,43263,136
0100145,0100,ANTIOQUIA,GUATAPE,False,8236,25
0100148,0100,ANTIOQUIA,HELICONIA,False,6156,20
0100150,0100,ANTIOQUIA,HISPANIA,False,5339,17
0100151,0100,ANTIOQUIA,ITAGUI,False,267367,770
0100154,0100,ANTIOQUIA,ITUANGO,False,18208,62
0100157,0100,ANTIOQUIA,JARDIN,False,13394,42
0100160,0100,ANTIOQUIA,JERICO,False,11599,36
0100163,0100,ANTIOQUIA,LA CEJA,False,59367,183
0100166,0100,ANTIOQUIA,LA ESTRELLA,False,66476,205
0100168,0100,ANTIOQUIA,PUERTO NARE-LA MAGDALENA,False,12566,39
0100169,0100,ANTIOQUIA,LA UNION,False,20261,63
0100170,0100,ANTIOQUIA,LA PINTADA,False,7577,23
0100172,0100,ANTIOQUIA,LIBORINA,False,9787,31
0100175,0100,ANTIOQUIA,MACEO,False,8734,28
0100178,0100,ANTIOQUIA,MARINILLA,False,51760,159
0100181,0100,ANTIOQUIA,MONTEBELLO,False,6570,21
0100184,0100,ANTIOQUIA,MURINDO,False,3583,13
0100187,0100,ANTIOQUIA,MUTATA,False,16692,51
0100190,0100,ANTIOQUIA,NARIÑO,False,9079,30
0100191,0100,ANTIOQUIA,NECHI,False,22306,68
0100192,0100,ANTIOQUIA,NECOCLI,False,40654,121
0100193,0100,ANTIOQUIA,OLAYA,False,3024,10
0100196,0100,ANTIOQUIA,PEÑOL,False,18759,57
0100199,0100,ANTIOQUIA,PEQUE,False,6907,23
0100202,0100,ANTIOQUIA,PUEBLORRICO,False,7578,23
0100205,0100,ANTIOQUIA,PUERTO BERRIO,False,35634,114
0100206,0100,ANTIOQUIA,PUERTO TRIUNFO,False,15461,47
0100208,0100,ANTIOQUIA,REMEDIOS,False,23623,75
0100211,0100,ANTIOQUIA,RETIRO,False,21852,67
0100214,0100,ANTIOQUIA,RIONEGRO,False,128988,390
0100217,0100,ANTIOQUIA,SABANALARGA,False,7957,26
0100218,0100,ANTIOQUIA,SABANETA,False,96878,297
0100220,0100,ANTIOQUIA,SALGAR,False,14478,46
0100223,0100,ANTIOQUIA,SAN ANDRES,False,5915,22
0100226,0100,ANTIOQUIA,SAN CARLOS,False,15668,50
0100227,0100,ANTIOQUIA,SAN FRANCISCO,False,6792,21
0100229,0100,ANTIOQUIA,SAN JERONIMO,False,13800,44
0100230,0100,ANTIOQUIA,SAN JOSE DE LA MONTAÑA,False,3330,10
0100231,0100,ANTIOQUIA,SAN JUAN DE URABA,False,21449,66
0100232,0100,ANTIOQUIA,SAN LUIS,False,12537,40
0100235,0100,ANTIOQUIA,SAN PEDRO,False,23828,74
0100237,0100,ANTIOQUIA,SAN PEDRO DE URABA,False,30160,94
0100238,0100,ANTIOQUIA,SAN RAFAEL,False,13883,43
0100241,0100,ANTIOQUIA,SAN ROQUE,False,16786,51
0100244,0100,ANTIOQUIA,SAN VICENTE,False,17491,56
0100247,0100,ANTIOQUIA,SANTA BARBARA,False,22963,73
0100250,0100,ANTIOQUIA,SANTA ROSA DE OSOS,False,29556,94
0100253,0100,ANTIOQUIA,SANTO DOMINGO,False,9727,33
0100256,0100,ANTIOQUIA,SANTUARIO,False,30949,96
0100259,0100,ANTIOQUIA,SEGOVIA,False,33157,101
0100262,0100,ANTIOQUIA,SONSON,False,28173,97
0100265,0100,ANTIOQUIA,SOPETRAN,False,13695,45
0100268,0100,ANTIOQUIA,TAMESIS,False,15347,47
0100270,0100,ANTIOQUIA,TARAZA,False,25953,81
0100271,0100,ANTIOQUIA,TARSO,False,6186,19
0100274,0100,ANTIOQUIA,TITIRIBI,False,8829,29
0100277,0100,ANTIOQUIA,TOLEDO,False,4763,15
0100280,0100,ANTIOQUIA,TURBO,False,100009,301
0100282,0100,ANTIOQUIA,URAMITA,False,6847,22
0100283,0100,ANTIOQUIA,URRAO,False,26331,82
0100286,0100,ANTIOQUIA,VALDIVIA,False,12963,39
0100289,0100,ANTIOQUIA,VALPARAISO,False,5781,19
0100290,0100,ANTIOQUIA,VEGACHI,False,12450,40
0100291,0100,ANTIOQUIA,VIGIA DEL FUERTE,False,6970,26
0100292,0100,ANTIOQUIA,VENECIA,False,11608,37
0100293,0100,ANTIOQUIA,YALI,False,6520,21
0100295,0100,ANTIOQUIA,YARUMAL,False,35886,115
0100298,0100,ANTIOQUIA,YOLOMBO,False,17481,55
0100300,0100,ANTIOQUIA,YONDO-CASABE,False,16144,52
0100301,0100,ANTIOQUIA,ZARAGOZA,False,22036,69
0300001,0300,ATLANTICO,BARRANQUILLA,False,1191452,3648
0300004,0300,ATLANTICO,BARANOA,False,53287,165
0300007,0300,ATLANTICO,CAMPO DE LA CRUZ,False,23740,74
0300010,0300,ATLANTICO,CANDELARIA,False,14846,46
0300013,0300,ATLANTICO,GALAPA,False,46123,143
0300016,0300,ATLANTICO,JUAN DE ACOSTA,False,19563,60
0300019,0300,ATLANTICO,LURUACO,False,26578,80
0300022,0300,ATLANTICO,MALAMBO,False,95348,292
0300025,0300,ATLANTICO,MANATI,False,17149,52
0300028,0300,ATLANTICO,PALMAR DE VARELA,False,23802,73
0300031,0300,ATLANTICO,PIOJO,False,5949,19
0300034,0300,ATLANTICO,POLONUEVO,False,15079,46
0300035,0300,ATLANTICO,PONEDERA,False,21208,63
0300037,0300,ATLANTICO,PUERTO COLOMBIA,False,39265,121
0300040,0300,ATLANTICO,REPELON,False,22515,70
0300043,0300,ATLANTICO,SABANAGRANDE,False,26445,81
0300046,0300,ATLANTICO,SABANALARGA,False,76785,236
0300047,0300,ATLANTICO,SANTA LUCIA,False,13524,41
0300049,0300,ATLANTICO,SANTO TOMAS,False,27778,87
0300052,0300,ATLANTICO,SOLEDAD,False,340919,1049
0300055,0300,ATLANTICO,SUAN,False,11925,36
0300058,0300,ATLANTICO,TUBARA,False,10767,35
0300061,0300,ATLANTICO,USIACURI,False,9088,28
0500001,0500,BOLIVAR,CARTAGENA,False,865352,2641
0500004,0500,BOLIVAR,ACHI,False,18977,63
0500005,0500,BOLIVAR,ARENAL,False,7059,25
0500006,0500,BOLIVAR,ALTOS DEL ROSARIO,False,8527,27
0500007,0500,BOLIVAR,ARJONA,False,60230,175
0500009,0500,BOLIVAR,ARROYO HONDO,False,10528,33
0500010,0500,BOLIVAR,BARRANCO DE LOBA,False,13138,41
0500013,0500,BOLIVAR,CALAMAR,False,21137,64
0500014,0500,BOLIVAR,CANTAGALLO,False,8337,26
0500015,0500,BOLIVAR,CICUCO,False,11730,36
0500016,0500,BOLIVAR,CORDOBA,False,15570,49
0500018,0500,BOLIVAR,CLEMENCIA,False,13098,41
0500022,0500,BOLIVAR,EL CARMEN DE BOLIVAR,False,62634,197
0500025,0500,BOLIVAR,EL GUAMO,False,8386,28
0500026,0500,BOLIVAR,HATILLO DE LOBA,False,12501,39
0500027,0500,BOLIVAR,EL PEÑON,False,6872,22
0500028,0500,BOLIVAR,MAGANGUE,False,106180,322
0500031,0500,BOLIVAR,MAHATES,False,23021,69
0500037,0500,BOLIVAR,MARGARITA,False,10645,35
0500040,0500,BOLIVAR,MARIA LA BAJA,False,45577,142
0500041,0500,BOLIVAR,MONTECRISTO,False,10814,38
0500043,0500,BOLIVAR,MOMPOS,False,40405,130
0500044,0500,BOLIVAR,MORALES,False,13126,44
0500050,0500,BOLIVAR,NOROSI,False,5332,20
0500059,0500,BOLIVAR,PINILLOS,False,19357,66
0500063,0500,BOLIVAR,REGIDOR,False,5710,20
0500065,0500,BOLIVAR,RIOVIEJO,False,7079,25
0500070,0500,BOLIVAR,SAN ESTANISLAO,False,16593,49
0500072,0500,BOLIVAR,SAN CRISTOBAL,False,8168,25
0500073,0500,BOLIVAR,SAN FERNANDO,False,10290,36
0500076,0500,BOLIVAR,SAN JACINTO,False,22377,72
0500078,0500,BOLIVAR,SAN JACINTO DEL CAUCA,False,7533,25
0500079,0500,BOLIVAR,SAN JUAN NEPOMUCENO,False,33286,105
0500082,0500,BOLIVAR,SAN MARTIN DE LOBA,False,13104,41
0500084,0500,BOLIVAR,SAN PABLO,False,21201,68
0500091,0500,BOLIVAR,SANTA CATALINA,False,14322,43
0500094,0500,BOLIVAR,SANTA ROSA,False,17470,53
0500095,0500,BOLIVAR,SANTA ROSA DEL SUR,False,27650,89
0500097,0500,BOLIVAR,SIMITI,False,14135,51
0500106,0500,BOLIVAR,SOPLAVIENTO,False,9016,27
0500110,0500,BOLIVAR,TALAIGUA NUEVO,False,10684,35
0500113,0500,BOLIVAR,TIQUISIO (PTO. RICO),False,15502,52
0500118,0500,BOLIVAR,TURBACO,False,76485,220
0500121,0500,BOLIVAR,TURBANA,False,17049,53
0500124,0500,BOLIVAR,VILLANUEVA,False,17795,55
0500127,0500,BOLIVAR,ZAMBRANO,False,10186,32
0700001,0700,BOYACA,TUNJA,False,141698,424
0700007,0700,BOYACA,ALMEIDA,False,2014,7
0700008,0700,BOYACA,AQUITANIA (PUEBLOVIEJO),False,13225,47
0700010,0700,BOYACA,ARCABUCO,False,5254,16
0700013,0700,BOYACA,BELEN,False,7090,22
0700016,0700,BOYACA,BERBEO,False,1509,5
0700019,0700,BOYACA,BETEITIVA,False,1976,7
0700022,0700,BOYACA,BOAVITA,False,5047,17
0700025,0700,BOYACA,BOYACA,False,4600,14
0700028,0700,BOYACA,BRICEÑO,False,2497,8
0700031,0700,BOYACA,BUENAVISTA,False,5079,17
0700034,0700,BOYACA,BUSBANZA,False,1010,4
0700037,0700,BOYACA,CALDAS,False,3292,13
0700040,0700,BOYACA,CAMPOHERMOSO,False,2454,9
0700043,0700,BOYACA,CERINZA,False,3685,12
0700046,0700,BOYACA,CIENEGA,False,3947,12
0700049,0700,BOYACA,COMBITA,False,10139,32
0700052,0700,BOYACA,COPER,False,3291,13
0700055,0700,BOYACA,CORRALES,False,2424,8
0700058,0700,BOYACA,COVARACHIA,False,3433,12
0700059,0700,BOYACA,CUBARA,False,7044,23
0700060,0700,BOYACA,CUCAITA,False,3473,11
0700061,0700,BOYACA,CUITIVA,False,1904,6
0700064,0700,BOYACA,CHINAVITA,False,3145,10
0700067,0700,BOYACA,CHIQUINQUIRA,False,44576,139
0700068,0700,BOYACA,CHIQUIZA,False,4800,16
0700070,0700,BOYACA,CHISCAS,False,3319,11
0700073,0700,BOYACA,CHITA,False,6500,24
0700076,0700,BOYACA,CHITARAQUE,False,5881,19
0700077,0700,BOYACA,CHIVATA,False,3338,10
0700078,0700,BOYACA,CHIVOR,False,1851,7
0700079,0700,BOYACA,DUITAMA,False,97678,287
0700082,0700,BOYACA,EL COCUY,False,3486,12
0700085,0700,BOYACA,EL ESPINO,False,2289,8
0700088,0700,BOYACA,FIRAVITOBA,False,6131,20
0700091,0700,BOYACA,FLORESTA,False,3561,12
0700094,0700,BOYACA,GACHANTIVA,False,3056,10
0700097,0700,BOYACA,GAMEZA,False,4125,14
0700100,0700,BOYACA,GARAGOA,False,12682,41
0700103,0700,BOYACA,GUACAMAYAS,False,1616,5
0700106,0700,BOYACA,GUATEQUE,False,9329,29
0700109,0700,BOYACA,GUAYATA,False,3949,12
0700112,0700,BOYACA,GUICAN,False,3173,12
0700118,0700,BOYACA,IZA,False,2320,7
0700121,0700,BOYACA,JENESANO,False,6452,20
0700124,0700,BOYACA,JERICO,False,3436,12
0700127,0700,BOYACA,LABRANZAGRANDE,False,3185,10
0700130,0700,BOYACA,LA CAPILLA,False,2517,8
0700136,0700,BOYACA,LA UVITA,False,2512,9
0700137,0700,BOYACA,LA VICTORIA,False,1631,7
0700139,0700,BOYACA,VILLA DE LEIVA,False,13752,42
0700142,0700,BOYACA,MACANAL,False,3677,12
0700148,0700,BOYACA,MARIPI,False,6078,20
0700151,0700,BOYACA,MIRAFLORES,False,7765,24
0700154,0700,BOYACA,MONGUA,False,4176,13
0700157,0700,BOYACA,MONGUI,False,4026,13
0700160,0700,BOYACA,MONIQUIRA,False,19917,61
0700161,0700,BOYACA,MOTAVITA,False,5886,19
0700163,0700,BOYACA,MUZO,False,7704,26
0700166,0700,BOYACA,NOBSA,False,13741,42
0700169,0700,BOYACA,NUEVO COLON,False,4998,15
0700173,0700,BOYACA,OICATA,False,2888,9
0700176,0700,BOYACA,OTANCHE,False,7253,28
0700178,0700,BOYACA,PACHAVITA,False,1979,6
0700179,0700,BOYACA,PAEZ,False,2450,9
0700181,0700,BOYACA,PAIPA,False,30521,95
0700184,0700,BOYACA,PAJARITO,False,1779,7
0700187,0700,BOYACA,PANQUEBA,False,1607,5
0700190,0700,BOYACA,PAUNA,False,7067,23
0700193,0700,BOYACA,PAYA,False,1749,7
0700199,0700,BOYACA,PAZ DE RIO,False,4127,14
0700202,0700,BOYACA,PESCA,False,6588,21
0700205,0700,BOYACA,PISBA,False,1261,4
0700214,0700,BOYACA,PUERTO BOYACA,False,39982,125
0700215,0700,BOYACA,QUIPAMA,False,5141,18
0700217,0700,BOYACA,RAMIRIQUI,False,9526,30
0700220,0700,BOYACA,RAQUIRA,False,5564,18
0700223,0700,BOYACA,RONDON,False,2314,8
0700226,0700,BOYACA,SABOYA,False,10709,36
0700232,0700,BOYACA,SACHICA,False,4348,14
0700235,0700,BOYACA,SAMACA,False,16357,50
0700237,0700,BOYACA,SAN EDUARDO,False,1552,5
0700238,0700,BOYACA,SAN JOSE DE PARE,False,5642,19
0700241,0700,BOYACA,SAN LUIS DE GACENO,False,4281,16
0700247,0700,BOYACA,SAN MATEO,False,3606,11
0700248,0700,BOYACA,SAN MIGUEL DE SEMA,False,2910,9
0700249,0700,BOYACA,SAN PABLO DE BORBUR,False,6103,20
0700250,0700,BOYACA,SANTANA,False,7368,23
0700251,0700,BOYACA,SANTA MARIA,False,3202,12
0700253,0700,BOYACA,SANTA ROSA DE VITERBO,False,8921,28
0700256,0700,BOYACA,SANTA SOFIA,False,3290,10
0700259,0700,BOYACA,SATIVANORTE,False,2543,9
0700262,0700,BOYACA,SATIVASUR,False,1301,4
0700265,0700,BOYACA,SIACHOQUE,False,6371,20
0700268,0700,BOYACA,SOATA,False,7812,24
0700271,0700,BOYACA,SOCOTA,False,6004,21
0700274,0700,BOYACA,SOCHA,False,6907,23
0700277,0700,BOYACA,SOGAMOSO,False,101449,301
0700280,0700,BOYACA,SOMONDOCO,False,2898,9
0700281,0700,BOYACA,SORA,False,3023,10
0700282,0700,BOYACA,SORACA,False,6447,20
0700283,0700,BOYACA,SOTAQUIRA,False,6282,20
0700286,0700,BOYACA,SUSACON,False,2565,9
0700289,0700,BOYACA,SUTAMARCHAN,False,6320,19
0700292,0700,BOYACA,SUTATENZA,False,3946,12
0700298,0700,BOYACA,TASCO,False,5005,15
0700301,0700,BOYACA,TENZA,False,3642,11
0700304,0700,BOYACA,TIBANA,False,7677,25
0700307,0700,BOYACA,TIBASOSA,False,10294,31
0700310,0700,BOYACA,TINJACA,False,3128,10
0700311,0700,BOYACA,TIPACOQUE,False,3682,12
0700313,0700,BOYACA,TOCA,False,8116,25
0700316,0700,BOYACA,TOGUI,False,4538,14
0700319,0700,BOYACA,TOPAGA,False,3513,12
0700322,0700,BOYACA,TOTA,False,4546,15
0700324,0700,BOYACA,TUNUNGUA,False,1596,5
0700325,0700,BOYACA,TURMEQUE,False,5784,18
0700328,0700,BOYACA,TUTA,False,8597,27
0700331,0700,BOYACA,TUTAZA,False,2099,7
0700334,0700,BOYACA,UMBITA,False,5889,18
0700337,0700,BOYACA,VENTAQUEMADA,False,12079,37
0700340,0700,BOYACA,VIRACACHA,False,2553,8
0700346,0700,BOYACA,ZETAQUIRA,False,4666,14
0900001,0900,CALDAS,MANIZALES,False,348772,1065
0900004,0900,CALDAS,AGUADAS,False,19292,63
0900007,0900,CALDAS,ANSERMA,False,29710,96
0900013,0900,CALDAS,ARANZAZU,False,11416,40
0900022,0900,CALDAS,BELALCAZAR,False,10510,33
0900034,0900,CALDAS,CHINCHINA,False,47735,148
0900037,0900,CALDAS,FILADELFIA,False,9402,31
0900049,0900,CALDAS,LA DORADA,False,58225,183
0900052,0900,CALDAS,LA MERCED,False,5728,20
0900055,0900,CALDAS,MANZANARES,False,15777,51
0900058,0900,CALDAS,MARMATO,False,7793,25
0900061,0900,CALDAS,MARQUETALIA,False,12546,39
0900067,0900,CALDAS,MARULANDA,False,2421,9
0900076,0900,CALDAS,NEIRA,False,20188,65
0900078,0900,CALDAS,NORCASIA,False,6868,22
0900079,0900,CALDAS,PACORA,False,12207,42
0900082,0900,CALDAS,PALESTINA,False,15170,48
0900085,0900,CALDAS,PENSILVANIA,False,16830,55
0900103,0900,CALDAS,RIOSUCIO,False,41515,130
0900106,0900,CALDAS,RISARALDA,False,10724,34
0900109,0900,CALDAS,SALAMINA,False,15051,49
0900115,0900,CALDAS,SAMANA,False,16905,54
0900120,0900,CALDAS,SAN JOSE,False,5070,17
0900124,0900,CALDAS,SUPIA,False,24116,78
0900127,0900,CALDAS,VICTORIA,False,8601,28
0900130,0900,CALDAS,VILLAMARIA,False,48037,154
0900133,0900,CALDAS,VITERBO,False,13494,47
1100001,1100,CAUCA,POPAYAN,False,267293,801
1100004,1100,CAUCA,ALMAGUER,False,13202,45
1100005,1100,CAUCA,ARGELIA,False,22750,74
1100006,1100,CAUCA,BALBOA,False,17546,55
1100007,1100,CAUCA,BOLIVAR,False,30906,122
1100010,1100,CAUCA,BUENOS AIRES,False,18843,61
1100013,1100,CAUCA,CAJIBIO,False,27053,85
1100016,1100,CAUCA,CALDONO,False,26450,79
1100019,1100,CAUCA,CALOTO,False,21523,70
1100022,1100,CAUCA,CORINTO,False,19528,61
1100025,1100,CAUCA,EL TAMBO,False,38686,137
1100027,1100,CAUCA,FLORENCIA,False,5128,17
1100028,1100,CAUCA,GUAPI,False,19719,74
1100029,1100,CAUCA,GUACHENE,False,14880,48
1100031,1100,CAUCA,INZA,False,19578,65
1100034,1100,CAUCA,JAMBALO,False,10414,34
1100037,1100,CAUCA,LA SIERRA,False,9438,31
1100040,1100,CAUCA,LA VEGA,False,15469,54
1100043,1100,CAUCA,LOPEZ (MICAY),False,14067,62
1100046,1100,CAUCA,MERCADERES,False,14375,49
1100049,1100,CAUCA,MIRANDA,False,22350,72
1100052,1100,CAUCA,MORALES,False,23293,77
1100053,1100,CAUCA,PADILLA,False,7431,25
1100055,1100,CAUCA,PAEZ (BELALCAZAR),False,23079,81
1100058,1100,CAUCA,PATIA (EL BORDO),False,27951,93
1100060,1100,CAUCA,PIAMONTE,False,6824,26
1100061,1100,CAUCA,PIENDAMO,False,32510,105
1100064,1100,CAUCA,PUERTO TEJADA,False,35735,104
1100067,1100,CAUCA,PURACE (COCONUCO),False,10146,32
1100070,1100,CAUCA,ROSAS,False,8963,30
1100073,1100,CAUCA,SAN SEBASTIAN,False,7348,24
1100076,1100,CAUCA,SANTANDER DE QUILICHAO,False,86978,247
1100079,1100,CAUCA,SANTA ROSA,False,4311,19
1100082,1100,CAUCA,SILVIA,False,24867,81
1100085,1100,CAUCA,SOTARA (PAISPAMBA),False,7852,29
1100086,1100,CAUCA,SUCRE,False,6195,23
1100087,1100,CAUCA,SUAREZ,False,19307,62
1100088,1100,CAUCA,TIMBIO,False,28887,93
1100091,1100,CAUCA,TIMBIQUI,False,16363,61
1100094,1100,CAUCA,TORIBIO,False,21556,68
1100097,1100,CAUCA,TOTORO,False,13520,44
1100098,1100,CAUCA,VILLA RICA,False,15894,49
1200001,1200,CESAR,VALLEDUPAR,False,349551,1047
1200075,1200,CESAR,AGUACHICA,False,78338,245
1200150,1200,CESAR,AGUSTIN CODAZZI,False,54423,157
1200170,1200,CESAR,ASTREA,False,17189,53
1200180,1200,CESAR,BECERRIL,False,19915,62
1200200,1200,CESAR,BOSCONIA,False,33947,104
1200225,1200,CESAR,CURUMANI,False,31596,100
1200300,1200,CESAR,CHIMICHAGUA,False,26644,86
1200375,1200,CESAR,CHIRIGUANA,False,25314,77
1200410,1200,CESAR,EL COPEY,False,26359,82
1200415,1200,CESAR,EL PASO,False,29352,86
1200450,1200,CESAR,GAMARRA,False,11458,38
1200525,1200,CESAR,GONZALEZ,False,4922,19
1200600,1200,CESAR,LA GLORIA,False,11902,39
1200608,1200,CESAR,LA JAGUA DE IBIRICO,False,32951,101
1200625,1200,CESAR,MANAURE BALCON DEL CESAR (MANA,False,9357,31
1200650,1200,CESAR,PAILITAS,False,16794,52
1200700,1200,CESAR,PELAYA,False,17469,53
1200720,1200,CESAR,PUEBLO BELLO,False,23782,73
1200750,1200,CESAR,RIO DE ORO,False,16963,56
1200800,1200,CESAR,SAN ALBERTO,False,20487,65
1200825,1200,CESAR,LA PAZ,False,23907,74
1200850,1200,CESAR,SAN DIEGO,False,17333,55
1200875,1200,CESAR,SAN MARTIN,False,19805,63
1200900,1200,CESAR,TAMALAMEQUE,False,11595,38
1300001,1300,CORDOBA,MONTERIA,False,376892,1138
1300004,1300,CORDOBA,AYAPEL,False,36987,117
1300007,1300,CORDOBA,BUENAVISTA,False,19576,64
1300009,1300,CORDOBA,CANALETE,False,18357,58
1300010,1300,CORDOBA,CERETE,False,79395,238
1300013,1300,CORDOBA,CIENAGA DE ORO,False,49141,152
1300014,1300,CORDOBA,COTORRA (BONGO),False,16845,52
1300016,1300,CORDOBA,CHIMA,False,13686,43
1300019,1300,CORDOBA,CHINU,False,40765,137
1300020,1300,CORDOBA,LA APARTADA (FRONTERA),False,13126,41
1300022,1300,CORDOBA,LORICA,False,94814,287
1300023,1300,CORDOBA,LOS CORDOBAS,False,16858,56
1300024,1300,CORDOBA,MOMIL,False,15124,46
1300025,1300,CORDOBA,MONTELIBANO,False,63800,187
1300027,1300,CORDOBA,MOÑITOS,False,22402,69
1300028,1300,CORDOBA,PLANETA RICA,False,57839,162
1300031,1300,CORDOBA,PUEBLO NUEVO,False,28189,90
1300032,1300,CORDOBA,PUERTO LIBERTADOR,False,32875,102
1300033,1300,CORDOBA,PUERTO ESCONDIDO,False,20510,65
1300034,1300,CORDOBA,PURISIMA,False,14875,47
1300037,1300,CORDOBA,SAHAGUN,False,86638,271
1300040,1300,CORDOBA,SAN ANDRES DE SOTAVENTO,False,32798,99
1300043,1300,CORDOBA,SAN ANTERO,False,25053,78
1300046,1300,CORDOBA,SAN BERNARDO DEL VIENTO,False,29363,92
1300049,1300,CORDOBA,SAN CARLOS,False,22129,69
1300052,1300,CORDOBA,SAN JOSE DE URE,False,8745,31
1300055,1300,CORDOBA,SAN PELAYO,False,39286,116
1300058,1300,CORDOBA,TIERRALTA,False,73305,231
1300060,1300,CORDOBA,TUCHIN,False,28285,89
1300061,1300,CORDOBA,VALENCIA,False,29327,93
1500004,1500,CUNDINAMARCA,AGUA DE DIOS,False,10001,30
1500007,1500,CUNDINAMARCA,ALBAN,False,5545,17
1500010,1500,CUNDINAMARCA,ANAPOIMA,False,13487,41
1500013,1500,CUNDINAMARCA,ANOLAIMA,False,12351,38
1500016,1500,CUNDINAMARCA,ARBELAEZ,False,9943,31
1500019,1500,CUNDINAMARCA,BELTRAN,False,2278,7
1500022,1500,CUNDINAMARCA,BITUIMA,False,3023,11
1500025,1500,CUNDINAMARCA,BOJACA,False,7519,23
1500029,1500,CUNDINAMARCA,CABRERA,False,3687,12
1500030,1500,CUNDINAMARCA,CACHIPAY,False,9965,31
1500031,1500,CUNDINAMARCA,CAJICA,False,65041,201
1500034,1500,CUNDINAMARCA,CAPARRAPI,False,10960,37
1500037,1500,CUNDINAMARCA,CAQUEZA,False,15096,48
1500040,1500,CUNDINAMARCA,CARMEN DE CARUPA,False,6504,21
1500043,1500,CUNDINAMARCA,COGUA,False,16878,52
1500046,1500,CUNDINAMARCA,COTA,False,31160,96
1500049,1500,CUNDINAMARCA,CUCUNUBA,False,5394,17
1500052,1500,CUNDINAMARCA,CHAGUANI,False,4094,13
1500055,1500,CUNDINAMARCA,CHIA,False,120600,360
1500058,1500,CUNDINAMARCA,CHIPAQUE,False,8624,26
1500061,1500,CUNDINAMARCA,CHOACHI,False,12241,38
1500064,1500,CUNDINAMARCA,CHOCONTA,False,17107,53
1500067,1500,CUNDINAMARCA,EL COLEGIO,False,23977,73
1500070,1500,CUNDINAMARCA,EL PEÑON,False,4653,15
1500072,1500,CUNDINAMARCA,EL ROSAL,False,20092,61
1500076,1500,CUNDINAMARCA,FACATATIVA,False,104175,325
1500079,1500,CUNDINAMARCA,FOMEQUE,False,10062,32
1500085,1500,CUNDINAMARCA,FOSCA,False,5689,18
1500088,1500,CUNDINAMARCA,FUNZA,False,80065,250
1500091,1500,CUNDINAMARCA,FUQUENE,False,4312,13
1500094,1500,CUNDINAMARCA,FUSAGASUGA,False,122077,372
1500097,1500,CUNDINAMARCA,GACHALA,False,5309,19
1500100,1500,CUNDINAMARCA,GACHANCIPA,False,12669,38
1500103,1500,CUNDINAMARCA,GACHETA,False,9050,29
1500106,1500,CUNDINAMARCA,GAMA,False,3192,10
1500109,1500,CUNDINAMARCA,GIRARDOT,False,87859,267
1500112,1500,CUNDINAMARCA,GUACHETA,False,9599,30
1500115,1500,CUNDINAMARCA,GUADUAS,False,22959,77
1500118,1500,CUNDINAMARCA,GUASCA,False,12364,38
1500121,1500,CUNDINAMARCA,GUATAQUI,False,2802,9
1500124,1500,CUNDINAMARCA,GUATAVITA,False,5645,17
1500127,1500,CUNDINAMARCA,GUAYABAL DE SIQUIMA,False,4604,16
1500128,1500,CUNDINAMARCA,GUAYABETAL,False,4776,15
1500130,1500,CUNDINAMARCA,GUTIERREZ,False,2930,9
1500132,1500,CUNDINAMARCA,GRANADA,False,6720,21
1500133,1500,CUNDINAMARCA,JERUSALEN,False,2873,9
1500136,1500,CUNDINAMARCA,JUNIN,False,5499,18
1500139,1500,CUNDINAMARCA,LA CALERA,False,25398,80
1500142,1500,CUNDINAMARCA,LA MESA,False,27969,87
1500145,1500,CUNDINAMARCA,LA PALMA,False,8561,28
1500148,1500,CUNDINAMARCA,LA PEÑA,False,6159,20
1500151,1500,CUNDINAMARCA,LA VEGA,False,14488,44
1500154,1500,CUNDINAMARCA,LENGUAZAQUE,False,7635,24
1500157,1500,CUNDINAMARCA,MACHETA,False,6670,20
1500160,1500,CUNDINAMARCA,MADRID,False,88351,273
1500163,1500,CUNDINAMARCA,MANTA,False,4101,13
1500166,1500,CUNDINAMARCA,MEDINA,False,7047,26
1500169,1500,CUNDINAMARCA,MOSQUERA,False,95183,292
1500172,1500,CUNDINAMARCA,NARIÑO,False,2949,9
1500175,1500,CUNDINAMARCA,NEMOCON,False,11406,35
1500178,1500,CUNDINAMARCA,NILO,False,6502,20
1500181,1500,CUNDINAMARCA,NIMAIMA,False,3485,12
1500184,1500,CUNDINAMARCA,NOCAIMA,False,5445,17
1500190,1500,CUNDINAMARCA,PACHO,False,23708,75
1500193,1500,CUNDINAMARCA,PAIME,False,5243,16
1500196,1500,CUNDINAMARCA,PANDI,False,4431,14
1500198,1500,CUNDINAMARCA,PARATEBUENO (LA NAGUAYA),False,7847,26
1500199,1500,CUNDINAMARCA,PASCA,False,8587,26
1500202,1500,CUNDINAMARCA,PUERTO SALGAR,False,13515,42
1500205,1500,CUNDINAMARCA,PULI,False,2914,12
1500208,1500,CUNDINAMARCA,QUEBRADANEGRA,False,4380,14
1500211,1500,CUNDINAMARCA,QUETAME,False,5916,18
1500214,1500,CUNDINAMARCA,QUIPILE,False,6286,21
1500217,1500,CUNDINAMARCA,APULO,False,7408,23
1500218,1500,CUNDINAMARCA,RICAURTE,False,12965,40
1500220,1500,CUNDINAMARCA,SAN ANTONIO DEL TEQUENDAMA,False,9510,28
1500223,1500,CUNDINAMARCA,SAN BERNARDO,False,8031,25
1500226,1500,CUNDINAMARCA,SAN CAYETANO,False,4594,17
1500229,1500,CUNDINAMARCA,SAN FRANCISCO,False,9772,32
1500232,1500,CUNDINAMARCA,SAN JUAN DE RIOSECO,False,9293,30
1500235,1500,CUNDINAMARCA,SASAIMA,False,9608,30
1500238,1500,CUNDINAMARCA,SESQUILE,False,9646,30
1500239,1500,CUNDINAMARCA,SIBATE,False,28234,89
1500241,1500,CUNDINAMARCA,SILVANIA,False,20336,62
1500244,1500,CUNDINAMARCA,SIMIJACA,False,10353,33
1500247,1500,CUNDINAMARCA,SOACHA,False,339995,1036
1500250,1500,CUNDINAMARCA,SOPO,False,20770,65
1500256,1500,CUNDINAMARCA,SUBACHOQUE,False,13231,41
1500259,1500,CUNDINAMARCA,SUESCA,False,11887,38
1500262,1500,CUNDINAMARCA,SUPATA,False,4753,15
1500265,1500,CUNDINAMARCA,SUSA,False,5677,17
1500268,1500,CUNDINAMARCA,SUTATAUSA,False,4336,14
1500271,1500,CUNDINAMARCA,TABIO,False,18715,58
1500274,1500,CUNDINAMARCA,TAUSA,False,6385,21
1500277,1500,CUNDINAMARCA,TENA,False,7957,24
1500280,1500,CUNDINAMARCA,TENJO,False,19154,58
1500283,1500,CUNDINAMARCA,TIBACUY,False,4558,15
1500286,1500,CUNDINAMARCA,TIBIRITA,False,3069,10
1500289,1500,CUNDINAMARCA,TOCAIMA,False,13307,41
1500292,1500,CUNDINAMARCA,TOCANCIPA,False,40247,126
1500295,1500,CUNDINAMARCA,TOPAIPI,False,4509,14
1500298,1500,CUNDINAMARCA,UBALA,False,8911,35
1500301,1500,CUNDINAMARCA,UBAQUE,False,6364,20
1500304,1500,CUNDINAMARCA,UBATE,False,37178,119
1500307,1500,CUNDINAMARCA,UNE,False,6917,23
1500316,1500,CUNDINAMARCA,UTICA,False,5095,16
1500318,1500,CUNDINAMARCA,VENECIA,False,3876,14
1500319,1500,CUNDINAMARCA,VERGARA,False,7381,24
1500322,1500,CUNDINAMARCA,VIANI,False,4430,14
1500323,1500,CUNDINAMARCA,VILLAGOMEZ,False,2230,8
1500325,1500,CUNDINAMARCA,VILLAPINZON,False,14656,45
1500328,1500,CUNDINAMARCA,VILLETA,False,25365,81
1500331,1500,CUNDINAMARCA,VIOTA,False,12162,39
1500334,1500,CUNDINAMARCA,YACOPI,False,11173,39
1500337,1500,CUNDINAMARCA,ZIPACON,False,4387,13
1500340,1500,CUNDINAMARCA,ZIPAQUIRA,False,110079,336
1600001,1600,BOGOTA D.C.,BOGOTA. D.C.,False,6101479,18157
1700001,1700,CHOCO,QUIBDO,False,90105,283
1700002,1700,CHOCO,ATRATO (YUTO),False,8547,28
1700004,1700,CHOCO,ACANDI,False,10992,37
1700006,1700,CHOCO,ALTO BAUDO (PIE DE PATO),False,12065,54
1700007,1700,CHOCO,BAGADO,False,8536,31
1700008,1700,CHOCO,BAHIA SOLANO (MUTIS),False,9025,30
1700010,1700,CHOCO,BAJO BAUDO (PIZARRO),False,12582,45
1700011,1700,CHOCO,BOJAYA (BELLAVISTA),False,8904,36
1700012,1700,CHOCO,MEDIO ATRATO (BETE),False,7586,26
1700013,1700,CHOCO,CONDOTO,False,11446,42
1700014,1700,CHOCO,CERTEGUI,False,5148,18
1700015,1700,CHOCO,CARMEN DEL DARIEN,False,10346,38
1700016,1700,CHOCO,EL CARMEN,False,7297,24
1700017,1700,CHOCO,EL CANTON DEL SAN PABLO (MAN.,False,5990,19
1700019,1700,CHOCO,ISTMINA,False,24507,84
1700022,1700,CHOCO,JURADO,False,3918,14
1700025,1700,CHOCO,LLORO,False,9275,32
1700026,1700,CHOCO,MEDIO BAUDO (PUERTO MELUK),False,9759,37
1700027,1700,CHOCO,MEDIO SAN JUAN,False,8044,30
1700028,1700,CHOCO,NOVITA,False,6059,26
1700031,1700,CHOCO,NUQUI,False,7190,24
1700032,1700,CHOCO,RIO IRO,False,4751,20
1700034,1700,CHOCO,RIOSUCIO,False,14381,53
1700035,1700,CHOCO,RIO QUITO (PAIMADO),False,7611,25
1700037,1700,CHOCO,SAN JOSE DEL PALMAR,False,4409,22
1700038,1700,CHOCO,EL LITORAL DEL SAN JUAN,False,9216,43
1700040,1700,CHOCO,SIPI,False,3162,12
1700043,1700,CHOCO,TADO,False,14720,51
1700048,1700,CHOCO,UNGUIA,False,10345,34
1700060,1700,CHOCO,UNION PANAMERICANA (LAS ANIMAS,False,6087,22
1700082,1700,CHOCO,NUEVO BELEN DE BAJIRA,False,11740,40
1900001,1900,HUILA,NEIVA,False,297137,889
1900004,1900,HUILA,ACEVEDO,False,23574,71
1900007,1900,HUILA,AGRADO,False,8254,26
1900010,1900,HUILA,AIPE,False,16542,52
1900013,1900,HUILA,ALGECIRAS,False,18610,58
1900016,1900,HUILA,ALTAMIRA,False,3618,11
1900019,1900,HUILA,BARAYA,False,6535,22
1900022,1900,HUILA,CAMPOALEGRE,False,26480,83
1900025,1900,HUILA,TESALIA (CARNICERIAS),False,8901,28
1900028,1900,HUILA,COLOMBIA,False,7011,23
1900031,1900,HUILA,ELIAS,False,3966,13
1900034,1900,HUILA,GARZON,False,61202,180
1900037,1900,HUILA,GIGANTE,False,20915,65
1900040,1900,HUILA,GUADALUPE,False,14881,46
1900043,1900,HUILA,HOBO,False,6445,21
1900044,1900,HUILA,ISNOS,False,22687,70
1900046,1900,HUILA,IQUIRA,False,8016,26
1900047,1900,HUILA,LA ARGENTINA (PLATA VIEJA),False,13144,40
1900049,1900,HUILA,LA PLATA,False,47012,136
1900050,1900,HUILA,NATAGA,False,5486,17
1900051,1900,HUILA,OPORAPA,False,9185,29
1900052,1900,HUILA,PAICOL,False,5583,18
1900055,1900,HUILA,PALERMO,False,22614,68
1900056,1900,HUILA,PALESTINA,False,10299,32
1900058,1900,HUILA,PITAL,False,10687,33
1900061,1900,HUILA,PITALITO,False,113482,332
1900064,1900,HUILA,RIVERA,False,20202,63
1900067,1900,HUILA,SALADOBLANCO,False,10871,34
1900070,1900,HUILA,SAN AGUSTIN,False,27574,87
1900074,1900,HUILA,SANTA MARIA,False,8991,28
1900076,1900,HUILA,SUAZA,False,16518,50
1900079,1900,HUILA,TARQUI,False,13386,42
1900082,1900,HUILA,TELLO,False,11319,35
1900085,1900,HUILA,TERUEL,False,6931,22
1900088,1900,HUILA,TIMANA,False,17520,54
1900091,1900,HUILA,VILLAVIEJA,False,6980,22
1900094,1900,HUILA,YAGUARA,False,7182,23
2100001,2100,MAGDALENA,SANTA MARTA,False,409754,1233
2100008,2100,MAGDALENA,ALGARROBO,False,11238,36
2100010,2100,MAGDALENA,ARACATACA,False,30800,95
2100012,2100,MAGDALENA,ARIGUANI (EL DIFICIL),False,25008,77
2100013,2100,MAGDALENA,CERRO DE SAN ANTONIO,False,9224,30
2100015,2100,MAGDALENA,CHIVOLO,False,15899,49
2100016,2100,MAGDALENA,CIENAGA,False,94906,283
2100020,2100,MAGDALENA,CONCORDIA,False,12353,38
2100025,2100,MAGDALENA,EL BANCO,False,52945,162
2100028,2100,MAGDALENA,EL PIÑON,False,14304,46
2100030,2100,MAGDALENA,EL RETEN,False,16780,51
2100031,2100,MAGDALENA,FUNDACION,False,60685,176
2100040,2100,MAGDALENA,GUAMAL,False,25242,82
2100042,2100,MAGDALENA,NUEVA GRANADA,False,17402,54
2100046,2100,MAGDALENA,PEDRAZA,False,10946,32
2100048,2100,MAGDALENA,PIJIÑO DEL CARMEN,False,10074,36
2100049,2100,MAGDALENA,PIVIJAY,False,31480,96
2100052,2100,MAGDALENA,PLATO,False,44536,132
2100055,2100,MAGDALENA,PUEBLOVIEJO,False,22924,69
2100058,2100,MAGDALENA,REMOLINO,False,7788,26
2100060,2100,MAGDALENA,SABANAS DE SAN ANGEL,False,12694,43
2100067,2100,MAGDALENA,SALAMINA,False,8514,26
2100070,2100,MAGDALENA,SAN SEBASTIAN DE BUENAVISTA,False,18435,60
2100073,2100,MAGDALENA,SAN ZENON,False,9660,32
2100076,2100,MAGDALENA,SANTA ANA,False,18084,57
2100078,2100,MAGDALENA,SANTA BARBARA DE PINTO,False,9296,30
2100079,2100,MAGDALENA,SITIONUEVO,False,21755,66
2100085,2100,MAGDALENA,TENERIFE,False,12158,40
2100090,2100,MAGDALENA,ZAPAYAN,False,9187,30
2100095,2100,MAGDALENA,ZONA BANANERA (SEVILLA),False,51678,153
2300001,2300,NARIÑO,PASTO,False,315816,943
2300004,2300,NARIÑO,ALBAN (SAN JOSE),False,7545,26
2300007,2300,NARIÑO,ALDANA,False,6357,21
2300010,2300,NARIÑO,ANCUYA,False,7236,26
2300013,2300,NARIÑO,ARBOLEDA (BERRUECOS),False,6166,20
2300016,2300,NARIÑO,BARBACOAS,False,24403,94
2300017,2300,NARIÑO,BELEN,False,5511,18
2300019,2300,NARIÑO,BUESACO,False,19140,63
2300022,2300,NARIÑO,COLON (GENOVA),False,7233,25
2300025,2300,NARIÑO,CONSACA,False,9146,35
2300028,2300,NARIÑO,CONTADERO,False,6473,22
2300031,2300,NARIÑO,CORDOBA,False,11528,36
2300034,2300,NARIÑO,CUASPUD (CARLOSAMA),False,8245,26
2300037,2300,NARIÑO,CUMBAL,False,26841,83
2300038,2300,NARIÑO,CHACHAGUI,False,11544,37
2300039,2300,NARIÑO,CUMBITARA,False,7594,27
2300040,2300,NARIÑO,EL ROSARIO,False,7262,26
2300041,2300,NARIÑO,EL CHARCO,False,18282,62
2300043,2300,NARIÑO,EL TABLON,False,12393,36
2300044,2300,NARIÑO,EL PEÑOL,False,6072,21
2300046,2300,NARIÑO,EL TAMBO,False,12102,39
2300047,2300,NARIÑO,FRANCISCO PIZARRO (SALAHONDA),False,7037,26
2300049,2300,NARIÑO,FUNES,False,6062,21
2300052,2300,NARIÑO,GUACHUCAL,False,14949,47
2300055,2300,NARIÑO,GUAITARILLA,False,11274,37
2300058,2300,NARIÑO,GUALMATAN,False,5525,17
2300061,2300,NARIÑO,ILES,False,7655,25
2300064,2300,NARIÑO,IMUES,False,6858,26
2300067,2300,NARIÑO,IPIALES,False,106717,307
2300073,2300,NARIÑO,LA CRUZ,False,14221,48
2300076,2300,NARIÑO,LA FLORIDA,False,9588,32
2300077,2300,NARIÑO,LA LLANADA,False,4138,14
2300078,2300,NARIÑO,LA TOLA,False,5898,20
2300079,2300,NARIÑO,LA UNION,False,24337,82
2300080,2300,NARIÑO,LEIVA,False,9001,31
2300082,2300,NARIÑO,LINARES,False,8624,30
2300085,2300,NARIÑO,LOS ANDES (SOTOMAYOR),False,8149,27
2300088,2300,NARIÑO,MAGUI (PAYAN),False,7496,32
2300091,2300,NARIÑO,MALLAMA (PIEDRANCHA),False,6638,23
2300094,2300,NARIÑO,MOSQUERA,False,7294,27
2300095,2300,NARIÑO,OLAYA HERRERA,False,16628,55
2300096,2300,NARIÑO,NARIÑO,False,5198,17
2300097,2300,NARIÑO,OSPINA,False,6102,20
2300098,2300,NARIÑO,POLICARPA,False,12950,41
2300100,2300,NARIÑO,POTOSI,False,10164,37
2300101,2300,NARIÑO,PROVIDENCIA,False,5204,16
2300103,2300,NARIÑO,PUERRES,False,7874,25
2300106,2300,NARIÑO,PUPIALES,False,15725,47
2300109,2300,NARIÑO,RICAURTE,False,18993,65
2300112,2300,NARIÑO,ROBERTO PAYAN (SAN JOSE),False,10193,39
2300115,2300,NARIÑO,SAMANIEGO,False,23148,84
2300118,2300,NARIÑO,SANDONA,False,17496,55
2300120,2300,NARIÑO,SAN BERNARDO,False,6923,21
2300121,2300,NARIÑO,SAN LORENZO,False,13741,42
2300123,2300,NARIÑO,SAN PEDRO DE CARTAGO,False,5910,20
2300124,2300,NARIÑO,SAN PABLO,False,12045,42
2300125,2300,NARIÑO,SANTA BARBARA (ISCUANDE),False,8104,30
2300127,2300,NARIÑO,SANTACRUZ (GUACHAVES),False,8155,28
2300130,2300,NARIÑO,SAPUYES,False,5983,19
2300133,2300,NARIÑO,TAMINANGO,False,14142,45
2300136,2300,NARIÑO,TANGUA,False,10365,37
2300139,2300,NARIÑO,TUMACO,False,144630,525
2300142,2300,NARIÑO,TUQUERRES,False,36557,120
2300145,2300,NARIÑO,YACUANQUER,False,9177,30
2400001,2400,RISARALDA,PEREIRA,False,461611,1378
2400008,2400,RISARALDA,APIA,False,10855,35
2400013,2400,RISARALDA,BALBOA,False,5934,20
2400021,2400,RISARALDA,BELEN DE UMBRIA,False,22859,72
2400025,2400,RISARALDA,DOSQUEBRADAS,False,177873,547
2400029,2400,RISARALDA,GUATICA,False,11015,34
2400038,2400,RISARALDA,LA CELIA,False,6903,22
2400046,2400,RISARALDA,LA VIRGINIA,False,34276,98
2400054,2400,RISARALDA,MARSELLA,False,15820,51
2400062,2400,RISARALDA,MISTRATO,False,12825,41
2400070,2400,RISARALDA,PUEBLO RICO,False,12219,38
2400078,2400,RISARALDA,QUINCHIA,False,21760,68
2400086,2400,RISARALDA,SANTA ROSA DE CABAL,False,68634,199
2400094,2400,RISARALDA,SANTUARIO,False,12111,39
2500001,2500,NORTE DE SAN,CUCUTA,False,659655,1995
2500004,2500,NORTE DE SAN,ABREGO,False,25676,89
2500007,2500,NORTE DE SAN,ARBOLEDAS,False,7817,26
2500010,2500,NORTE DE SAN,BOCHALEMA,False,8756,29
2500013,2500,NORTE DE SAN,BUCARASICA,False,4503,15
2500016,2500,NORTE DE SAN,CACOTA,False,2702,9
2500019,2500,NORTE DE SAN,CACHIRA,False,7695,27
2500022,2500,NORTE DE SAN,CONVENCION,False,17059,57
2500025,2500,NORTE DE SAN,CUCUTILLA,False,7130,23
2500028,2500,NORTE DE SAN,CHINACOTA,False,16061,50
2500031,2500,NORTE DE SAN,CHITAGA,False,9297,32
2500034,2500,NORTE DE SAN,DURANIA,False,7055,23
2500036,2500,NORTE DE SAN,EL TARRA,False,16554,54
2500037,2500,NORTE DE SAN,EL CARMEN,False,11659,46
2500038,2500,NORTE DE SAN,EL ZULIA,False,25465,79
2500040,2500,NORTE DE SAN,GRAMALOTE,False,5854,19
2500043,2500,NORTE DE SAN,HACARI,False,8355,27
2500046,2500,NORTE DE SAN,HERRAN,False,5174,17
2500049,2500,NORTE DE SAN,LABATECA,False,5671,19
2500051,2500,NORTE DE SAN,LA ESPERANZA,False,10494,35
2500052,2500,NORTE DE SAN,LA PLAYA,False,7257,23
2500054,2500,NORTE DE SAN,LOS PATIOS,False,83885,259
2500055,2500,NORTE DE SAN,LOURDES,False,3761,12
2500058,2500,NORTE DE SAN,MUTISCUA,False,3404,11
2500061,2500,NORTE DE SAN,OCAÑA,False,91011,285
2500064,2500,NORTE DE SAN,PAMPLONA,False,49561,155
2500067,2500,NORTE DE SAN,PAMPLONITA,False,4496,14
2500069,2500,NORTE DE SAN,PUERTO SANTANDER,False,20694,64
2500070,2500,NORTE DE SAN,RAGONVALIA,False,10138,32
2500073,2500,NORTE DE SAN,SALAZAR,False,10240,34
2500076,2500,NORTE DE SAN,SAN CALIXTO,False,8775,33
2500079,2500,NORTE DE SAN,SAN CAYETANO,False,10248,32
2500082,2500,NORTE DE SAN,SANTIAGO,False,5330,17
2500085,2500,NORTE DE SAN,SARDINATA,False,20950,75
2500088,2500,NORTE DE SAN,SILOS,False,4799,16
2500091,2500,NORTE DE SAN,TEORAMA,False,12267,40
2500093,2500,NORTE DE SAN,TIBU,False,46331,144
2500094,2500,NORTE DE SAN,TOLEDO,False,13432,45
2500097,2500,NORTE DE SAN,VILLA CARO,False,4160,14
2500100,2500,NORTE DE SAN,VILLA DEL ROSARIO,False,109337,336
2600001,2600,QUINDIO,ARMENIA,False,281077,845
2600005,2600,QUINDIO,BUENAVISTA,False,2753,9
2600010,2600,QUINDIO,CALARCA,False,62979,191
2600020,2600,QUINDIO,CIRCASIA,False,24524,79
2600025,2600,QUINDIO,CORDOBA,False,5632,17
2600030,2600,QUINDIO,FILANDIA,False,11022,35
2600040,2600,QUINDIO,GENOVA,False,7471,24
2600050,2600,QUINDIO,LA TEBAIDA,False,30764,94
2600060,2600,QUINDIO,MONTENEGRO,False,35335,110
2600070,2600,QUINDIO,PIJAO,False,5835,19
2600080,2600,QUINDIO,QUIMBAYA,False,31021,91
2600090,2600,QUINDIO,SALENTO,False,6130,21
2700001,2700,SANTANDER,BUCARAMANGA,False,527461,1621
2700004,2700,SANTANDER,AGUADA,False,1566,5
2700007,2700,SANTANDER,ALBANIA,False,3681,15
2700010,2700,SANTANDER,ARATOCA,False,7239,22
2700013,2700,SANTANDER,BARBOSA,False,27490,86
2700016,2700,SANTANDER,BARICHARA,False,7874,24
2700019,2700,SANTANDER,BARRANCABERMEJA,False,191130,595
2700022,2700,SANTANDER,BETULIA,False,4582,16
2700025,2700,SANTANDER,BOLIVAR,False,8283,35
2700028,2700,SANTANDER,CABRERA,False,1842,6
2700031,2700,SANTANDER,CALIFORNIA,False,1861,6
2700034,2700,SANTANDER,CAPITANEJO,False,5146,16
2700037,2700,SANTANDER,CARCASI,False,3803,16
2700040,2700,SANTANDER,CEPITA,False,2187,11
2700043,2700,SANTANDER,CERRITO,False,5656,20
2700045,2700,SANTANDER,CIMITARRA,False,30233,98
2700046,2700,SANTANDER,CONCEPCION,False,5328,20
2700049,2700,SANTANDER,CONFINES,False,2908,10
2700052,2700,SANTANDER,CONTRATACION,False,3111,10
2700055,2700,SANTANDER,COROMORO,False,4432,14
2700058,2700,SANTANDER,CURITI,False,10646,36
2700061,2700,SANTANDER,CHARALA,False,10415,34
2700064,2700,SANTANDER,CHARTA,False,3523,13
2700067,2700,SANTANDER,CHIMA,False,2633,9
2700070,2700,SANTANDER,CHIPATA,False,4459,14
2700071,2700,SANTANDER,EL CARMEN,False,12571,44
2700073,2700,SANTANDER,EL GUACAMAYO,False,1702,6
2700074,2700,SANTANDER,EL PLAYON,False,13378,46
2700075,2700,SANTANDER,EL PEÑON,False,4066,17
2700076,2700,SANTANDER,ENCINO,False,2267,8
2700079,2700,SANTANDER,ENCISO,False,3574,16
2700080,2700,SANTANDER,FLORIAN,False,6222,22
2700082,2700,SANTANDER,FLORIDABLANCA,False,220850,682
2700085,2700,SANTANDER,GALAN,False,2727,14
2700088,2700,SANTANDER,GAMBITA,False,3574,13
2700091,2700,SANTANDER,GIRON,False,132989,416
2700094,2700,SANTANDER,GUACA,False,5763,23
2700097,2700,SANTANDER,GUADALUPE,False,4475,16
2700100,2700,SANTANDER,GUAPOTA,False,2074,7
2700103,2700,SANTANDER,GUAVATA,False,4699,15
2700106,2700,SANTANDER,GUEPSA,False,4554,14
2700109,2700,SANTANDER,HATO,False,2202,8
2700112,2700,SANTANDER,JESUS MARIA,False,3528,12
2700115,2700,SANTANDER,JORDAN,False,1421,6
2700118,2700,SANTANDER,LA PAZ,False,4206,14
2700119,2700,SANTANDER,LA BELLEZA,False,5973,19
2700120,2700,SANTANDER,LANDAZURI,False,10484,36
2700121,2700,SANTANDER,LEBRIJA,False,37185,117
2700124,2700,SANTANDER,LOS SANTOS,False,10604,34
2700127,2700,SANTANDER,MACARAVITA,False,2397,8
2700130,2700,SANTANDER,MALAGA,False,16811,56
2700133,2700,SANTANDER,MATANZA,False,5424,18
2700136,2700,SANTANDER,MOGOTES,False,8356,29
2700139,2700,SANTANDER,MOLAGAVITA,False,3987,17
2700142,2700,SANTANDER,OCAMONTE,False,4146,13
2700145,2700,SANTANDER,OIBA,False,10114,33
2700148,2700,SANTANDER,ONZAGA,False,3669,14
2700151,2700,SANTANDER,PALMAR,False,1618,6
2700154,2700,SANTANDER,PALMAS DEL SOCORRO,False,2669,8
2700157,2700,SANTANDER,PARAMO,False,4027,13
2700160,2700,SANTANDER,PIEDECUESTA,False,131233,414
2700163,2700,SANTANDER,PINCHOTE,False,3899,12
2700166,2700,SANTANDER,PUENTE NACIONAL,False,13402,46
2700167,2700,SANTANDER,PUERTO PARRA,False,6692,22
2700169,2700,SANTANDER,PUERTO WILCHES,False,26678,85
2700172,2700,SANTANDER,RIONEGRO,False,25122,86
2700174,2700,SANTANDER,SABANA DE TORRES,False,25382,78
2700175,2700,SANTANDER,SAN ANDRES,False,6851,27
2700178,2700,SANTANDER,SAN BENITO,False,3012,10
2700181,2700,SANTANDER,SAN GIL,False,46971,153
2700184,2700,SANTANDER,SAN JOAQUIN,False,2306,7
2700187,2700,SANTANDER,SAN JOSE DE MIRANDA,False,4505,17
2700190,2700,SANTANDER,SAN MIGUEL,False,2286,11
2700193,2700,SANTANDER,SAN VICENTE DE CHUCURI,False,25405,82
2700194,2700,SANTANDER,SANTA HELENA DEL OPON,False,3461,12
2700195,2700,SANTANDER,SANTA BARBARA,False,2417,9
2700196,2700,SANTANDER,SIMACOTA,False,6503,23
2700199,2700,SANTANDER,SOCORRO,False,25701,79
2700202,2700,SANTANDER,SUAITA,False,8928,28
2700205,2700,SANTANDER,SUCRE,False,5765,23
2700208,2700,SANTANDER,SURATA,False,3705,14
2700211,2700,SANTANDER,TONA,False,5819,19
2700217,2700,SANTANDER,VALLE DE SAN JOSE,False,5307,17
2700219,2700,SANTANDER,VETAS,False,1493,5
2700220,2700,SANTANDER,VELEZ,False,16952,54
2700221,2700,SANTANDER,VILLANUEVA,False,7353,23
2700223,2700,SANTANDER,ZAPATOCA,False,8402,26
2800001,2800,SUCRE,SINCELEJO,False,223915,665
2800010,2800,SUCRE,BUENAVISTA,False,10575,33
2800020,2800,SUCRE,CAIMITO,False,10629,37
2800030,2800,SUCRE,COLOSO (RICAURTE),False,8778,28
2800040,2800,SUCRE,COROZAL,False,51338,161
2800041,2800,SUCRE,COVEÑAS,False,15270,47
2800042,2800,SUCRE,EL ROBLE,False,9931,37
2800045,2800,SUCRE,CHALAN,False,5192,17
2800048,2800,SUCRE,GALERAS (NUEVA GRANADA),False,18720,59
2800049,2800,SUCRE,GUARANDA,False,15527,53
2800050,2800,SUCRE,LA UNION,False,11288,35
2800055,2800,SUCRE,LOS PALMITOS,False,20315,63
2800060,2800,SUCRE,MAJAGUAL,False,30567,102
2800080,2800,SUCRE,MORROA,False,15882,52
2800100,2800,SUCRE,OVEJAS,False,23534,76
2800120,2800,SUCRE,PALMITO,False,13249,41
2800160,2800,SUCRE,SAMPUES,False,36814,118
2800180,2800,SUCRE,SAN BENITO ABAD,False,21765,74
2800190,2800,SUCRE,SAN JUAN DE BETULIA (BETULIA),False,12438,40
2800200,2800,SUCRE,SAN MARCOS,False,48859,153
2800220,2800,SUCRE,SAN ONOFRE,False,47932,158
2800240,2800,SUCRE,SAN PEDRO,False,17966,55
2800260,2800,SUCRE,SINCE,False,28071,90
2800280,2800,SUCRE,SUCRE,False,21965,79
2800300,2800,SUCRE,TOLU,False,26427,84
2800320,2800,SUCRE,TOLUVIEJO,False,21639,68
2900001,2900,TOLIMA,IBAGUE,False,470989,1425
2900004,2900,TOLIMA,ALPUJARRA,False,3888,16
2900007,2900,TOLIMA,ALVARADO,False,9238,30
2900010,2900,TOLIMA,AMBALEMA,False,6802,24
2900013,2900,TOLIMA,ANZOATEGUI,False,8904,28
2900016,2900,TOLIMA,ARMERO (GUAYABAL),False,10696,35
2900019,2900,TOLIMA,ATACO,False,17005,56
2900022,2900,TOLIMA,CAJAMARCA,False,17376,56
2900025,2900,TOLIMA,CARMEN DE APICALA,False,10546,34
2900028,2900,TOLIMA,CASABIANCA,False,5799,19
2900031,2900,TOLIMA,COELLO,False,8512,28
2900034,2900,TOLIMA,COYAIMA,False,19041,60
2900037,2900,TOLIMA,CUNDAY,False,7382,25
2900040,2900,TOLIMA,CHAPARRAL,False,42544,127
2900043,2900,TOLIMA,DOLORES,False,7299,25
2900046,2900,TOLIMA,ESPINAL,False,63329,190
2900049,2900,TOLIMA,FALAN,False,6379,21
2900052,2900,TOLIMA,FLANDES,False,19925,61
2900055,2900,TOLIMA,FRESNO,False,28675,94
2900058,2900,TOLIMA,GUAMO,False,26744,85
2900061,2900,TOLIMA,HERVEO,False,5946,21
2900064,2900,TOLIMA,HONDA,False,22935,63
2900067,2900,TOLIMA,ICONONZO,False,9588,30
2900070,2900,TOLIMA,LERIDA,False,15792,50
2900073,2900,TOLIMA,LIBANO,False,34460,100
2900076,2900,TOLIMA,MARIQUITA,False,30588,96
2900079,2900,TOLIMA,MELGAR,False,33147,104
2900080,2900,TOLIMA,MURILLO,False,3871,13
2900082,2900,TOLIMA,NATAGAIMA,False,15378,49
2900085,2900,TOLIMA,ORTEGA,False,24250,80
2900087,2900,TOLIMA,PALOCABILDO,False,8737,27
2900088,2900,TOLIMA,PIEDRAS,False,5803,19
2900089,2900,TOLIMA,PLANADAS,False,24824,78
2900091,2900,TOLIMA,PRADO,False,8087,27
2900094,2900,TOLIMA,PURIFICACION,False,20752,65
2900097,2900,TOLIMA,RIOBLANCO,False,18580,61
2900100,2900,TOLIMA,RONCESVALLES,False,4538,15
2900103,2900,TOLIMA,ROVIRA,False,21980,73
2900105,2900,TOLIMA,SALDAÑA,False,13293,41
2900106,2900,TOLIMA,SAN ANTONIO,False,10953,34
2900109,2900,TOLIMA,SAN LUIS,False,12517,42
2900112,2900,TOLIMA,SANTA ISABEL,False,5940,25
2900115,2900,TOLIMA,SUAREZ,False,4801,18
2900118,2900,TOLIMA,VALLE DE SAN JUAN,False,4946,16
2900121,2900,TOLIMA,VENADILLO,False,12089,41
2900124,2900,TOLIMA,VILLAHERMOSA,False,7191,26
2900127,2900,TOLIMA,VILLARRICA,False,5291,18
3100001,3100,VALLE,CALI,False,1841675,5443
3100004,3100,VALLE,ALCALA,False,12566,40
3100007,3100,VALLE,ANDALUCIA,False,20083,62
3100010,3100,VALLE,ANSERMANUEVO,False,19000,67
3100013,3100,VALLE,ARGELIA,False,5932,21
3100016,3100,VALLE,BOLIVAR,False,13470,47
3100019,3100,VALLE,BUENAVENTURA,False,237167,730
3100022,3100,VALLE,BUGA,False,110301,354
3100025,3100,VALLE,BUGALAGRANDE,False,21147,70
3100028,3100,VALLE,CAICEDONIA,False,27806,91
3100031,3100,VALLE,CANDELARIA,False,85518,246
3100034,3100,VALLE,CARTAGO,False,122473,373
3100037,3100,VALLE,DAGUA,False,38596,123
3100040,3100,VALLE,CALIMA (DARIEN),False,15597,56
3100043,3100,VALLE,EL AGUILA,False,7842,33
3100046,3100,VALLE,EL CAIRO,False,6649,25
3100049,3100,VALLE,EL CERRITO,False,56586,175
3100052,3100,VALLE,EL DOVIO,False,10688,39
3100055,3100,VALLE,FLORIDA,False,55334,169
3100058,3100,VALLE,GINEBRA,False,19342,60
3100061,3100,VALLE,GUACARI,False,30357,94
3100064,3100,VALLE,JAMUNDI,False,127267,381
3100067,3100,VALLE,LA CUMBRE,False,14347,47
3100070,3100,VALLE,LA UNION,False,28487,93
3100073,3100,VALLE,LA VICTORIA,False,11743,37
3100076,3100,VALLE,OBANDO,False,11129,37
3100079,3100,VALLE,PALMIRA,False,290179,885
3100082,3100,VALLE,PRADERA,False,42926,138
3100085,3100,VALLE,RESTREPO,False,16362,55
3100088,3100,VALLE,RIOFRIO,False,16195,50
3100091,3100,VALLE,ROLDANILLO,False,31633,109
3100094,3100,VALLE,SAN PEDRO,False,15356,54
3100097,3100,VALLE,SEVILLA,False,38319,120
3100100,3100,VALLE,TORO,False,13046,46
3100103,3100,VALLE,TRUJILLO,False,16992,58
3100106,3100,VALLE,TULUA,False,175038,534
3100109,3100,VALLE,ULLOA,False,5508,19
3100112,3100,VALLE,VERSALLES,False,7622,33
3100115,3100,VALLE,VIJES,False,11440,38
3100118,3100,VALLE,YOTOCO,False,15794,52
3100121,3100,VALLE,YUMBO,False,113020,343
3100124,3100,VALLE,ZARZAL,False,40245,124
4000001,4000,ARAUCA,ARAUCA,False,83651,260
4000005,4000,ARAUCA,TAME,False,39873,127
4000010,4000,ARAUCA,ARAUQUITA,False,36726,115
4000015,4000,ARAUCA,CRAVO NORTE,False,3804,12
4000017,4000,ARAUCA,FORTUL,False,13998,44
4000020,4000,ARAUCA,PUERTO RONDON,False,4051,13
4000025,4000,ARAUCA,SARAVENA,False,41277,128
4400001,4400,CAQUETA,FLORENCIA,False,138633,420
4400002,4400,CAQUETA,ALBANIA,False,4530,14
4400003,4400,CAQUETA,CARTAGENA DEL CHAIRA,False,24481,73
4400004,4400,CAQUETA,BELEN DE LOS ANDAQUIES,False,8562,27
4400005,4400,CAQUETA,EL DONCELLO,False,16267,52
4400006,4400,CAQUETA,EL PAUJIL,False,11828,36
4400007,4400,CAQUETA,LA MONTAÑITA,False,13017,40
4400009,4400,CAQUETA,PUERTO RICO,False,20215,63
4400010,4400,CAQUETA,SAN VICENTE DEL CAGUAN,False,41955,133
4400012,4400,CAQUETA,CURILLO,False,7866,25
4400016,4400,CAQUETA,MILAN,False,6940,24
4400017,4400,CAQUETA,MORELIA,False,4052,15
4400020,4400,CAQUETA,SAN JOSE DEL FRAGUA,False,10921,35
4400022,4400,CAQUETA,SOLANO,False,9026,32
4400024,4400,CAQUETA,SOLITA,False,6245,20
4400040,4400,CAQUETA,VALPARAISO,False,5915,19
4600001,4600,CASANARE,YOPAL,False,135664,424
4600040,4600,CASANARE,AGUAZUL,False,29916,94
4600120,4600,CASANARE,CHAMEZA,False,1856,6
4600320,4600,CASANARE,HATO COROZAL,False,7960,34
4600480,4600,CASANARE,LA SALINA,False,1021,4
4600520,4600,CASANARE,MANI,False,12008,42
4600540,4600,CASANARE,MONTERREY,False,12638,41
4600560,4600,CASANARE,NUNCHIA,False,6608,27
4600640,4600,CASANARE,OROCUE,False,8928,31
4600680,4600,CASANARE,PAZ DE ARIPORO (MORENO),False,28252,90
4600700,4600,CASANARE,PORE,False,8477,27
4600760,4600,CASANARE,RECETOR,False,1231,5
4600800,4600,CASANARE,SABANALARGA,False,2833,10
4600815,4600,CASANARE,SACAMA,False,1828,6
4600830,4600,CASANARE,SAN LUIS DE PALENQUE,False,6673,24
4600840,4600,CASANARE,TAMARA,False,4678,18
4600850,4600,CASANARE,TAURAMENA,False,20217,63
4600865,4600,CASANARE,TRINIDAD,False,10067,36
4600880,4600,CASANARE,VILLANUEVA,False,28143,88
4800001,4800,LA GUAJIRA,RIOHACHA,False,158474,494
4800002,4800,LA GUAJIRA,ALBANIA,False,21600,64
4800004,4800,LA GUAJIRA,BARRANCAS,False,27343,84
4800005,4800,LA GUAJIRA,DIBULLA,False,23960,74
4800006,4800,LA GUAJIRA,EL MOLINO,False,8988,27
4800007,4800,LA GUAJIRA,FONSECA,False,32543,103
4800008,4800,LA GUAJIRA,DISTRACCION,False,11169,35
4800009,4800,LA GUAJIRA,HATONUEVO,False,16449,51
4800010,4800,LA GUAJIRA,MAICAO,False,143165,419
4800011,4800,LA GUAJIRA,MANAURE,False,63035,188
4800012,4800,LA GUAJIRA,LA JAGUA DEL PILAR,False,5137,16
4800013,4800,LA GUAJIRA,SAN JUAN DEL CESAR,False,37031,120
4800016,4800,LA GUAJIRA,URIBIA,False,129879,387
4800018,4800,LA GUAJIRA,URUMITA,False,9448,30
4800020,4800,LA GUAJIRA,VILLANUEVA,False,20650,63
5000001,5000,GUAINIA,INIRIDA,False,27944,88
5000070,5000,GUAINIA,BARRANCOMINAS,False,5403,19
5000073,5000,GUAINIA,CACAHUAL,False,267,1
5000078,5000,GUAINIA,LA GUADALUPE,False,213,1
5000083,5000,GUAINIA,MORICHAL (MORICHAL NUEVO),False,236,1
5000087,5000,GUAINIA,PANA PANA (CAMPO ALEGRE),False,633,4
5000090,5000,GUAINIA,PUERTO COLOMBIA,False,1300,5
5000092,5000,GUAINIA,SAN FELIPE,False,933,3
5200001,5200,META,VILLAVICENCIO,False,405921,1236
5200005,5200,META,ACACIAS,False,77155,233
5200006,5200,META,BARRANCA DE UPIA,False,5718,19
5200008,5200,META,CABUYARO,False,6197,20
5200010,5200,META,CASTILLA LA NUEVA,False,13351,41
5200015,5200,META,CUBARRAL,False,5761,18
5200020,5200,META,CUMARAL,False,19538,64
5200025,5200,META,EL CALVARIO,False,1557,8
5200027,5200,META,EL CASTILLO,False,6372,21
5200028,5200,META,EL DORADO,False,3826,13
5200030,5200,META,FUENTE DE ORO,False,10072,33
5200035,5200,META,GRANADA,False,60416,177
5200040,5200,META,GUAMAL,False,13621,42
5200041,5200,META,LA MACARENA,False,11689,37
5200042,5200,META,LEJANIAS,False,8982,28
5200043,5200,META,PUERTO GAITAN,False,56342,174
5200044,5200,META,MESETAS,False,9425,29
5200045,5200,META,PUERTO LOPEZ,False,26399,84
5200046,5200,META,MAPIRIPAN,False,6173,24
5200047,5200,META,PUERTO CONCORDIA,False,7480,23
5200048,5200,META,PUERTO LLERAS,False,7445,25
5200049,5200,META,PUERTO RICO,False,9675,31
5200050,5200,META,RESTREPO,False,17832,54
5200055,5200,META,SAN CARLOS DE GUAROA,False,9788,31
5200058,5200,META,SAN JUAN DE ARAMA,False,6428,22
5200059,5200,META,SAN JUANITO,False,1421,7
5200060,5200,META,SAN MARTIN DE LOS LLANOS,False,19048,62
5200074,5200,META,URIBE,False,7411,23
5200080,5200,META,VISTA HERMOSA,False,14544,48
5400001,5400,GUAVIARE,SAN JOSE DEL GUAVIARE,False,48750,156
5400003,5400,GUAVIARE,CALAMAR,False,7409,24
5400007,5400,GUAVIARE,EL RETORNO,False,10241,33
5400012,5400,GUAVIARE,MIRAFLORES,False,3747,15
5600001,5600,SAN ANDRES,SAN ANDRES,False,49218,151
5600004,5600,SAN ANDRES,PROVIDENCIA,False,4849,15
6000001,6000,AMAZONAS,LETICIA,False,45321,142
6000007,6000,AMAZONAS,PUERTO NARIÑO,False,5199,17
6000010,6000,AMAZONAS,EL ENCANTO,False,770,3
6000013,6000,AMAZONAS,LA CHORRERA,False,1159,4
6000016,6000,AMAZONAS,LA PEDRERA,False,1332,4
6000017,6000,AMAZONAS,LA VICTORIA,False,76,1
6000019,6000,AMAZONAS,MIRITI PARANA,False,553,3
6000021,6000,AMAZONAS,PUERTO SANTANDER,False,592,2
6000022,6000,AMAZONAS,TARAPACA,False,1602,6
6000030,6000,AMAZONAS,PUERTO ALEGRIA,False,292,1
6000040,6000,AMAZONAS,PUERTO ARICA,False,544,2
6400001,6400,PUTUMAYO,MOCOA,False,43210,141
6400002,6400,PUTUMAYO,PUERTO ASIS,False,53617,167
6400004,6400,PUTUMAYO,PUERTO LEGUIZAMO,False,16164,53
6400007,6400,PUTUMAYO,COLON,False,4806,15
6400013,6400,PUTUMAYO,SAN FRANCISCO,False,4942,16
6400016,6400,PUTUMAYO,SANTIAGO,False,6857,21
6400018,6400,PUTUMAYO,SAN MIGUEL (LA DORADA),False,15965,52
6400019,6400,PUTUMAYO,SIBUNDOY,False,11479,35
6400023,6400,PUTUMAYO,ORITO,False,32110,101
6400025,6400,PUTUMAYO,PUERTO GUZMAN,False,13086,45
6400026,6400,PUTUMAYO,PUERTO CAICEDO,False,10874,35
6400028,6400,PUTUMAYO,VALLE DEL GUAMUEZ (LA HORMIGA),False,30555,99
6400030,6400,PUTUMAYO,VILLAGARZON,False,21155,66
6800001,6800,VAUPES,MITU,False,20009,67
6800004,6800,VAUPES,CARURU,False,1774,6
6800010,6800,VAUPES,MORICHAL (PAPUNAGUA),False,183,2
6800013,6800,VAUPES,BUENOS AIRES (PACOA),False,1258,6
6800017,6800,VAUPES,TARAIRA,False,1876,6
6800022,6800,VAUPES,YAVARATE,False,1062,4
7200001,7200,VICHADA,PUERTO CARREÑO,False,21526,69
7200002,7200,VICHADA,SANTA ROSALIA,False,3503,13
7200006,7200,VICHADA,CUMARIBO,False,25597,93
7200008,7200,VICHADA,LA PRIMAVERA,False,7578,28
8800115,8800,CONSULADOS,GHANA,True,3663,8
8800120,8800,CONSULADOS,ALEMANIA,True,24793,40
8800130,8800,CONSULADOS,ARGELIA,True,3621,7
8800135,8800,CONSULADOS,AZERBAIYAN,True,3632,7
8800140,8800,CONSULADOS,CURAZAO,True,6219,10
8800155,8800,CONSULADOS,ARGENTINA,True,23954,41
8800160,8800,CONSULADOS,ARUBA,True,9772,15
8800165,8800,CONSULADOS,AUSTRALIA,True,39493,71
8800170,8800,CONSULADOS,AUSTRIA,True,5946,11
8800190,8800,CONSULADOS,BELGICA,True,8035,14
8800215,8800,CONSULADOS,BOLIVIA,True,5240,10
8800220,8800,CONSULADOS,BRASIL,True,25551,49
8800250,8800,CONSULADOS,CANADA,True,135810,209
8800275,8800,CONSULADOS,COREA DEL SUR,True,3973,7
8800285,8800,CONSULADOS,COSTA RICA,True,16548,26
8800290,8800,CONSULADOS,CUBA,True,4360,8
8800305,8800,CONSULADOS,CHILE,True,81136,121
8800315,8800,CONSULADOS,CHINA REPUBLICA POPULAR,True,15471,28
8800325,8800,CONSULADOS,DINAMARCA,True,4521,8
8800330,8800,CONSULADOS,ECUADOR,True,64553,106
8800335,8800,CONSULADOS,EGIPTO,True,3894,8
8800340,8800,CONSULADOS,EL SALVADOR,True,4346,9
8800350,8800,CONSULADOS,EMIRATOS ARABES UNIDOS,True,7600,13
8800355,8800,CONSULADOS,ESPAÑA,True,375821,574
8800360,8800,CONSULADOS,ESTADOS UNIDOS,True,540325,841
8800370,8800,CONSULADOS,REPUBLICA DE FILIPINAS,True,3771,7
8800375,8800,CONSULADOS,FINLANDIA,True,4102,7
8800380,8800,CONSULADOS,FRANCIA,True,71436,108
8800410,8800,CONSULADOS,GUATEMALA,True,5645,9
8800430,8800,CONSULADOS,HAITI,True,3625,7
8800435,8800,CONSULADOS,PAISES BAJOS,True,10507,21
8800440,8800,CONSULADOS,HONDURAS,True,4337,8
8800445,8800,CONSULADOS,HUNGRIA,True,3963,7
8800455,8800,CONSULADOS,INDIA,True,3682,7
8800460,8800,CONSULADOS,INDONESIA,True,3696,7
8800465,8800,CONSULADOS,INGLATERRA,True,45950,71
8800470,8800,CONSULADOS,IRLANDA,True,4336,8
8800490,8800,CONSULADOS,ISRAEL,True,5665,10
8800495,8800,CONSULADOS,ITALIA,True,24030,42
8800500,8800,CONSULADOS,JAMAICA,True,3900,8
8800505,8800,CONSULADOS,JAPON,True,6129,16
8800515,8800,CONSULADOS,KENIA,True,3703,7
8800535,8800,CONSULADOS,LIBANO,True,5031,9
8800560,8800,CONSULADOS,MALASIA,True,3753,7
8800580,8800,CONSULADOS,MARRUECOS,True,3663,7
8800590,8800,CONSULADOS,MEXICO,True,52063,83
8800620,8800,CONSULADOS,NICARAGUA,True,3874,7
8800625,8800,CONSULADOS,NUEVA ZELANDIA,True,5552,10
8800635,8800,CONSULADOS,NORUEGA,True,4619,8
8800655,8800,CONSULADOS,PANAMA,True,42185,72
8800665,8800,CONSULADOS,PARAGUAY,True,4273,7
8800670,8800,CONSULADOS,PERU,True,15639,25
8800675,8800,CONSULADOS,POLONIA,True,5905,11
8800680,8800,CONSULADOS,PORTUGAL,True,7671,13
8800683,8800,CONSULADOS,PUERTO RICO,True,5709,10
8800685,8800,CONSULADOS,REPUBLICA DOMINICANA,True,7163,12
8800688,8800,CONSULADOS,REPUBLICA DE SINGAPUR,True,3928,7
8800690,8800,CONSULADOS,REPUBLICA SOCIALISTA DE VIETNA,True,3673,7
8800700,8800,CONSULADOS,RUSIA,True,4406,8
8800745,8800,CONSULADOS,SUDAFRICA,True,3815,8
8800755,8800,CONSULADOS,SUECIA,True,12479,24
8800760,8800,CONSULADOS,SUIZA,True,11703,19
8800765,8800,CONSULADOS,TAILANDIA,True,3753,7
8800770,8800,CONSULADOS,TURQUIA,True,7603,14
8800785,8800,CONSULADOS,TRINIDAD Y TOBAGO,True,3881,9
8800805,8800,CONSULADOS,URUGUAY,True,4916,8
8800815,8800,CONSULADOS,VENEZUELA,True,222035,349
