codigo_mesa,ubigeo_distrito,nombre_distrito,ubigeo_provincia,nombre_provincia,ubigeo_dept,nombre_dept,is_exterior,electores_habiles,votos_emitidos,votos_validos,cand_01,cand_02,descripcion_error,Acta con error aritmético,Acta ilegible,Acta impugnada,Acta sin firmas
000213,010203,COPALLIN,010200,BAGUA,010000,AMAZONAS,False,230,0,0,40,95,,0,0,0,0
000229,010205,BAGUA,010200,BAGUA,010000,AMAZONAS,False,294,0,0,86,99,,0,0,0,0
000233,010205,BAGUA,010200,BAGUA,010000,AMAZONAS,False,294,0,0,91,119,,0,0,0,0
000276,010205,BAGUA,010200,BAGUA,010000,AMAZONAS,False,299,0,0,85,95,,0,0,0,0
000805,010701,BAGUA GRANDE,010700,UTCUBAMBA,010000,AMAZONAS,False,300,0,0,77,113,,0,0,0,0
000845,010701,BAGUA GRANDE,010700,UTCUBAMBA,010000,AMAZONAS,False,300,0,0,62,130,,0,0,0,0
000886,010701,BAGUA GRANDE,010700,UTCUBAMBA,010000,AMAZONAS,False,295,0,0,82,117,,0,0,0,0
000898,010701,BAGUA GRANDE,010700,UTCUBAMBA,010000,AMAZONAS,False,294,0,0,58,117,,0,0,0,0
000977,010704,EL MILAGRO,010700,UTCUBAMBA,010000,AMAZONAS,False,268,0,0,68,114,,0,0,0,0
001236,020102,INDEPENDENCIA,020100,HUARAZ,020000,ANCASH,False,300,0,0,92,125,,0,0,0,0
001287,020102,INDEPENDENCIA,020100,HUARAZ,020000,ANCASH,False,296,0,0,83,114,,0,0,0,0
001295,020102,INDEPENDENCIA,020100,HUARAZ,020000,ANCASH,False,271,0,0,52,124,,0,0,0,0
001960,020801,HUARI,020800,HUARI,020000,ANCASH,False,300,0,0,35,121,,0,0,0,0
001971,020801,HUARI,020800,HUARI,020000,ANCASH,False,297,0,0,45,128,,0,0,0,0
002043,020805,HUACHIS,020800,HUARI,020000,ANCASH,False,300,0,0,32,99,,0,0,0,0
002148,020813,SAN MARCOS,020800,HUARI,020000,ANCASH,False,300,0,0,56,130,,0,0,0,0
002196,020813,SAN MARCOS,020800,HUARI,020000,ANCASH,False,300,0,0,27,56,,0,0,0,0
002456,021301,CHIMBOTE,021300,SANTA,020000,ANCASH,False,300,0,0,130,90,Acta impugnada | Acta impugnada,0,0,1,0
002469,021301,CHIMBOTE,021300,SANTA,020000,ANCASH,False,300,0,0,124,101,,0,0,0,0
002583,021301,CHIMBOTE,021300,SANTA,020000,ANCASH,False,300,0,0,72,71,,0,0,0,0
002774,021301,CHIMBOTE,021300,SANTA,020000,ANCASH,False,300,0,0,91,101,Acta con error aritmético | Acta con error aritmético,1,0,0,0
002834,021301,CHIMBOTE,021300,SANTA,020000,ANCASH,False,300,0,0,114,91,,0,0,0,0
002915,021301,CHIMBOTE,021300,SANTA,020000,ANCASH,False,300,0,0,105,113,,0,0,0,0
003153,021307,SANTA,021300,SANTA,020000,ANCASH,False,300,0,0,96,101,,0,0,0,0
003419,021309,NUEVO CHIMBOTE,021300,SANTA,020000,ANCASH,False,300,0,0,104,125,Acta impugnada | Acta impugnada,0,0,1,0
003423,021309,NUEVO CHIMBOTE,021300,SANTA,020000,ANCASH,False,300,0,0,109,123,Acta impugnada | Acta impugnada,0,0,1,0
003608,021309,NUEVO CHIMBOTE,021300,SANTA,020000,ANCASH,False,300,0,0,100,116,Acta con error aritmético | Acta con error aritmético,1,0,0,0
003629,021309,NUEVO CHIMBOTE,021300,SANTA,020000,ANCASH,False,300,0,0,106,110,Acta ilegible | Acta ilegible,0,1,0,0
003777,021501,YUNGAY,021500,YUNGAY,020000,ANCASH,False,296,0,0,63,121,,0,0,0,0
004053,021901,HUARMEY,021900,HUARMEY,020000,ANCASH,False,300,0,0,104,97,,0,0,0,0
004070,021905,CULEBRAS,021900,HUARMEY,020000,ANCASH,False,294,0,0,128,72,,0,0,0,0
004189,030101,ABANCAY,030100,ABANCAY,030000,APURIMAC,False,300,0,0,71,129,Acta impugnada | Acta impugnada,0,0,1,0
004228,030101,ABANCAY,030100,ABANCAY,030000,APURIMAC,False,300,0,0,59,147,Acta impugnada | Acta impugnada,0,0,1,0
004692,030310,SAN JERONIMO,030300,ANDAHUAYLAS,030000,APURIMAC,False,295,0,0,43,191,,0,0,0,0
005528,040102,CAYMA,040100,AREQUIPA,040000,AREQUIPA,False,300,0,0,89,130,,0,0,0,0
005632,040102,CAYMA,040100,AREQUIPA,040000,AREQUIPA,False,300,0,0,88,0,,0,0,0,0
005983,040103,CERRO COLORADO,040100,AREQUIPA,040000,AREQUIPA,False,300,0,0,75,180,,0,0,0,0
006319,040104,CHARACATO,040100,AREQUIPA,040000,AREQUIPA,False,293,0,0,68,158,,0,0,0,0
007584,040123,YANAHUARA,040100,AREQUIPA,040000,AREQUIPA,False,300,0,0,148,83,,0,0,0,0
007753,040126,MARIANO MELGAR,040100,AREQUIPA,040000,AREQUIPA,False,230,0,0,83,80,,0,0,0,0
007862,040126,MARIANO MELGAR,040100,AREQUIPA,040000,AREQUIPA,False,300,0,0,80,144,,0,0,0,0
008067,040128,ALTO SELVA ALEGRE,040100,AREQUIPA,040000,AREQUIPA,False,300,0,0,116,123,,0,0,0,0
008080,040128,ALTO SELVA ALEGRE,040100,AREQUIPA,040000,AREQUIPA,False,275,0,0,94,132,,0,0,0,0
008884,040305,NICOLAS DE PIEROLA,040300,CAMANA,040000,AREQUIPA,False,300,0,0,83,128,,0,0,0,0
009187,040605,IRAY,040600,CONDESUYOS,040000,AREQUIPA,False,236,0,0,51,85,,0,0,0,0
009319,040702,COCACHACRA,040700,ISLAY,040000,AREQUIPA,False,300,0,0,45,185,,0,0,0,0
009338,040703,DEAN VALDIVIA,040700,ISLAY,040000,AREQUIPA,False,300,0,0,48,186,,0,0,0,0
009344,040703,DEAN VALDIVIA,040700,ISLAY,040000,AREQUIPA,False,275,0,0,44,155,,0,0,0,0
009349,040704,ISLAY,040700,ISLAY,040000,AREQUIPA,False,290,0,0,62,143,,0,0,0,0
009356,040704,ISLAY,040700,ISLAY,040000,AREQUIPA,False,290,0,0,63,140,,0,0,0,0
009365,040705,MEJIA,040700,ISLAY,040000,AREQUIPA,False,252,0,0,83,109,,0,0,0,0
009373,040706,PUNTA DE BOMBON,040700,ISLAY,040000,AREQUIPA,False,290,0,0,30,195,,0,0,0,0
009501,050101,AYACUCHO,050100,HUAMANGA,050000,AYACUCHO,False,300,0,0,59,138,,0,0,0,0
009565,050101,AYACUCHO,050100,HUAMANGA,050000,AYACUCHO,False,277,0,0,62,143,,0,0,0,0
009596,050101,AYACUCHO,050100,HUAMANGA,050000,AYACUCHO,False,230,0,0,49,116,,0,0,0,0
009680,050101,AYACUCHO,050100,HUAMANGA,050000,AYACUCHO,False,300,0,0,50,159,,0,0,0,0
009827,050107,SAN JUAN BAUTISTA,050100,HUAMANGA,050000,AYACUCHO,False,300,0,0,53,171,,0,0,0,0
009874,050107,SAN JUAN BAUTISTA,050100,HUAMANGA,050000,AYACUCHO,False,300,0,0,57,168,,0,0,0,0
009883,050107,SAN JUAN BAUTISTA,050100,HUAMANGA,050000,AYACUCHO,False,300,0,0,51,0,,0,0,0,0
009890,050107,SAN JUAN BAUTISTA,050100,HUAMANGA,050000,AYACUCHO,False,300,0,0,37,171,,0,0,0,0
009922,050107,SAN JUAN BAUTISTA,050100,HUAMANGA,050000,AYACUCHO,False,300,0,0,43,161,,0,0,0,0
010058,050115,JESUS NAZARENO,050100,HUAMANGA,050000,AYACUCHO,False,300,0,0,63,173,,0,0,0,0
011139,060101,CAJAMARCA,060100,CAJAMARCA,060000,CAJAMARCA,False,300,0,0,108,102,,0,0,0,0
011203,060101,CAJAMARCA,060100,CAJAMARCA,060000,CAJAMARCA,False,300,0,0,94,126,,0,0,0,0
011507,060101,CAJAMARCA,060100,CAJAMARCA,060000,CAJAMARCA,False,300,0,0,107,131,,0,0,0,0
011878,060107,LOS BAÑOS DEL INCA,060100,CAJAMARCA,060000,CAJAMARCA,False,300,0,0,112,109,,0,0,0,0
011886,060107,LOS BAÑOS DEL INCA,060100,CAJAMARCA,060000,CAJAMARCA,False,300,0,0,93,121,,0,0,0,0
011889,060107,LOS BAÑOS DEL INCA,060100,CAJAMARCA,060000,CAJAMARCA,False,300,0,0,102,127,,0,0,0,0
013702,060801,JAEN,060800,JAEN,060000,CAJAMARCA,False,300,0,0,76,140,,0,0,0,0
013719,060801,JAEN,060800,JAEN,060000,CAJAMARCA,False,300,0,0,66,154,,0,0,0,0
014834,070101,CUSCO,070100,CUSCO,070000,CUSCO,False,296,0,0,85,118,,0,0,0,0
015117,070104,SAN JERONIMO,070100,CUSCO,070000,CUSCO,False,300,0,0,55,167,,0,0,0,0
015123,070104,SAN JERONIMO,070100,CUSCO,070000,CUSCO,False,300,0,0,47,197,,0,0,0,0
015179,070104,SAN JERONIMO,070100,CUSCO,070000,CUSCO,False,300,0,0,72,148,,0,0,0,0
015210,070104,SAN JERONIMO,070100,CUSCO,070000,CUSCO,False,300,0,0,50,198,,0,0,0,0
015227,070104,SAN JERONIMO,070100,CUSCO,070000,CUSCO,False,300,0,0,80,131,,0,0,0,0
015371,070105,SAN SEBASTIAN,070100,CUSCO,070000,CUSCO,False,300,0,0,68,154,,0,0,0,0
015514,070106,SANTIAGO,070100,CUSCO,070000,CUSCO,False,300,0,0,76,142,,0,0,0,0
015556,070106,SANTIAGO,070100,CUSCO,070000,CUSCO,False,300,0,0,54,144,,0,0,0,0
015571,070106,SANTIAGO,070100,CUSCO,070000,CUSCO,False,300,0,0,66,163,,0,0,0,0
015572,070106,SANTIAGO,070100,CUSCO,070000,CUSCO,False,300,0,0,72,155,,0,0,0,0
015589,070106,SANTIAGO,070100,CUSCO,070000,CUSCO,False,300,0,0,57,153,,0,0,0,0
015638,070106,SANTIAGO,070100,CUSCO,070000,CUSCO,False,300,0,0,64,143,,0,0,0,0
015640,070106,SANTIAGO,070100,CUSCO,070000,CUSCO,False,300,0,0,52,157,,0,0,0,0
015704,070106,SANTIAGO,070100,CUSCO,070000,CUSCO,False,300,0,0,77,146,,0,0,0,0
015711,070106,SANTIAGO,070100,CUSCO,070000,CUSCO,False,300,0,0,69,147,,0,0,0,0
015781,070108,WANCHAQ,070100,CUSCO,070000,CUSCO,False,297,0,0,109,90,,0,0,0,0
015953,070108,WANCHAQ,070100,CUSCO,070000,CUSCO,False,300,0,0,115,114,,0,0,0,0
015965,070108,WANCHAQ,070100,CUSCO,070000,CUSCO,False,299,0,0,91,104,,0,0,0,0
015975,070108,WANCHAQ,070100,CUSCO,070000,CUSCO,False,300,0,0,103,116,,0,0,0,0
016620,070601,SICUANI,070600,CANCHIS,070000,CUSCO,False,300,0,0,18,181,Acta con error aritmético | Acta con error aritmético,1,0,0,0
016648,070601,SICUANI,070600,CANCHIS,070000,CUSCO,False,300,0,0,32,148,Acta impugnada | Acta impugnada,0,0,1,0
017030,070801,ESPINAR,070800,ESPINAR,070000,CUSCO,False,300,0,0,28,166,,0,0,0,0
017109,070801,ESPINAR,070800,ESPINAR,070000,CUSCO,False,292,0,0,24,154,,0,0,0,0
017235,070901,SANTA ANA,070900,LA CONVENCION,070000,CUSCO,False,300,0,0,67,143,,0,0,0,0
017237,070901,SANTA ANA,070900,LA CONVENCION,070000,CUSCO,False,300,0,0,44,158,,0,0,0,0
017276,070901,SANTA ANA,070900,LA CONVENCION,070000,CUSCO,False,300,0,0,39,127,,0,0,0,0
017399,070903,HUAYOPATA,070900,LA CONVENCION,070000,CUSCO,False,300,0,0,48,156,,0,0,0,0
017408,070903,HUAYOPATA,070900,LA CONVENCION,070000,CUSCO,False,300,0,0,33,153,,0,0,0,0
017421,070904,MARANURA,070900,LA CONVENCION,070000,CUSCO,False,288,0,0,31,144,,0,0,0,0
017423,070904,MARANURA,070900,LA CONVENCION,070000,CUSCO,False,288,0,0,43,131,,0,0,0,0
018101,071206,CUSIPATA,071200,QUISPICANCHI,070000,CUSCO,False,281,0,0,19,228,,0,0,0,0
018485,080101,HUANCAVELICA,080100,HUANCAVELICA,080000,HUANCAVELICA,False,299,0,0,31,170,,0,0,0,0
018508,080101,HUANCAVELICA,080100,HUANCAVELICA,080000,HUANCAVELICA,False,300,0,0,43,193,,0,0,0,0
018929,080302,ANCHONGA,080300,ANGARAES,080000,HUANCAVELICA,False,268,0,0,7,130,,0,0,0,0
018953,080306,HUALLAY-GRANDE,080300,ANGARAES,080000,HUANCAVELICA,False,276,0,0,16,149,,0,0,0,0
019606,090101,HUANUCO,090100,HUANUCO,090000,HUANUCO,False,300,0,0,120,102,,0,0,0,0
019660,090101,HUANUCO,090100,HUANUCO,090000,HUANUCO,False,299,0,0,101,93,,0,0,0,0
019852,090106,SAN FRANCISCO DE CAYRAN,090100,HUANUCO,090000,HUANUCO,False,285,0,0,61,150,,0,0,0,0
019940,090110,AMARILIS,090100,HUANUCO,090000,HUANUCO,False,299,0,0,95,132,,0,0,0,0
019982,090110,AMARILIS,090100,HUANUCO,090000,HUANUCO,False,299,0,0,93,112,,0,0,0,0
021261,090802,PUERTO INCA,090800,PUERTO INCA,090000,HUANUCO,False,300,0,0,61,77,Acta impugnada | Acta impugnada,0,0,1,0
022677,100201,CHINCHA ALTA,100200,CHINCHA,100000,ICA,False,299,0,0,135,91,,0,0,0,0
022804,100201,CHINCHA ALTA,100200,CHINCHA,100000,ICA,False,300,0,0,150,104,,0,0,0,0
022891,100203,CHINCHA BAJA,100200,CHINCHA,100000,ICA,False,300,0,0,114,131,,0,0,0,0
022904,100203,CHINCHA BAJA,100200,CHINCHA,100000,ICA,False,281,0,0,104,107,,0,0,0,0
022929,100203,CHINCHA BAJA,100200,CHINCHA,100000,ICA,False,300,0,0,115,117,,0,0,0,0
023021,100205,GROCIO PRADO,100200,CHINCHA,100000,ICA,False,299,0,0,165,82,,0,0,0,0
023102,100207,SUNAMPE,100200,CHINCHA,100000,ICA,False,300,0,0,153,99,,0,0,0,0
023149,100210,PUEBLO NUEVO,100200,CHINCHA,100000,ICA,False,300,0,0,131,108,,0,0,0,0
023196,100210,PUEBLO NUEVO,100200,CHINCHA,100000,ICA,False,300,0,0,128,112,,0,0,0,0
023256,100210,PUEBLO NUEVO,100200,CHINCHA,100000,ICA,False,300,0,0,121,102,,0,0,0,0
023885,100407,SAN CLEMENTE,100400,PISCO,100000,ICA,False,290,0,0,100,123,,0,0,0,0
024233,110101,HUANCAYO,110100,HUANCAYO,110000,JUNIN,False,299,0,0,77,110,,0,0,0,0
024238,110101,HUANCAYO,110100,HUANCAYO,110000,JUNIN,False,299,0,0,118,123,,0,0,0,0
024242,110101,HUANCAYO,110100,HUANCAYO,110000,JUNIN,False,299,0,0,132,100,,0,0,0,0
024288,110101,HUANCAYO,110100,HUANCAYO,110000,JUNIN,False,292,0,0,114,105,,0,0,0,0
024380,110108,CHILCA,110100,HUANCAYO,110000,JUNIN,False,272,0,0,97,107,,0,0,0,0
025002,110113,EL TAMBO,110100,HUANCAYO,110000,JUNIN,False,300,0,0,104,98,Acta impugnada | Acta impugnada,0,0,1,0
025286,110123,PILCOMAYO,110100,HUANCAYO,110000,JUNIN,False,297,0,0,93,122,Acta impugnada | Acta impugnada,0,0,1,0
025733,110301,JAUJA,110300,JAUJA,110000,JUNIN,False,300,0,0,0,129,,0,0,0,0
025948,110334,YAUYOS,110300,JAUJA,110000,JUNIN,False,299,0,0,94,129,,0,0,0,0
026046,110501,TARMA,110500,TARMA,110000,JUNIN,False,300,0,0,105,102,,0,0,0,0
026071,110501,TARMA,110500,TARMA,110000,JUNIN,False,230,0,0,82,81,,0,0,0,0
026128,110501,TARMA,110500,TARMA,110000,JUNIN,False,230,0,0,87,70,,0,0,0,0
026156,110501,TARMA,110500,TARMA,110000,JUNIN,False,300,0,0,108,89,,0,0,0,0
026957,110802,SAN RAMON,110800,CHANCHAMAYO,110000,JUNIN,False,288,0,0,81,96,,0,0,0,0
027002,110802,SAN RAMON,110800,CHANCHAMAYO,110000,JUNIN,False,300,0,0,108,97,,0,0,0,0
027209,110806,PERENE,110800,CHANCHAMAYO,110000,JUNIN,False,290,0,0,62,96,,0,0,0,0
027523,120101,TRUJILLO,120100,TRUJILLO,120000,LA LIBERTAD,False,299,0,0,107,85,,0,0,0,0
027589,120101,TRUJILLO,120100,TRUJILLO,120000,LA LIBERTAD,False,299,0,0,147,56,,0,0,0,0
027660,120101,TRUJILLO,120100,TRUJILLO,120000,LA LIBERTAD,False,299,0,0,133,82,,0,0,0,0
027769,120101,TRUJILLO,120100,TRUJILLO,120000,LA LIBERTAD,False,299,0,0,145,80,,0,0,0,0
027790,120101,TRUJILLO,120100,TRUJILLO,120000,LA LIBERTAD,False,299,0,0,128,67,,0,0,0,0
027794,120101,TRUJILLO,120100,TRUJILLO,120000,LA LIBERTAD,False,299,0,0,134,54,,0,0,0,0
027817,120101,TRUJILLO,120100,TRUJILLO,120000,LA LIBERTAD,False,297,0,0,147,67,,0,0,0,0
027881,120101,TRUJILLO,120100,TRUJILLO,120000,LA LIBERTAD,False,299,0,0,146,68,,0,0,0,0
027886,120101,TRUJILLO,120100,TRUJILLO,120000,LA LIBERTAD,False,299,0,0,155,63,,0,0,0,0
027910,120101,TRUJILLO,120100,TRUJILLO,120000,LA LIBERTAD,False,299,0,0,152,71,,0,0,0,0
028061,120101,TRUJILLO,120100,TRUJILLO,120000,LA LIBERTAD,False,299,0,0,141,75,,0,0,0,0
028097,120101,TRUJILLO,120100,TRUJILLO,120000,LA LIBERTAD,False,299,0,0,186,79,,0,0,0,0
028369,120101,TRUJILLO,120100,TRUJILLO,120000,LA LIBERTAD,False,299,0,0,148,74,,0,0,0,0
028421,120101,TRUJILLO,120100,TRUJILLO,120000,LA LIBERTAD,False,299,0,0,136,94,,0,0,0,0
028671,120102,HUANCHACO,120100,TRUJILLO,120000,LA LIBERTAD,False,300,0,0,113,96,,0,0,0,0
028777,120103,LAREDO,120100,TRUJILLO,120000,LA LIBERTAD,False,230,0,0,85,57,,0,0,0,0
029073,120107,VICTOR LARCO HERRERA,120100,TRUJILLO,120000,LA LIBERTAD,False,300,0,0,135,62,,0,0,0,0
029082,120107,VICTOR LARCO HERRERA,120100,TRUJILLO,120000,LA LIBERTAD,False,300,0,0,153,58,,0,0,0,0
029111,120107,VICTOR LARCO HERRERA,120100,TRUJILLO,120000,LA LIBERTAD,False,300,0,0,144,58,,0,0,0,0
029146,120107,VICTOR LARCO HERRERA,120100,TRUJILLO,120000,LA LIBERTAD,False,300,0,0,166,62,,0,0,0,0
029267,120110,EL PORVENIR,120100,TRUJILLO,120000,LA LIBERTAD,False,299,0,0,128,68,,0,0,0,0
030307,120113,ALTO TRUJILLO,120100,TRUJILLO,120000,LA LIBERTAD,False,300,0,0,127,100,,0,0,0,0
030960,120501,SAN PEDRO DE LLOC,120500,PACASMAYO,120000,LA LIBERTAD,False,300,0,0,130,99,"Acta impugnada, Acta con error aritmético | Acta impugnada, Acta con error aritmético",1,0,1,0
032739,130101,CHICLAYO,130100,CHICLAYO,130000,LAMBAYEQUE,False,300,0,0,127,77,,0,0,0,0
032741,130101,CHICLAYO,130100,CHICLAYO,130000,LAMBAYEQUE,False,300,0,0,124,88,,0,0,0,0
032749,130101,CHICLAYO,130100,CHICLAYO,130000,LAMBAYEQUE,False,300,0,0,126,107,,0,0,0,0
032884,130101,CHICLAYO,130100,CHICLAYO,130000,LAMBAYEQUE,False,300,0,0,99,81,,0,0,0,0
032922,130101,CHICLAYO,130100,CHICLAYO,130000,LAMBAYEQUE,False,288,0,0,111,99,,0,0,0,0
032987,130101,CHICLAYO,130100,CHICLAYO,130000,LAMBAYEQUE,False,300,0,0,150,97,Acta impugnada | Acta impugnada,0,0,1,0
033510,130103,ETEN,130100,CHICLAYO,130000,LAMBAYEQUE,False,300,0,0,128,85,,0,0,0,0
034480,130115,LA VICTORIA,130100,CHICLAYO,130000,LAMBAYEQUE,False,295,0,0,128,81,,0,0,0,0
035295,130301,LAMBAYEQUE,130300,LAMBAYEQUE,130000,LAMBAYEQUE,False,300,0,0,137,95,,0,0,0,0
036199,140101,LIMA,140100,LIMA,140000,LIMA,False,300,0,0,140,91,,0,0,0,0
036768,140101,LIMA,140100,LIMA,140000,LIMA,False,230,0,0,110,62,,0,0,0,0
037195,140103,ATE,140100,LIMA,140000,LIMA,False,230,0,0,98,63,,0,0,0,0
037196,140103,ATE,140100,LIMA,140000,LIMA,False,300,0,0,133,115,,0,0,0,0
037197,140103,ATE,140100,LIMA,140000,LIMA,False,300,0,0,139,104,,0,0,0,0
037202,140103,ATE,140100,LIMA,140000,LIMA,False,277,0,0,145,97,,0,0,0,0
037203,140103,ATE,140100,LIMA,140000,LIMA,False,300,0,0,152,121,,0,0,0,0
037225,140103,ATE,140100,LIMA,140000,LIMA,False,248,0,0,131,87,,0,0,0,0
037263,140103,ATE,140100,LIMA,140000,LIMA,False,300,0,0,133,116,,0,0,0,0
037283,140103,ATE,140100,LIMA,140000,LIMA,False,282,0,0,142,98,,0,0,0,0
037315,140103,ATE,140100,LIMA,140000,LIMA,False,300,0,0,161,88,,0,0,0,0
037339,140103,ATE,140100,LIMA,140000,LIMA,False,300,0,0,132,120,,0,0,0,0
037342,140103,ATE,140100,LIMA,140000,LIMA,False,300,0,0,133,110,,0,0,0,0
037344,140103,ATE,140100,LIMA,140000,LIMA,False,300,0,0,151,83,,0,0,0,0
037353,140103,ATE,140100,LIMA,140000,LIMA,False,300,0,0,141,102,,0,0,0,0
037412,140103,ATE,140100,LIMA,140000,LIMA,False,300,0,0,145,95,,0,0,0,0
037444,140103,ATE,140100,LIMA,140000,LIMA,False,300,0,0,118,112,,0,0,0,0
037475,140103,ATE,140100,LIMA,140000,LIMA,False,300,0,0,140,107,,0,0,0,0
037515,140103,ATE,140100,LIMA,140000,LIMA,False,300,0,0,113,117,,0,0,0,0
037524,140103,ATE,140100,LIMA,140000,LIMA,False,300,0,0,122,105,,0,0,0,0
037525,140103,ATE,140100,LIMA,140000,LIMA,False,300,0,0,108,97,,0,0,0,0
037584,140103,ATE,140100,LIMA,140000,LIMA,False,300,0,0,104,112,,0,0,0,0
037588,140103,ATE,140100,LIMA,140000,LIMA,False,300,0,0,97,92,,0,0,0,0
037591,140103,ATE,140100,LIMA,140000,LIMA,False,300,0,0,109,117,,0,0,0,0
037592,140103,ATE,140100,LIMA,140000,LIMA,False,300,0,0,115,110,,0,0,0,0
037593,140103,ATE,140100,LIMA,140000,LIMA,False,300,0,0,115,112,,0,0,0,0
037598,140103,ATE,140100,LIMA,140000,LIMA,False,300,0,0,103,97,,0,0,0,0
037602,140103,ATE,140100,LIMA,140000,LIMA,False,300,0,0,118,95,,0,0,0,0
037604,140103,ATE,140100,LIMA,140000,LIMA,False,300,0,0,112,102,,0,0,0,0
037609,140103,ATE,140100,LIMA,140000,LIMA,False,300,0,0,95,114,,0,0,0,0
037611,140103,ATE,140100,LIMA,140000,LIMA,False,300,0,0,109,103,,0,0,0,0
037619,140103,ATE,140100,LIMA,140000,LIMA,False,300,0,0,106,122,,0,0,0,0
037629,140103,ATE,140100,LIMA,140000,LIMA,False,300,0,0,123,119,,0,0,0,0
037630,140103,ATE,140100,LIMA,140000,LIMA,False,300,0,0,110,144,,0,0,0,0
037631,140103,ATE,140100,LIMA,140000,LIMA,False,300,0,0,108,133,,0,0,0,0
037633,140103,ATE,140100,LIMA,140000,LIMA,False,300,0,0,122,116,,0,0,0,0
037672,140103,ATE,140100,LIMA,140000,LIMA,False,300,0,0,127,76,,0,0,0,0
037673,140103,ATE,140100,LIMA,140000,LIMA,False,300,0,0,148,75,,0,0,0,0
037674,140103,ATE,140100,LIMA,140000,LIMA,False,300,0,0,126,88,,0,0,0,0
037688,140103,ATE,140100,LIMA,140000,LIMA,False,300,0,0,129,92,,0,0,0,0
037696,140103,ATE,140100,LIMA,140000,LIMA,False,300,0,0,134,79,,0,0,0,0
037697,140103,ATE,140100,LIMA,140000,LIMA,False,300,0,0,130,85,,0,0,0,0
037702,140103,ATE,140100,LIMA,140000,LIMA,False,300,0,0,139,121,,0,0,0,0
037703,140103,ATE,140100,LIMA,140000,LIMA,False,300,0,0,123,131,,0,0,0,0
037710,140103,ATE,140100,LIMA,140000,LIMA,False,300,0,0,142,100,,0,0,0,0
037714,140103,ATE,140100,LIMA,140000,LIMA,False,300,0,0,135,111,,0,0,0,0
037752,140103,ATE,140100,LIMA,140000,LIMA,False,300,0,0,129,101,,0,0,0,0
037755,140103,ATE,140100,LIMA,140000,LIMA,False,300,0,0,127,100,,0,0,0,0
037757,140103,ATE,140100,LIMA,140000,LIMA,False,300,0,0,123,99,,0,0,0,0
037760,140103,ATE,140100,LIMA,140000,LIMA,False,300,0,0,140,94,,0,0,0,0
037768,140103,ATE,140100,LIMA,140000,LIMA,False,300,0,0,123,104,,0,0,0,0
037769,140103,ATE,140100,LIMA,140000,LIMA,False,230,0,0,92,64,,0,0,0,0
037772,140103,ATE,140100,LIMA,140000,LIMA,False,300,0,0,143,97,,0,0,0,0
037773,140103,ATE,140100,LIMA,140000,LIMA,False,300,0,0,140,97,,0,0,0,0
037856,140103,ATE,140100,LIMA,140000,LIMA,False,300,0,0,117,81,,0,0,0,0
037958,140103,ATE,140100,LIMA,140000,LIMA,False,300,0,0,116,120,,0,0,0,0
037974,140103,ATE,140100,LIMA,140000,LIMA,False,300,0,0,148,81,,0,0,0,0
037986,140103,ATE,140100,LIMA,140000,LIMA,False,300,0,0,145,88,,0,0,0,0
037987,140103,ATE,140100,LIMA,140000,LIMA,False,300,0,0,147,99,,0,0,0,0
038061,140103,ATE,140100,LIMA,140000,LIMA,False,300,0,0,130,110,,0,0,0,0
038063,140103,ATE,140100,LIMA,140000,LIMA,False,300,0,0,120,97,,0,0,0,0
038095,140103,ATE,140100,LIMA,140000,LIMA,False,230,0,0,92,61,,0,0,0,0
038149,140103,ATE,140100,LIMA,140000,LIMA,False,275,0,0,131,84,,0,0,0,0
038152,140103,ATE,140100,LIMA,140000,LIMA,False,300,0,0,133,104,,0,0,0,0
038155,140103,ATE,140100,LIMA,140000,LIMA,False,300,0,0,126,91,,0,0,0,0
038166,140103,ATE,140100,LIMA,140000,LIMA,False,300,0,0,131,106,,0,0,0,0
038171,140103,ATE,140100,LIMA,140000,LIMA,False,300,0,0,116,107,,0,0,0,0
038172,140103,ATE,140100,LIMA,140000,LIMA,False,300,0,0,103,120,,0,0,0,0
038174,140103,ATE,140100,LIMA,140000,LIMA,False,300,0,0,126,97,,0,0,0,0
038175,140103,ATE,140100,LIMA,140000,LIMA,False,300,0,0,104,115,,0,0,0,0
038199,140103,ATE,140100,LIMA,140000,LIMA,False,300,0,0,111,76,,0,0,0,0
038223,140103,ATE,140100,LIMA,140000,LIMA,False,300,0,0,93,107,,0,0,0,0
038245,140103,ATE,140100,LIMA,140000,LIMA,False,300,0,0,119,101,,0,0,0,0
038247,140103,ATE,140100,LIMA,140000,LIMA,False,300,0,0,128,84,,0,0,0,0
038250,140103,ATE,140100,LIMA,140000,LIMA,False,300,0,0,95,115,,0,0,0,0
038254,140103,ATE,140100,LIMA,140000,LIMA,False,300,0,0,111,92,,0,0,0,0
038279,140103,ATE,140100,LIMA,140000,LIMA,False,300,0,0,112,102,,0,0,0,0
038281,140103,ATE,140100,LIMA,140000,LIMA,False,300,0,0,122,89,,0,0,0,0
038282,140103,ATE,140100,LIMA,140000,LIMA,False,300,0,0,125,107,,0,0,0,0
038288,140103,ATE,140100,LIMA,140000,LIMA,False,300,0,0,117,91,,0,0,0,0
038298,140103,ATE,140100,LIMA,140000,LIMA,False,300,0,0,112,114,,0,0,0,0
038372,140103,ATE,140100,LIMA,140000,LIMA,False,300,0,0,121,82,,0,0,0,0
038375,140103,ATE,140100,LIMA,140000,LIMA,False,230,0,0,90,64,,0,0,0,0
038405,140103,ATE,140100,LIMA,140000,LIMA,False,300,0,0,115,92,,0,0,0,0
038412,140103,ATE,140100,LIMA,140000,LIMA,False,300,0,0,130,89,,0,0,0,0
038429,140103,ATE,140100,LIMA,140000,LIMA,False,300,0,0,116,101,,0,0,0,0
038520,140103,ATE,140100,LIMA,140000,LIMA,False,300,0,0,99,123,,0,0,0,0
038521,140103,ATE,140100,LIMA,140000,LIMA,False,300,0,0,113,94,,0,0,0,0
038531,140103,ATE,140100,LIMA,140000,LIMA,False,230,0,0,79,63,,0,0,0,0
038538,140103,ATE,140100,LIMA,140000,LIMA,False,300,0,0,136,101,,0,0,0,0
038543,140103,ATE,140100,LIMA,140000,LIMA,False,300,0,0,121,93,,0,0,0,0
038570,140103,ATE,140100,LIMA,140000,LIMA,False,230,0,0,67,72,,0,0,0,0
038580,140103,ATE,140100,LIMA,140000,LIMA,False,300,0,0,116,84,,0,0,0,0
038585,140103,ATE,140100,LIMA,140000,LIMA,False,300,0,0,119,82,,0,0,0,0
038605,140103,ATE,140100,LIMA,140000,LIMA,False,300,0,0,132,100,,0,0,0,0
038606,140103,ATE,140100,LIMA,140000,LIMA,False,300,0,0,116,104,,0,0,0,0
038608,140103,ATE,140100,LIMA,140000,LIMA,False,300,0,0,107,88,,0,0,0,0
038611,140103,ATE,140100,LIMA,140000,LIMA,False,300,0,0,108,109,,0,0,0,0
038614,140103,ATE,140100,LIMA,140000,LIMA,False,300,0,0,108,123,,0,0,0,0
038622,140103,ATE,140100,LIMA,140000,LIMA,False,300,0,0,115,82,,0,0,0,0
038623,140103,ATE,140100,LIMA,140000,LIMA,False,300,0,0,112,77,,0,0,0,0
038630,140103,ATE,140100,LIMA,140000,LIMA,False,300,0,0,91,98,,0,0,0,0
038641,140103,ATE,140100,LIMA,140000,LIMA,False,300,0,0,118,78,,0,0,0,0
038649,140103,ATE,140100,LIMA,140000,LIMA,False,300,0,0,126,99,,0,0,0,0
038650,140103,ATE,140100,LIMA,140000,LIMA,False,300,0,0,131,93,,0,0,0,0
038662,140103,ATE,140100,LIMA,140000,LIMA,False,300,0,0,132,79,,0,0,0,0
038665,140103,ATE,140100,LIMA,140000,LIMA,False,230,0,0,125,53,,0,0,0,0
038666,140103,ATE,140100,LIMA,140000,LIMA,False,300,0,0,182,75,,0,0,0,0
038669,140103,ATE,140100,LIMA,140000,LIMA,False,300,0,0,155,79,,0,0,0,0
038672,140103,ATE,140100,LIMA,140000,LIMA,False,300,0,0,167,85,,0,0,0,0
038711,140103,ATE,140100,LIMA,140000,LIMA,False,300,0,0,104,95,,0,0,0,0
038742,140103,ATE,140100,LIMA,140000,LIMA,False,300,0,0,142,96,,0,0,0,0
038767,140103,ATE,140100,LIMA,140000,LIMA,False,294,0,0,104,97,,0,0,0,0
038771,140103,ATE,140100,LIMA,140000,LIMA,False,294,0,0,93,102,,0,0,0,0
038807,140103,ATE,140100,LIMA,140000,LIMA,False,300,0,0,95,98,,0,0,0,0
038872,140104,BREÑA,140100,LIMA,140000,LIMA,False,300,0,0,175,65,,0,0,0,0
038915,140104,BREÑA,140100,LIMA,140000,LIMA,False,300,0,0,152,78,,0,0,0,0
038926,140104,BREÑA,140100,LIMA,140000,LIMA,False,300,0,0,163,68,,0,0,0,0
038960,140104,BREÑA,140100,LIMA,140000,LIMA,False,296,0,0,168,58,,0,0,0,0
039077,140104,BREÑA,140100,LIMA,140000,LIMA,False,300,0,0,160,73,,0,0,0,0
039132,140104,BREÑA,140100,LIMA,140000,LIMA,False,300,0,0,143,63,,0,0,0,0
039286,140105,CARABAYLLO,140100,LIMA,140000,LIMA,False,300,0,0,121,100,,0,0,0,0
039344,140105,CARABAYLLO,140100,LIMA,140000,LIMA,False,300,0,0,95,103,,0,0,0,0
039410,140105,CARABAYLLO,140100,LIMA,140000,LIMA,False,300,0,0,125,192,,0,0,0,0
039501,140105,CARABAYLLO,140100,LIMA,140000,LIMA,False,249,0,0,109,56,,0,0,0,0
039709,140105,CARABAYLLO,140100,LIMA,140000,LIMA,False,300,0,0,104,96,,0,0,0,0
039964,140105,CARABAYLLO,140100,LIMA,140000,LIMA,False,300,0,0,121,89,,0,0,0,0
040122,140106,COMAS,140100,LIMA,140000,LIMA,False,299,0,0,163,81,,0,0,0,0
040198,140106,COMAS,140100,LIMA,140000,LIMA,False,299,0,0,130,96,,0,0,0,0
040267,140106,COMAS,140100,LIMA,140000,LIMA,False,299,0,0,171,78,,0,0,0,0
040274,140106,COMAS,140100,LIMA,140000,LIMA,False,299,0,0,154,77,,0,0,0,0
040316,140106,COMAS,140100,LIMA,140000,LIMA,False,299,0,0,151,84,,0,0,0,0
040401,140106,COMAS,140100,LIMA,140000,LIMA,False,299,0,0,158,105,,0,0,0,0
040402,140106,COMAS,140100,LIMA,140000,LIMA,False,299,0,0,119,83,,0,0,0,0
040487,140106,COMAS,140100,LIMA,140000,LIMA,False,299,0,0,117,84,,0,0,0,0
040578,140106,COMAS,140100,LIMA,140000,LIMA,False,299,0,0,138,83,,0,0,0,0
040747,140106,COMAS,140100,LIMA,140000,LIMA,False,299,0,0,138,74,,0,0,0,0
040773,140106,COMAS,140100,LIMA,140000,LIMA,False,299,0,0,122,70,,0,0,0,0
040788,140106,COMAS,140100,LIMA,140000,LIMA,False,299,0,0,153,91,,0,0,0,0
040806,140106,COMAS,140100,LIMA,140000,LIMA,False,299,0,0,152,102,,0,0,0,0
040815,140106,COMAS,140100,LIMA,140000,LIMA,False,299,0,0,141,71,,0,0,0,0
040933,140106,COMAS,140100,LIMA,140000,LIMA,False,299,0,0,118,120,,0,0,0,0
040942,140106,COMAS,140100,LIMA,140000,LIMA,False,299,0,0,158,77,,0,0,0,0
040987,140106,COMAS,140100,LIMA,140000,LIMA,False,299,0,0,132,85,,0,0,0,0
041152,140106,COMAS,140100,LIMA,140000,LIMA,False,299,0,0,131,75,,0,0,0,0
041182,140106,COMAS,140100,LIMA,140000,LIMA,False,299,0,0,144,76,,0,0,0,0
041276,140106,COMAS,140100,LIMA,140000,LIMA,False,299,0,0,128,71,,0,0,0,0
041314,140106,COMAS,140100,LIMA,140000,LIMA,False,299,0,0,130,76,,0,0,0,0
041360,140106,COMAS,140100,LIMA,140000,LIMA,False,299,0,0,118,72,,0,0,0,0
041390,140106,COMAS,140100,LIMA,140000,LIMA,False,299,0,0,111,97,,0,0,0,0
041570,140107,CHACLACAYO,140100,LIMA,140000,LIMA,False,300,0,0,136,99,,0,0,0,0
041657,140108,CHORRILLOS,140100,LIMA,140000,LIMA,False,294,0,0,145,62,,0,0,0,0
041694,140108,CHORRILLOS,140100,LIMA,140000,LIMA,False,299,0,0,155,70,,0,0,0,0
041972,140108,CHORRILLOS,140100,LIMA,140000,LIMA,False,299,0,0,206,64,,0,0,0,0
042026,140108,CHORRILLOS,140100,LIMA,140000,LIMA,False,299,0,0,162,57,,0,0,0,0
042130,140108,CHORRILLOS,140100,LIMA,140000,LIMA,False,299,0,0,142,92,,0,0,0,0
042251,140108,CHORRILLOS,140100,LIMA,140000,LIMA,False,299,0,0,147,53,,0,0,0,0
042254,140108,CHORRILLOS,140100,LIMA,140000,LIMA,False,299,0,0,156,56,,0,0,0,0
042318,140108,CHORRILLOS,140100,LIMA,140000,LIMA,False,299,0,0,152,54,,0,0,0,0
042383,140108,CHORRILLOS,140100,LIMA,140000,LIMA,False,299,0,0,167,52,,0,0,0,0
042413,140108,CHORRILLOS,140100,LIMA,140000,LIMA,False,299,0,0,153,60,,0,0,0,0
042568,140109,LA VICTORIA,140100,LIMA,140000,LIMA,False,299,0,0,148,56,,0,0,0,0
042570,140109,LA VICTORIA,140100,LIMA,140000,LIMA,False,299,0,0,156,70,Acta impugnada | Acta impugnada,0,0,1,0
042627,140109,LA VICTORIA,140100,LIMA,140000,LIMA,False,299,0,0,162,91,Acta impugnada | Acta impugnada,0,0,1,0
042675,140109,LA VICTORIA,140100,LIMA,140000,LIMA,False,299,0,0,167,60,Acta sin firmas | Acta sin firmas,0,0,0,1
042774,140109,LA VICTORIA,140100,LIMA,140000,LIMA,False,299,0,0,144,57,,0,0,0,0
042778,140109,LA VICTORIA,140100,LIMA,140000,LIMA,False,299,0,0,135,61,,0,0,0,0
042903,140109,LA VICTORIA,140100,LIMA,140000,LIMA,False,299,0,0,143,77,,0,0,0,0
042908,140109,LA VICTORIA,140100,LIMA,140000,LIMA,False,299,0,0,151,60,,0,0,0,0
042909,140109,LA VICTORIA,140100,LIMA,140000,LIMA,False,299,0,0,150,56,,0,0,0,0
043146,140109,LA VICTORIA,140100,LIMA,140000,LIMA,False,299,0,0,121,82,,0,0,0,0
043147,140109,LA VICTORIA,140100,LIMA,140000,LIMA,False,299,0,0,131,73,,0,0,0,0
043282,140110,LA MOLINA,140100,LIMA,140000,LIMA,False,299,0,0,174,85,,0,0,0,0
043291,140110,LA MOLINA,140100,LIMA,140000,LIMA,False,299,0,0,174,80,,0,0,0,0
043504,140110,LA MOLINA,140100,LIMA,140000,LIMA,False,299,0,0,148,64,,0,0,0,0
043505,140110,LA MOLINA,140100,LIMA,140000,LIMA,False,299,0,0,147,65,,0,0,0,0
043574,140110,LA MOLINA,140100,LIMA,140000,LIMA,False,299,0,0,167,62,,0,0,0,0
043628,140110,LA MOLINA,140100,LIMA,140000,LIMA,False,299,0,0,160,46,,0,0,0,0
043743,140111,LINCE,140100,LIMA,140000,LIMA,False,300,0,0,177,53,Acta impugnada | Acta impugnada,0,0,1,0
043757,140111,LINCE,140100,LIMA,140000,LIMA,False,300,0,0,176,56,Acta con error aritmético | Acta con error aritmético,1,0,0,0
043856,140111,LINCE,140100,LIMA,140000,LIMA,False,300,0,0,148,66,,0,0,0,0
043859,140111,LINCE,140100,LIMA,140000,LIMA,False,300,0,0,159,78,,0,0,0,0
044619,140113,LURIN,140100,LIMA,140000,LIMA,False,295,0,0,136,100,,0,0,0,0
044646,140113,LURIN,140100,LIMA,140000,LIMA,False,300,0,0,137,77,,0,0,0,0
044897,140114,MAGDALENA DEL MAR,140100,LIMA,140000,LIMA,False,299,0,0,211,35,Acta con error aritmético | Acta con error aritmético,1,0,0,0
044975,140114,MAGDALENA DEL MAR,140100,LIMA,140000,LIMA,False,299,0,0,172,55,,0,0,0,0
045057,140115,MIRAFLORES,140100,LIMA,140000,LIMA,False,300,0,0,189,45,Acta impugnada | Acta impugnada,0,0,1,0
045151,140115,MIRAFLORES,140100,LIMA,140000,LIMA,False,300,0,0,152,43,"Acta impugnada, Acta con error aritmético | Acta impugnada, Acta con error aritmético",1,0,1,0
045296,140115,MIRAFLORES,140100,LIMA,140000,LIMA,False,259,0,0,127,27,Acta con error aritmético | Acta con error aritmético,1,0,0,0
045357,140115,MIRAFLORES,140100,LIMA,140000,LIMA,False,300,0,0,157,40,Acta con error aritmético | Acta con error aritmético,1,0,0,0
045427,140115,MIRAFLORES,140100,LIMA,140000,LIMA,False,300,0,0,146,38,Acta con error aritmético | Acta con error aritmético,1,0,0,0
045453,140115,MIRAFLORES,140100,LIMA,140000,LIMA,False,300,0,0,161,34,Acta impugnada | Acta impugnada,0,0,1,0
045479,140115,MIRAFLORES,140100,LIMA,140000,LIMA,False,300,0,0,177,38,Acta impugnada | Acta impugnada,0,0,1,0
045483,140115,MIRAFLORES,140100,LIMA,140000,LIMA,False,300,0,0,164,29,Acta impugnada | Acta impugnada,0,0,1,0
045775,140117,PUEBLO LIBRE,140100,LIMA,140000,LIMA,False,258,0,0,173,59,,0,0,0,0
045806,140117,PUEBLO LIBRE,140100,LIMA,140000,LIMA,False,300,0,0,169,44,,0,0,0,0
045844,140117,PUEBLO LIBRE,140100,LIMA,140000,LIMA,False,300,0,0,166,59,,0,0,0,0
045881,140117,PUEBLO LIBRE,140100,LIMA,140000,LIMA,False,261,0,0,162,58,,0,0,0,0
045904,140117,PUEBLO LIBRE,140100,LIMA,140000,LIMA,False,300,0,0,170,62,,0,0,0,0
045943,140117,PUEBLO LIBRE,140100,LIMA,140000,LIMA,False,300,0,0,176,59,,0,0,0,0
045961,140117,PUEBLO LIBRE,140100,LIMA,140000,LIMA,False,300,0,0,130,80,,0,0,0,0
045984,140117,PUEBLO LIBRE,140100,LIMA,140000,LIMA,False,300,0,0,156,59,,0,0,0,0
045991,140117,PUEBLO LIBRE,140100,LIMA,140000,LIMA,False,300,0,0,171,62,,0,0,0,0
045995,140117,PUEBLO LIBRE,140100,LIMA,140000,LIMA,False,300,0,0,174,56,,0,0,0,0
046010,140117,PUEBLO LIBRE,140100,LIMA,140000,LIMA,False,230,0,0,105,48,,0,0,0,0
046067,140117,PUEBLO LIBRE,140100,LIMA,140000,LIMA,False,300,0,0,142,66,,0,0,0,0
046364,140119,PUENTE PIEDRA,140100,LIMA,140000,LIMA,False,300,0,0,133,104,,0,0,0,0
046554,140119,PUENTE PIEDRA,140100,LIMA,140000,LIMA,False,300,0,0,158,113,,0,0,0,0
046629,140119,PUENTE PIEDRA,140100,LIMA,140000,LIMA,False,300,0,0,214,83,,0,0,0,0
046899,140119,PUENTE PIEDRA,140100,LIMA,140000,LIMA,False,300,0,0,113,115,,0,0,0,0
046976,140119,PUENTE PIEDRA,140100,LIMA,140000,LIMA,False,300,0,0,114,85,,0,0,0,0
047108,140122,RIMAC,140100,LIMA,140000,LIMA,False,300,0,0,155,73,,0,0,0,0
047197,140122,RIMAC,140100,LIMA,140000,LIMA,False,300,0,0,153,101,,0,0,0,0
047243,140122,RIMAC,140100,LIMA,140000,LIMA,False,299,0,0,140,72,,0,0,0,0
047269,140122,RIMAC,140100,LIMA,140000,LIMA,False,298,0,0,154,70,,0,0,0,0
047587,140122,RIMAC,140100,LIMA,140000,LIMA,False,300,0,0,161,81,,0,0,0,0
047714,140124,SAN ISIDRO,140100,LIMA,140000,LIMA,False,299,0,0,215,28,,0,0,0,0
048006,140125,BARRANCO,140100,LIMA,140000,LIMA,False,300,0,0,159,54,,0,0,0,0
048012,140125,BARRANCO,140100,LIMA,140000,LIMA,False,300,0,0,164,57,,0,0,0,0
048113,140125,BARRANCO,140100,LIMA,140000,LIMA,False,300,0,0,182,66,,0,0,0,0
048119,140125,BARRANCO,140100,LIMA,140000,LIMA,False,284,0,0,150,45,,0,0,0,0
048319,140126,SAN MARTIN DE PORRES,140100,LIMA,140000,LIMA,False,300,0,0,190,76,,0,0,0,0
048344,140126,SAN MARTIN DE PORRES,140100,LIMA,140000,LIMA,False,300,0,0,140,77,,0,0,0,0
048807,140126,SAN MARTIN DE PORRES,140100,LIMA,140000,LIMA,False,300,0,0,130,84,,0,0,0,0
048929,140126,SAN MARTIN DE PORRES,140100,LIMA,140000,LIMA,False,300,0,0,118,71,,0,0,0,0
048937,140126,SAN MARTIN DE PORRES,140100,LIMA,140000,LIMA,False,300,0,0,140,75,,0,0,0,0
048938,140126,SAN MARTIN DE PORRES,140100,LIMA,140000,LIMA,False,300,0,0,139,69,,0,0,0,0
048945,140126,SAN MARTIN DE PORRES,140100,LIMA,140000,LIMA,False,236,0,0,111,44,,0,0,0,0
049132,140126,SAN MARTIN DE PORRES,140100,LIMA,140000,LIMA,False,300,0,0,139,101,,0,0,0,0
049221,140126,SAN MARTIN DE PORRES,140100,LIMA,140000,LIMA,False,300,0,0,136,96,,0,0,0,0
049292,140126,SAN MARTIN DE PORRES,140100,LIMA,140000,LIMA,False,280,0,0,109,76,,0,0,0,0
049304,140126,SAN MARTIN DE PORRES,140100,LIMA,140000,LIMA,False,300,0,0,120,70,,0,0,0,0
049360,140126,SAN MARTIN DE PORRES,140100,LIMA,140000,LIMA,False,258,0,0,128,61,,0,0,0,0
049425,140126,SAN MARTIN DE PORRES,140100,LIMA,140000,LIMA,False,300,0,0,129,97,,0,0,0,0
049476,140126,SAN MARTIN DE PORRES,140100,LIMA,140000,LIMA,False,300,0,0,125,90,,0,0,0,0
049481,140126,SAN MARTIN DE PORRES,140100,LIMA,140000,LIMA,False,300,0,0,128,86,,0,0,0,0
049493,140126,SAN MARTIN DE PORRES,140100,LIMA,140000,LIMA,False,289,0,0,125,79,,0,0,0,0
049924,140127,SAN MIGUEL,140100,LIMA,140000,LIMA,False,299,0,0,173,32,,0,0,0,0
049989,140127,SAN MIGUEL,140100,LIMA,140000,LIMA,False,298,0,0,143,73,,0,0,0,0
050014,140127,SAN MIGUEL,140100,LIMA,140000,LIMA,False,299,0,0,196,63,,0,0,0,0
050085,140127,SAN MIGUEL,140100,LIMA,140000,LIMA,False,299,0,0,183,57,,0,0,0,0
050107,140127,SAN MIGUEL,140100,LIMA,140000,LIMA,False,299,0,0,165,53,,0,0,0,0
050128,140127,SAN MIGUEL,140100,LIMA,140000,LIMA,False,299,0,0,169,55,,0,0,0,0
050148,140127,SAN MIGUEL,140100,LIMA,140000,LIMA,False,299,0,0,158,52,,0,0,0,0
050176,140127,SAN MIGUEL,140100,LIMA,140000,LIMA,False,299,0,0,176,55,,0,0,0,0
050199,140127,SAN MIGUEL,140100,LIMA,140000,LIMA,False,299,0,0,167,46,,0,0,0,0
050220,140127,SAN MIGUEL,140100,LIMA,140000,LIMA,False,299,0,0,150,54,,0,0,0,0
050226,140127,SAN MIGUEL,140100,LIMA,140000,LIMA,False,299,0,0,140,62,,0,0,0,0
050288,140127,SAN MIGUEL,140100,LIMA,140000,LIMA,False,299,0,0,166,52,,0,0,0,0
050347,140127,SAN MIGUEL,140100,LIMA,140000,LIMA,False,299,0,0,139,53,,0,0,0,0
050395,140127,SAN MIGUEL,140100,LIMA,140000,LIMA,False,299,0,0,145,62,,0,0,0,0
050504,140130,SANTIAGO DE SURCO,140100,LIMA,140000,LIMA,False,300,0,0,228,28,,0,0,0,0
050722,140130,SANTIAGO DE SURCO,140100,LIMA,140000,LIMA,False,300,0,0,159,76,,0,0,0,0
050761,140130,SANTIAGO DE SURCO,140100,LIMA,140000,LIMA,False,300,0,0,170,0,,0,0,0,0
050858,140130,SANTIAGO DE SURCO,140100,LIMA,140000,LIMA,False,300,0,0,183,43,,0,0,0,0
050911,140130,SANTIAGO DE SURCO,140100,LIMA,140000,LIMA,False,300,0,0,149,38,,0,0,0,0
051017,140130,SANTIAGO DE SURCO,140100,LIMA,140000,LIMA,False,297,0,0,159,56,,0,0,0,0
051115,140130,SANTIAGO DE SURCO,140100,LIMA,140000,LIMA,False,300,0,0,206,36,,0,0,0,0
051116,140130,SANTIAGO DE SURCO,140100,LIMA,140000,LIMA,False,300,0,0,201,31,,0,0,0,0
051146,140130,SANTIAGO DE SURCO,140100,LIMA,140000,LIMA,False,247,0,0,183,34,,0,0,0,0
051171,140130,SANTIAGO DE SURCO,140100,LIMA,140000,LIMA,False,300,0,0,0,0,,0,0,0,0
051287,140130,SANTIAGO DE SURCO,140100,LIMA,140000,LIMA,False,300,0,0,182,81,,0,0,0,0
051430,140130,SANTIAGO DE SURCO,140100,LIMA,140000,LIMA,False,300,0,0,162,0,,0,0,0,0
051447,140130,SANTIAGO DE SURCO,140100,LIMA,140000,LIMA,False,230,0,0,155,34,,0,0,0,0
051596,140130,SANTIAGO DE SURCO,140100,LIMA,140000,LIMA,False,300,0,0,153,43,,0,0,0,0
051766,140131,SURQUILLO,140100,LIMA,140000,LIMA,False,299,0,0,165,64,Acta con error aritmético | Acta con error aritmético,1,0,0,0
051831,140131,SURQUILLO,140100,LIMA,140000,LIMA,False,299,0,0,194,42,Acta impugnada | Acta impugnada,0,0,1,0
051843,140131,SURQUILLO,140100,LIMA,140000,LIMA,False,299,0,0,157,54,Acta con error aritmético | Acta con error aritmético,1,0,0,0
051952,140131,SURQUILLO,140100,LIMA,140000,LIMA,False,299,0,0,179,62,Acta impugnada | Acta impugnada,0,0,1,0
051953,140131,SURQUILLO,140100,LIMA,140000,LIMA,False,299,0,0,176,62,Acta con error aritmético | Acta con error aritmético,1,0,0,0
052025,140132,VILLA MARIA DEL TRIUNFO,140100,LIMA,140000,LIMA,False,300,0,0,154,71,,0,0,0,0
052318,140132,VILLA MARIA DEL TRIUNFO,140100,LIMA,140000,LIMA,False,300,0,0,148,85,,0,0,0,0
052673,140132,VILLA MARIA DEL TRIUNFO,140100,LIMA,140000,LIMA,False,300,0,0,141,83,,0,0,0,0
052776,140132,VILLA MARIA DEL TRIUNFO,140100,LIMA,140000,LIMA,False,300,0,0,134,113,,0,0,0,0
052983,140132,VILLA MARIA DEL TRIUNFO,140100,LIMA,140000,LIMA,False,300,0,0,138,112,,0,0,0,0
053273,140133,JESUS MARIA,140100,LIMA,140000,LIMA,False,300,0,0,151,69,,0,0,0,0
053285,140133,JESUS MARIA,140100,LIMA,140000,LIMA,False,300,0,0,149,66,,0,0,0,0
053337,140133,JESUS MARIA,140100,LIMA,140000,LIMA,False,247,0,0,143,50,,0,0,0,0
053346,140133,JESUS MARIA,140100,LIMA,140000,LIMA,False,242,0,0,90,56,,0,0,0,0
053357,140133,JESUS MARIA,140100,LIMA,140000,LIMA,False,299,0,0,130,49,,0,0,0,0
053361,140133,JESUS MARIA,140100,LIMA,140000,LIMA,False,299,0,0,127,57,,0,0,0,0
053379,140133,JESUS MARIA,140100,LIMA,140000,LIMA,False,299,0,0,122,67,,0,0,0,0
053384,140133,JESUS MARIA,140100,LIMA,140000,LIMA,False,299,0,0,142,43,,0,0,0,0
053392,140133,JESUS MARIA,140100,LIMA,140000,LIMA,False,298,0,0,130,42,,0,0,0,0
053435,140133,JESUS MARIA,140100,LIMA,140000,LIMA,False,300,0,0,169,79,,0,0,0,0
053531,140133,JESUS MARIA,140100,LIMA,140000,LIMA,False,300,0,0,152,56,,0,0,0,0
053560,140133,JESUS MARIA,140100,LIMA,140000,LIMA,False,300,0,0,158,70,,0,0,0,0
053597,140133,JESUS MARIA,140100,LIMA,140000,LIMA,False,300,0,0,169,62,,0,0,0,0
053634,140133,JESUS MARIA,140100,LIMA,140000,LIMA,False,300,0,0,135,70,,0,0,0,0
053635,140133,JESUS MARIA,140100,LIMA,140000,LIMA,False,300,0,0,138,79,,0,0,0,0
053663,140133,JESUS MARIA,140100,LIMA,140000,LIMA,False,230,0,0,118,44,,0,0,0,0
053816,140134,INDEPENDENCIA,140100,LIMA,140000,LIMA,False,299,0,0,141,97,,0,0,0,0
053830,140134,INDEPENDENCIA,140100,LIMA,140000,LIMA,False,299,0,0,126,91,,0,0,0,0
053936,140134,INDEPENDENCIA,140100,LIMA,140000,LIMA,False,299,0,0,144,98,,0,0,0,0
053960,140134,INDEPENDENCIA,140100,LIMA,140000,LIMA,False,299,0,0,141,98,,0,0,0,0
054000,140134,INDEPENDENCIA,140100,LIMA,140000,LIMA,False,299,0,0,142,82,,0,0,0,0
054029,140134,INDEPENDENCIA,140100,LIMA,140000,LIMA,False,299,0,0,145,83,,0,0,0,0
054042,140134,INDEPENDENCIA,140100,LIMA,140000,LIMA,False,299,0,0,163,77,,0,0,0,0
054070,140134,INDEPENDENCIA,140100,LIMA,140000,LIMA,False,299,0,0,134,84,,0,0,0,0
054093,140134,INDEPENDENCIA,140100,LIMA,140000,LIMA,False,299,0,0,120,82,,0,0,0,0
054095,140134,INDEPENDENCIA,140100,LIMA,140000,LIMA,False,299,0,0,136,73,,0,0,0,0
054108,140134,INDEPENDENCIA,140100,LIMA,140000,LIMA,False,299,0,0,132,87,,0,0,0,0
054131,140134,INDEPENDENCIA,140100,LIMA,140000,LIMA,False,299,0,0,149,75,,0,0,0,0
054162,140134,INDEPENDENCIA,140100,LIMA,140000,LIMA,False,299,0,0,148,78,,0,0,0,0
054179,140134,INDEPENDENCIA,140100,LIMA,140000,LIMA,False,299,0,0,149,68,,0,0,0,0
054348,140135,EL AGUSTINO,140100,LIMA,140000,LIMA,False,300,0,0,146,61,,0,0,0,0
054622,140135,EL AGUSTINO,140100,LIMA,140000,LIMA,False,300,0,0,128,88,,0,0,0,0
054626,140135,EL AGUSTINO,140100,LIMA,140000,LIMA,False,230,0,0,108,52,,0,0,0,0
054800,140135,EL AGUSTINO,140100,LIMA,140000,LIMA,False,300,0,0,125,78,,0,0,0,0
054927,140136,SAN JUAN DE MIRAFLORES,140100,LIMA,140000,LIMA,False,299,0,0,145,89,,0,0,0,0
054950,140136,SAN JUAN DE MIRAFLORES,140100,LIMA,140000,LIMA,False,299,0,0,140,58,,0,0,0,0
055043,140136,SAN JUAN DE MIRAFLORES,140100,LIMA,140000,LIMA,False,299,0,0,133,91,,0,0,0,0
055048,140136,SAN JUAN DE MIRAFLORES,140100,LIMA,140000,LIMA,False,299,0,0,136,82,,0,0,0,0
055052,140136,SAN JUAN DE MIRAFLORES,140100,LIMA,140000,LIMA,False,299,0,0,150,65,,0,0,0,0
055078,140136,SAN JUAN DE MIRAFLORES,140100,LIMA,140000,LIMA,False,299,0,0,141,58,,0,0,0,0
055121,140136,SAN JUAN DE MIRAFLORES,140100,LIMA,140000,LIMA,False,299,0,0,164,69,,0,0,0,0
055244,140136,SAN JUAN DE MIRAFLORES,140100,LIMA,140000,LIMA,False,299,0,0,156,78,,0,0,0,0
055286,140136,SAN JUAN DE MIRAFLORES,140100,LIMA,140000,LIMA,False,299,0,0,142,77,,0,0,0,0
055340,140136,SAN JUAN DE MIRAFLORES,140100,LIMA,140000,LIMA,False,299,0,0,146,81,,0,0,0,0
055427,140136,SAN JUAN DE MIRAFLORES,140100,LIMA,140000,LIMA,False,299,0,0,142,82,,0,0,0,0
055437,140136,SAN JUAN DE MIRAFLORES,140100,LIMA,140000,LIMA,False,299,0,0,163,71,,0,0,0,0
055707,140136,SAN JUAN DE MIRAFLORES,140100,LIMA,140000,LIMA,False,299,0,0,141,81,,0,0,0,0
055813,140136,SAN JUAN DE MIRAFLORES,140100,LIMA,140000,LIMA,False,299,0,0,138,91,,0,0,0,0
055894,140136,SAN JUAN DE MIRAFLORES,140100,LIMA,140000,LIMA,False,299,0,0,136,90,,0,0,0,0
055946,140136,SAN JUAN DE MIRAFLORES,140100,LIMA,140000,LIMA,False,299,0,0,150,63,,0,0,0,0
056076,140137,SAN JUAN DE LURIGANCHO,140100,LIMA,140000,LIMA,False,300,0,0,148,88,,0,0,0,0
056182,140137,SAN JUAN DE LURIGANCHO,140100,LIMA,140000,LIMA,False,300,0,0,116,105,,0,0,0,0
056240,140137,SAN JUAN DE LURIGANCHO,140100,LIMA,140000,LIMA,False,300,0,0,128,101,,0,0,0,0
056271,140137,SAN JUAN DE LURIGANCHO,140100,LIMA,140000,LIMA,False,300,0,0,107,107,,0,0,0,0
056282,140137,SAN JUAN DE LURIGANCHO,140100,LIMA,140000,LIMA,False,300,0,0,117,117,,0,0,0,0
056426,140137,SAN JUAN DE LURIGANCHO,140100,LIMA,140000,LIMA,False,300,0,0,137,95,,0,0,0,0
056474,140137,SAN JUAN DE LURIGANCHO,140100,LIMA,140000,LIMA,False,300,0,0,140,88,,0,0,0,0
056654,140137,SAN JUAN DE LURIGANCHO,140100,LIMA,140000,LIMA,False,300,0,0,131,104,,0,0,0,0
056731,140137,SAN JUAN DE LURIGANCHO,140100,LIMA,140000,LIMA,False,300,0,0,182,80,,0,0,0,0
056818,140137,SAN JUAN DE LURIGANCHO,140100,LIMA,140000,LIMA,False,300,0,0,130,106,,0,0,0,0
057016,140137,SAN JUAN DE LURIGANCHO,140100,LIMA,140000,LIMA,False,270,0,0,145,85,,0,0,0,0
057039,140137,SAN JUAN DE LURIGANCHO,140100,LIMA,140000,LIMA,False,300,0,0,132,111,,0,0,0,0
057063,140137,SAN JUAN DE LURIGANCHO,140100,LIMA,140000,LIMA,False,300,0,0,157,102,,0,0,0,0
057066,140137,SAN JUAN DE LURIGANCHO,140100,LIMA,140000,LIMA,False,300,0,0,145,99,,0,0,0,0
057070,140137,SAN JUAN DE LURIGANCHO,140100,LIMA,140000,LIMA,False,300,0,0,140,100,,0,0,0,0
057113,140137,SAN JUAN DE LURIGANCHO,140100,LIMA,140000,LIMA,False,257,0,0,114,84,,0,0,0,0
057209,140137,SAN JUAN DE LURIGANCHO,140100,LIMA,140000,LIMA,False,300,0,0,144,110,,0,0,0,0
057224,140137,SAN JUAN DE LURIGANCHO,140100,LIMA,140000,LIMA,False,240,0,0,88,77,,0,0,0,0
057235,140137,SAN JUAN DE LURIGANCHO,140100,LIMA,140000,LIMA,False,300,0,0,134,87,,0,0,0,0
057237,140137,SAN JUAN DE LURIGANCHO,140100,LIMA,140000,LIMA,False,300,0,0,132,110,,0,0,0,0
057263,140137,SAN JUAN DE LURIGANCHO,140100,LIMA,140000,LIMA,False,300,0,0,166,83,,0,0,0,0
057421,140137,SAN JUAN DE LURIGANCHO,140100,LIMA,140000,LIMA,False,300,0,0,147,70,,0,0,0,0
057561,140137,SAN JUAN DE LURIGANCHO,140100,LIMA,140000,LIMA,False,300,0,0,138,94,,0,0,0,0
057569,140137,SAN JUAN DE LURIGANCHO,140100,LIMA,140000,LIMA,False,300,0,0,133,74,,0,0,0,0
057929,140137,SAN JUAN DE LURIGANCHO,140100,LIMA,140000,LIMA,False,300,0,0,144,87,,0,0,0,0
057943,140137,SAN JUAN DE LURIGANCHO,140100,LIMA,140000,LIMA,False,300,0,0,121,88,,0,0,0,0
058167,140137,SAN JUAN DE LURIGANCHO,140100,LIMA,140000,LIMA,False,230,0,0,75,56,,0,0,0,0
058191,140137,SAN JUAN DE LURIGANCHO,140100,LIMA,140000,LIMA,False,300,0,0,130,71,,0,0,0,0
058210,140137,SAN JUAN DE LURIGANCHO,140100,LIMA,140000,LIMA,False,298,0,0,111,92,,0,0,0,0
058218,140137,SAN JUAN DE LURIGANCHO,140100,LIMA,140000,LIMA,False,300,0,0,119,95,,0,0,0,0
058525,140137,SAN JUAN DE LURIGANCHO,140100,LIMA,140000,LIMA,False,300,0,0,140,84,,0,0,0,0
058554,140137,SAN JUAN DE LURIGANCHO,140100,LIMA,140000,LIMA,False,300,0,0,0,110,,0,0,0,0
058586,140137,SAN JUAN DE LURIGANCHO,140100,LIMA,140000,LIMA,False,300,0,0,117,102,,0,0,0,0
058596,140137,SAN JUAN DE LURIGANCHO,140100,LIMA,140000,LIMA,False,300,0,0,128,90,,0,0,0,0
058634,140137,SAN JUAN DE LURIGANCHO,140100,LIMA,140000,LIMA,False,300,0,0,146,96,,0,0,0,0
058670,140137,SAN JUAN DE LURIGANCHO,140100,LIMA,140000,LIMA,False,272,0,0,131,77,,0,0,0,0
058672,140137,SAN JUAN DE LURIGANCHO,140100,LIMA,140000,LIMA,False,300,0,0,121,92,,0,0,0,0
058856,140138,SAN LUIS,140100,LIMA,140000,LIMA,False,300,0,0,254,63,"Acta con error aritmético, Acta con error aritmético | Acta con error aritmético, Acta con error aritmético",1,0,0,0
059003,140140,SAN BORJA,140100,LIMA,140000,LIMA,False,299,0,0,182,41,,0,0,0,0
059015,140140,SAN BORJA,140100,LIMA,140000,LIMA,False,299,0,0,178,43,,0,0,0,0
059019,140140,SAN BORJA,140100,LIMA,140000,LIMA,False,299,0,0,173,44,,0,0,0,0
059042,140140,SAN BORJA,140100,LIMA,140000,LIMA,False,299,0,0,206,47,,0,0,0,0
059083,140140,SAN BORJA,140100,LIMA,140000,LIMA,False,299,0,0,168,60,,0,0,0,0
059094,140140,SAN BORJA,140100,LIMA,140000,LIMA,False,299,0,0,197,38,,0,0,0,0
059191,140140,SAN BORJA,140100,LIMA,140000,LIMA,False,298,0,0,169,47,,0,0,0,0
059270,140140,SAN BORJA,140100,LIMA,140000,LIMA,False,299,0,0,168,49,,0,0,0,0
059306,140140,SAN BORJA,140100,LIMA,140000,LIMA,False,299,0,0,158,39,,0,0,0,0
059316,140140,SAN BORJA,140100,LIMA,140000,LIMA,False,299,0,0,188,41,,0,0,0,0
059371,140140,SAN BORJA,140100,LIMA,140000,LIMA,False,299,0,0,226,32,,0,0,0,0
059383,140140,SAN BORJA,140100,LIMA,140000,LIMA,False,299,0,0,178,28,,0,0,0,0
059387,140140,SAN BORJA,140100,LIMA,140000,LIMA,False,299,0,0,171,43,,0,0,0,0
059396,140140,SAN BORJA,140100,LIMA,140000,LIMA,False,299,0,0,165,39,,0,0,0,0
059411,140140,SAN BORJA,140100,LIMA,140000,LIMA,False,299,0,0,191,32,,0,0,0,0
059486,140141,VILLA EL SALVADOR,140100,LIMA,140000,LIMA,False,299,0,0,150,90,,0,0,0,0
059560,140141,VILLA EL SALVADOR,140100,LIMA,140000,LIMA,False,299,0,0,136,86,,0,0,0,0
059584,140141,VILLA EL SALVADOR,140100,LIMA,140000,LIMA,False,299,0,0,158,61,,0,0,0,0
059585,140141,VILLA EL SALVADOR,140100,LIMA,140000,LIMA,False,299,0,0,140,79,,0,0,0,0
059680,140141,VILLA EL SALVADOR,140100,LIMA,140000,LIMA,False,299,0,0,148,106,,0,0,0,0
059874,140141,VILLA EL SALVADOR,140100,LIMA,140000,LIMA,False,299,0,0,148,89,,0,0,0,0
059890,140141,VILLA EL SALVADOR,140100,LIMA,140000,LIMA,False,299,0,0,136,80,,0,0,0,0
060166,140141,VILLA EL SALVADOR,140100,LIMA,140000,LIMA,False,299,0,0,135,95,,0,0,0,0
060247,140141,VILLA EL SALVADOR,140100,LIMA,140000,LIMA,False,299,0,0,152,94,,0,0,0,0
060460,140141,VILLA EL SALVADOR,140100,LIMA,140000,LIMA,False,299,0,0,140,97,,0,0,0,0
060461,140141,VILLA EL SALVADOR,140100,LIMA,140000,LIMA,False,299,0,0,140,98,,0,0,0,0
060559,140141,VILLA EL SALVADOR,140100,LIMA,140000,LIMA,False,299,0,0,132,75,,0,0,0,0
060661,140142,LOS OLIVOS,140100,LIMA,140000,LIMA,False,299,0,0,150,96,,0,0,0,0
060743,140142,LOS OLIVOS,140100,LIMA,140000,LIMA,False,299,0,0,134,91,,0,0,0,0
060874,140142,LOS OLIVOS,140100,LIMA,140000,LIMA,False,299,0,0,130,97,,0,0,0,0
061005,140142,LOS OLIVOS,140100,LIMA,140000,LIMA,False,299,0,0,179,72,,0,0,0,0
061021,140142,LOS OLIVOS,140100,LIMA,140000,LIMA,False,299,0,0,115,125,,0,0,0,0
061127,140142,LOS OLIVOS,140100,LIMA,140000,LIMA,False,299,0,0,241,95,,0,0,0,0
061200,140142,LOS OLIVOS,140100,LIMA,140000,LIMA,False,294,0,0,148,68,,0,0,0,0
061310,140142,LOS OLIVOS,140100,LIMA,140000,LIMA,False,299,0,0,127,98,,0,0,0,0
061527,140142,LOS OLIVOS,140100,LIMA,140000,LIMA,False,299,0,0,137,79,,0,0,0,0
061530,140142,LOS OLIVOS,140100,LIMA,140000,LIMA,False,299,0,0,225,74,,0,0,0,0
061622,140143,SANTA ANITA,140100,LIMA,140000,LIMA,False,299,0,0,119,112,,0,0,0,0
061647,140143,SANTA ANITA,140100,LIMA,140000,LIMA,False,299,0,0,159,79,,0,0,0,0
061655,140143,SANTA ANITA,140100,LIMA,140000,LIMA,False,299,0,0,148,80,,0,0,0,0
061680,140143,SANTA ANITA,140100,LIMA,140000,LIMA,False,299,0,0,140,81,,0,0,0,0
061681,140143,SANTA ANITA,140100,LIMA,140000,LIMA,False,299,0,0,144,105,,0,0,0,0
061685,140143,SANTA ANITA,140100,LIMA,140000,LIMA,False,299,0,0,160,82,,0,0,0,0
061706,140143,SANTA ANITA,140100,LIMA,140000,LIMA,False,299,0,0,139,92,,0,0,0,0
061822,140143,SANTA ANITA,140100,LIMA,140000,LIMA,False,299,0,0,159,85,,0,0,0,0
061840,140143,SANTA ANITA,140100,LIMA,140000,LIMA,False,299,0,0,150,86,,0,0,0,0
061856,140143,SANTA ANITA,140100,LIMA,140000,LIMA,False,299,0,0,119,99,,0,0,0,0
061959,140143,SANTA ANITA,140100,LIMA,140000,LIMA,False,299,0,0,136,106,,0,0,0,0
062037,140143,SANTA ANITA,140100,LIMA,140000,LIMA,False,294,0,0,133,95,,0,0,0,0
062049,140143,SANTA ANITA,140100,LIMA,140000,LIMA,False,293,0,0,113,99,,0,0,0,0
062149,140143,SANTA ANITA,140100,LIMA,140000,LIMA,False,299,0,0,147,111,,0,0,0,0
062513,140406,IMPERIAL,140400,CAÑETE,140000,LIMA,False,297,0,0,119,110,,0,0,0,0
062525,140406,IMPERIAL,140400,CAÑETE,140000,LIMA,False,300,0,0,126,107,,0,0,0,0
062531,140406,IMPERIAL,140400,CAÑETE,140000,LIMA,False,300,0,0,118,127,,0,0,0,0
062830,140413,SAN LUIS,140400,CAÑETE,140000,LIMA,False,300,0,0,128,116,,0,0,0,0
062947,140501,HUACHO,140500,HUAURA,140000,LIMA,False,300,0,0,119,97,,0,0,0,0
062950,140501,HUACHO,140500,HUAURA,140000,LIMA,False,300,0,0,138,91,,0,0,0,0
063116,140504,CALETA DE CARQUIN,140500,HUAURA,140000,LIMA,False,300,0,0,170,52,,0,0,0,0
063227,140507,HUAURA,140500,HUAURA,140000,LIMA,False,300,0,0,123,117,,0,0,0,0
063296,140507,HUAURA,140500,HUAURA,140000,LIMA,False,300,0,0,80,127,,0,0,0,0
063356,140512,SANTA MARIA,140500,HUAURA,140000,LIMA,False,300,0,0,134,91,,0,0,0,0
063758,140616,SAN BARTOLOME,140600,HUAROCHIRI,140000,LIMA,False,281,0,0,88,114,Acta impugnada | Acta impugnada,0,0,1,0
064045,140801,HUARAL,140800,HUARAL,140000,LIMA,False,300,0,0,127,106,,0,0,0,0
064182,140801,HUARAL,140800,HUARAL,140000,LIMA,False,300,0,0,130,90,,0,0,0,0
064264,140804,AUCALLAMA,140800,HUARAL,140000,LIMA,False,221,0,0,63,68,,0,0,0,0
064326,140805,CHANCAY,140800,HUARAL,140000,LIMA,False,300,0,0,148,82,,0,0,0,0
064358,140805,CHANCAY,140800,HUARAL,140000,LIMA,False,300,0,0,122,95,,0,0,0,0
065016,150101,IQUITOS,150100,MAYNAS,150000,LORETO,False,300,0,0,118,84,,0,0,0,0
065068,150101,IQUITOS,150100,MAYNAS,150000,LORETO,False,300,0,0,195,87,,0,0,0,0
065608,150111,PUNCHANA,150100,MAYNAS,150000,LORETO,False,300,0,0,112,79,,0,0,0,0
066309,150201,YURIMAGUAS,150200,ALTO AMAZONAS,150000,LORETO,False,299,0,0,65,113,,0,0,0,0
066323,150201,YURIMAGUAS,150200,ALTO AMAZONAS,150000,LORETO,False,299,0,0,66,85,,0,0,0,0
066344,150201,YURIMAGUAS,150200,ALTO AMAZONAS,150000,LORETO,False,293,0,0,73,94,,0,0,0,0
066753,150401,REQUENA,150400,REQUENA,150000,LORETO,False,287,0,0,96,75,,0,0,0,0
066933,150501,CONTAMANA,150500,UCAYALI,150000,LORETO,False,300,0,0,88,83,,0,0,0,0
067412,160101,TAMBOPATA,160100,TAMBOPATA,160000,MADRE DE DIOS,False,300,0,0,64,155,,0,0,0,0
067440,160101,TAMBOPATA,160100,TAMBOPATA,160000,MADRE DE DIOS,False,265,0,0,63,124,,0,0,0,0
067530,160101,TAMBOPATA,160100,TAMBOPATA,160000,MADRE DE DIOS,False,300,0,0,85,116,,0,0,0,0
067603,160101,TAMBOPATA,160100,TAMBOPATA,160000,MADRE DE DIOS,False,230,0,0,57,89,,0,0,0,0
068046,170106,SAMEGUA,170100,MARISCAL NIETO,170000,MOQUEGUA,False,300,0,0,65,176,,0,0,0,0
068266,170301,ILO,170300,ILO,170000,MOQUEGUA,False,288,0,0,77,147,,0,0,0,0
068434,180101,CHAUPIMARCA,180100,PASCO,180000,PASCO,False,300,0,0,76,130,,0,0,0,0
068461,180101,CHAUPIMARCA,180100,PASCO,180000,PASCO,False,299,0,0,66,120,,0,0,0,0
068550,180106,NINACACA,180100,PASCO,180000,PASCO,False,300,0,0,50,0,,0,0,0,0
068726,180114,YANACANCHA,180100,PASCO,180000,PASCO,False,300,0,0,49,156,,0,0,0,0
068887,180301,OXAPAMPA,180300,OXAPAMPA,180000,PASCO,False,300,0,0,124,57,,0,0,0,0
068906,180301,OXAPAMPA,180300,OXAPAMPA,180000,PASCO,False,287,0,0,146,68,,0,0,0,0
068908,180301,OXAPAMPA,180300,OXAPAMPA,180000,PASCO,False,287,0,0,130,58,,0,0,0,0
069196,190101,PIURA,190100,PIURA,190000,PIURA,False,299,0,0,143,92,,0,0,0,0
069201,190101,PIURA,190100,PIURA,190000,PIURA,False,299,0,0,121,52,,0,0,0,0
069209,190101,PIURA,190100,PIURA,190000,PIURA,False,299,0,0,134,73,,0,0,0,0
069226,190101,PIURA,190100,PIURA,190000,PIURA,False,299,0,0,144,21,,0,0,0,0
069247,190101,PIURA,190100,PIURA,190000,PIURA,False,299,0,0,187,63,,0,0,0,0
069259,190101,PIURA,190100,PIURA,190000,PIURA,False,299,0,0,162,61,,0,0,0,0
069271,190101,PIURA,190100,PIURA,190000,PIURA,False,299,0,0,155,70,,0,0,0,0
069293,190101,PIURA,190100,PIURA,190000,PIURA,False,299,0,0,147,67,,0,0,0,0
069295,190101,PIURA,190100,PIURA,190000,PIURA,False,299,0,0,157,62,,0,0,0,0
069388,190101,PIURA,190100,PIURA,190000,PIURA,False,299,0,0,146,74,,0,0,0,0
069403,190101,PIURA,190100,PIURA,190000,PIURA,False,299,0,0,153,71,,0,0,0,0
069507,190101,PIURA,190100,PIURA,190000,PIURA,False,299,0,0,161,86,,0,0,0,0
069593,190101,PIURA,190100,PIURA,190000,PIURA,False,299,0,0,117,82,,0,0,0,0
069596,190101,PIURA,190100,PIURA,190000,PIURA,False,299,0,0,129,76,,0,0,0,0
069651,190101,PIURA,190100,PIURA,190000,PIURA,False,291,0,0,125,65,,0,0,0,0
069660,190101,PIURA,190100,PIURA,190000,PIURA,False,291,0,0,122,72,,0,0,0,0
069691,190103,CASTILLA,190100,PIURA,190000,PIURA,False,300,0,0,148,90,,0,0,0,0
069766,190103,CASTILLA,190100,PIURA,190000,PIURA,False,300,0,0,164,89,,0,0,0,0
069871,190103,CASTILLA,190100,PIURA,190000,PIURA,False,300,0,0,174,91,,0,0,0,0
069895,190103,CASTILLA,190100,PIURA,190000,PIURA,False,300,0,0,121,64,,0,0,0,0
069926,190103,CASTILLA,190100,PIURA,190000,PIURA,False,300,0,0,142,66,,0,0,0,0
069932,190103,CASTILLA,190100,PIURA,190000,PIURA,False,300,0,0,157,62,,0,0,0,0
070051,190103,CASTILLA,190100,PIURA,190000,PIURA,False,300,0,0,156,66,,0,0,0,0
070405,190106,LA UNION,190100,PIURA,190000,PIURA,False,299,0,0,92,110,,0,0,0,0
070870,190115,VEINTISEIS DE OCTUBRE,190100,PIURA,190000,PIURA,False,300,0,0,129,91,,0,0,0,0
070904,190115,VEINTISEIS DE OCTUBRE,190100,PIURA,190000,PIURA,False,300,0,0,156,93,,0,0,0,0
070913,190115,VEINTISEIS DE OCTUBRE,190100,PIURA,190000,PIURA,False,300,0,0,134,100,,0,0,0,0
070915,190115,VEINTISEIS DE OCTUBRE,190100,PIURA,190000,PIURA,False,228,0,0,89,54,,0,0,0,0
071137,190115,VEINTISEIS DE OCTUBRE,190100,PIURA,190000,PIURA,False,300,0,0,144,77,,0,0,0,0
071238,190115,VEINTISEIS DE OCTUBRE,190100,PIURA,190000,PIURA,False,300,0,0,134,104,,0,0,0,0
071904,190401,CHULUCANAS,190400,MORROPON,190000,PIURA,False,300,0,0,129,51,,0,0,0,0
071930,190401,CHULUCANAS,190400,MORROPON,190000,PIURA,False,290,0,0,130,57,,0,0,0,0
071939,190401,CHULUCANAS,190400,MORROPON,190000,PIURA,False,300,0,0,149,79,,0,0,0,0
072057,190401,CHULUCANAS,190400,MORROPON,190000,PIURA,False,300,0,0,127,64,,0,0,0,0
072224,190408,LA MATANZA,190400,MORROPON,190000,PIURA,False,300,0,0,93,113,,0,0,0,0
072311,190501,PAITA,190500,PAITA,190000,PIURA,False,300,0,0,137,80,Acta con error aritmético | Acta con error aritmético,1,0,0,0
072330,190501,PAITA,190500,PAITA,190000,PIURA,False,300,0,0,126,88,Acta con error aritmético | Acta con error aritmético,1,0,0,0
072450,190501,PAITA,190500,PAITA,190000,PIURA,False,300,0,0,131,85,"Acta impugnada, Acta con error aritmético | Acta impugnada, Acta con error aritmético",1,0,1,0
072544,190505,COLAN,190500,PAITA,190000,PIURA,False,242,0,0,71,109,Acta sin firmas | Acta sin firmas,0,0,0,1
072900,190601,SULLANA,190600,SULLANA,190000,PIURA,False,300,0,0,150,73,,0,0,0,0
072918,190601,SULLANA,190600,SULLANA,190000,PIURA,False,300,0,0,159,61,,0,0,0,0
072953,190601,SULLANA,190600,SULLANA,190000,PIURA,False,300,0,0,153,57,,0,0,0,0
072991,190601,SULLANA,190600,SULLANA,190000,PIURA,False,300,0,0,123,56,,0,0,0,0
072994,190601,SULLANA,190600,SULLANA,190000,PIURA,False,300,0,0,155,76,,0,0,0,0
073161,190602,BELLAVISTA,190600,SULLANA,190000,PIURA,False,299,0,0,173,40,,0,0,0,0
074148,200101,PUNO,200100,PUNO,200000,PUNO,False,300,0,0,43,170,,0,0,0,0
074149,200101,PUNO,200100,PUNO,200000,PUNO,False,300,0,0,62,155,,0,0,0,0
074158,200101,PUNO,200100,PUNO,200000,PUNO,False,300,0,0,42,172,,0,0,0,0
074323,200101,PUNO,200100,PUNO,200000,PUNO,False,300,0,0,58,174,,0,0,0,0
074360,200101,PUNO,200100,PUNO,200000,PUNO,False,300,0,0,56,171,,0,0,0,0
074397,200101,PUNO,200100,PUNO,200000,PUNO,False,299,0,0,52,169,,0,0,0,0
074573,200108,MAÑAZO,200100,PUNO,200000,PUNO,False,300,0,0,23,212,,0,0,0,0
074727,200201,AZANGARO,200200,AZANGARO,200000,PUNO,False,300,0,0,16,224,Acta impugnada | Acta impugnada,0,0,1,0
075349,200501,HUANCANE,200500,HUANCANE,200000,PUNO,False,300,0,0,6,218,,0,0,0,0
076034,200901,JULIACA,200900,SAN ROMAN,200000,PUNO,False,300,0,0,48,199,,0,0,0,0
076057,200901,JULIACA,200900,SAN ROMAN,200000,PUNO,False,300,0,0,50,193,,0,0,0,0
076079,200901,JULIACA,200900,SAN ROMAN,200000,PUNO,False,300,0,0,55,178,,0,0,0,0
076184,200901,JULIACA,200900,SAN ROMAN,200000,PUNO,False,300,0,0,31,197,,0,0,0,0
076350,200901,JULIACA,200900,SAN ROMAN,200000,PUNO,False,300,0,0,57,174,,0,0,0,0
076403,200901,JULIACA,200900,SAN ROMAN,200000,PUNO,False,300,0,0,54,204,,0,0,0,0
076562,200901,JULIACA,200900,SAN ROMAN,200000,PUNO,False,300,0,0,41,199,,0,0,0,0
077398,210102,CALZADA,210100,MOYOBAMBA,210000,SAN MARTIN,False,300,0,0,68,125,,0,0,0,0
077991,210405,PAJARILLO,210400,MARISCAL CACERES,210000,SAN MARTIN,False,291,0,0,99,80,,0,0,0,0
078541,210601,TARAPOTO,210600,SAN MARTIN,210000,SAN MARTIN,False,300,0,0,131,95,,0,0,0,0
078609,210604,CACATACHI,210600,SAN MARTIN,210000,SAN MARTIN,False,267,0,0,98,113,,0,0,0,0
078843,210621,LA BANDA DE SHILCAYO,210600,SAN MARTIN,210000,SAN MARTIN,False,300,0,0,120,98,,0,0,0,0
078875,210621,LA BANDA DE SHILCAYO,210600,SAN MARTIN,210000,SAN MARTIN,False,300,0,0,129,82,,0,0,0,0
079560,220101,TACNA,220100,TACNA,220000,TACNA,False,300,0,0,87,126,,0,0,0,0
079620,220101,TACNA,220100,TACNA,220000,TACNA,False,300,0,0,67,155,,0,0,0,0
079753,220101,TACNA,220100,TACNA,220000,TACNA,False,300,0,0,103,120,,0,0,0,0
079762,220101,TACNA,220100,TACNA,220000,TACNA,False,300,0,0,89,137,,0,0,0,0
079852,220109,POCOLLAY,220100,TACNA,220000,TACNA,False,300,0,0,68,148,,0,0,0,0
079856,220109,POCOLLAY,220100,TACNA,220000,TACNA,False,300,0,0,72,158,,0,0,0,0
079882,220109,POCOLLAY,220100,TACNA,220000,TACNA,False,281,0,0,67,138,,0,0,0,0
079886,220109,POCOLLAY,220100,TACNA,220000,TACNA,False,293,0,0,53,182,,0,0,0,0
079899,220109,POCOLLAY,220100,TACNA,220000,TACNA,False,292,0,0,85,154,,0,0,0,0
080131,220113,CORONEL GREGORIO ALBARRACIN LANCHIPA,220100,TACNA,220000,TACNA,False,300,0,0,46,181,,0,0,0,0
080263,220113,CORONEL GREGORIO ALBARRACIN LANCHIPA,220100,TACNA,220000,TACNA,False,293,0,0,51,189,,0,0,0,0
080377,220113,CORONEL GREGORIO ALBARRACIN LANCHIPA,220100,TACNA,220000,TACNA,False,300,0,0,83,151,,0,0,0,0
080606,230101,TUMBES,230100,TUMBES,230000,TUMBES,False,300,0,0,122,69,,0,0,0,0
080895,230104,PAMPAS DE HOSPITAL,230100,TUMBES,230000,TUMBES,False,279,0,0,139,73,,0,0,0,0
081052,230301,ZARUMILLA,230300,ZARUMILLA,230000,TUMBES,False,300,0,0,164,68,,0,0,0,0
081247,240101,CALLAO,240100,CALLAO,240000,CALLAO,False,299,0,0,149,84,,0,0,0,0
081248,240101,CALLAO,240100,CALLAO,240000,CALLAO,False,299,0,0,131,92,,0,0,0,0
081249,240101,CALLAO,240100,CALLAO,240000,CALLAO,False,299,0,0,153,80,,0,0,0,0
081322,240101,CALLAO,240100,CALLAO,240000,CALLAO,False,299,0,0,139,74,,0,0,0,0
081400,240101,CALLAO,240100,CALLAO,240000,CALLAO,False,299,0,0,153,68,,0,0,0,0
081423,240101,CALLAO,240100,CALLAO,240000,CALLAO,False,299,0,0,178,91,,0,0,0,0
081441,240101,CALLAO,240100,CALLAO,240000,CALLAO,False,299,0,0,171,79,,0,0,0,0
081443,240101,CALLAO,240100,CALLAO,240000,CALLAO,False,299,0,0,169,83,,0,0,0,0
081463,240101,CALLAO,240100,CALLAO,240000,CALLAO,False,299,0,0,144,83,,0,0,0,0
081481,240101,CALLAO,240100,CALLAO,240000,CALLAO,False,299,0,0,134,55,,0,0,0,0
081768,240101,CALLAO,240100,CALLAO,240000,CALLAO,False,299,0,0,139,57,,0,0,0,0
081813,240101,CALLAO,240100,CALLAO,240000,CALLAO,False,299,0,0,158,60,,0,0,0,0
081825,240101,CALLAO,240100,CALLAO,240000,CALLAO,False,299,0,0,141,89,,0,0,0,0
081921,240101,CALLAO,240100,CALLAO,240000,CALLAO,False,299,0,0,140,85,,0,0,0,0
081932,240101,CALLAO,240100,CALLAO,240000,CALLAO,False,299,0,0,144,71,,0,0,0,0
081988,240101,CALLAO,240100,CALLAO,240000,CALLAO,False,299,0,0,161,78,,0,0,0,0
082060,240101,CALLAO,240100,CALLAO,240000,CALLAO,False,299,0,0,155,75,,0,0,0,0
082133,240101,CALLAO,240100,CALLAO,240000,CALLAO,False,299,0,0,0,70,,0,0,0,0
082299,240101,CALLAO,240100,CALLAO,240000,CALLAO,False,299,0,0,134,59,,0,0,0,0
082369,240101,CALLAO,240100,CALLAO,240000,CALLAO,False,299,0,0,133,58,,0,0,0,0
082488,240102,BELLAVISTA,240100,CALLAO,240000,CALLAO,False,300,0,0,139,51,,0,0,0,0
082603,240102,BELLAVISTA,240100,CALLAO,240000,CALLAO,False,296,0,0,129,53,,0,0,0,0
082702,240103,LA PUNTA,240100,CALLAO,240000,CALLAO,False,277,0,0,178,26,,0,0,0,0
082759,240104,CARMEN DE LA LEGUA-REYNOSO,240100,CALLAO,240000,CALLAO,False,281,0,0,139,85,,0,0,0,0
082800,240104,CARMEN DE LA LEGUA-REYNOSO,240100,CALLAO,240000,CALLAO,False,300,0,0,149,73,,0,0,0,0
082824,240104,CARMEN DE LA LEGUA-REYNOSO,240100,CALLAO,240000,CALLAO,False,300,0,0,108,80,,0,0,0,0
082835,240104,CARMEN DE LA LEGUA-REYNOSO,240100,CALLAO,240000,CALLAO,False,230,0,0,111,46,,0,0,0,0
082845,240104,CARMEN DE LA LEGUA-REYNOSO,240100,CALLAO,240000,CALLAO,False,300,0,0,136,83,,0,0,0,0
082899,240105,LA PERLA,240100,CALLAO,240000,CALLAO,False,300,0,0,151,59,,0,0,0,0
082961,240105,LA PERLA,240100,CALLAO,240000,CALLAO,False,300,0,0,155,44,,0,0,0,0
082980,240105,LA PERLA,240100,CALLAO,240000,CALLAO,False,299,0,0,166,52,,0,0,0,0
083130,240106,VENTANILLA,240100,CALLAO,240000,CALLAO,False,300,0,0,163,84,,0,0,0,0
083306,240106,VENTANILLA,240100,CALLAO,240000,CALLAO,False,300,0,0,104,90,,0,0,0,0
083785,240106,VENTANILLA,240100,CALLAO,240000,CALLAO,False,230,0,0,74,67,,0,0,0,0
083838,240106,VENTANILLA,240100,CALLAO,240000,CALLAO,False,230,0,0,85,61,,0,0,0,0
084091,250101,CALLERIA,250100,CORONEL PORTILLO,250000,UCAYALI,False,300,0,0,127,93,,0,0,0,0
084108,250101,CALLERIA,250100,CORONEL PORTILLO,250000,UCAYALI,False,300,0,0,115,81,,0,0,0,0
084123,250101,CALLERIA,250100,CORONEL PORTILLO,250000,UCAYALI,False,300,0,0,111,75,,0,0,0,0
084138,250101,CALLERIA,250100,CORONEL PORTILLO,250000,UCAYALI,False,300,0,0,123,77,,0,0,0,0
084196,250101,CALLERIA,250100,CORONEL PORTILLO,250000,UCAYALI,False,300,0,0,117,76,,0,0,0,0
084203,250101,CALLERIA,250100,CORONEL PORTILLO,250000,UCAYALI,False,300,0,0,99,80,,0,0,0,0
084225,250101,CALLERIA,250100,CORONEL PORTILLO,250000,UCAYALI,False,286,0,0,115,89,,0,0,0,0
084293,250101,CALLERIA,250100,CORONEL PORTILLO,250000,UCAYALI,False,300,0,0,113,93,,0,0,0,0
084326,250101,CALLERIA,250100,CORONEL PORTILLO,250000,UCAYALI,False,300,0,0,120,75,,0,0,0,0
084341,250101,CALLERIA,250100,CORONEL PORTILLO,250000,UCAYALI,False,300,0,0,150,74,,0,0,0,0
084344,250101,CALLERIA,250100,CORONEL PORTILLO,250000,UCAYALI,False,300,0,0,125,95,,0,0,0,0
084376,250101,CALLERIA,250100,CORONEL PORTILLO,250000,UCAYALI,False,298,0,0,177,77,,0,0,0,0
084437,250101,CALLERIA,250100,CORONEL PORTILLO,250000,UCAYALI,False,300,0,0,128,88,,0,0,0,0
084543,250102,YARINACOCHA,250100,CORONEL PORTILLO,250000,UCAYALI,False,300,0,0,116,75,,0,0,0,0
085021,250107,MANANTAY,250100,CORONEL PORTILLO,250000,UCAYALI,False,300,0,0,123,88,,0,0,0,0
085027,250107,MANANTAY,250100,CORONEL PORTILLO,250000,UCAYALI,False,230,0,0,85,65,,0,0,0,0
085405,250301,RAIMONDI,250300,ATALAYA,250000,UCAYALI,False,291,0,0,67,73,,0,0,0,0
085407,250301,RAIMONDI,250300,ATALAYA,250000,UCAYALI,False,291,0,0,58,89,,0,0,0,0
085408,250301,RAIMONDI,250300,ATALAYA,250000,UCAYALI,False,291,0,0,62,71,,0,0,0,0
085426,250301,RAIMONDI,250300,ATALAYA,250000,UCAYALI,False,299,0,0,56,52,,0,0,0,0
900619,021301,CHIMBOTE,021300,SANTA,020000,ANCASH,False,281,0,0,89,110,Acta con error aritmético | Acta con error aritmético,1,0,0,0
900637,021305,NEPEÑA,021300,SANTA,020000,ANCASH,False,257,0,0,72,123,,0,0,0,0
900650,021305,NEPEÑA,021300,SANTA,020000,ANCASH,False,298,0,0,68,169,,0,0,0,0
900720,030310,SAN JERONIMO,030300,ANDAHUAYLAS,030000,APURIMAC,False,248,0,0,10,177,,0,0,0,0
901066,060101,CAJAMARCA,060100,CAJAMARCA,060000,CAJAMARCA,False,237,0,0,100,86,,0,0,0,0
901813,070806,PICHIGUA,070800,ESPINAR,070000,CUSCO,False,258,0,0,14,175,,0,0,0,0
902258,090101,HUANUCO,090100,HUANUCO,090000,HUANUCO,False,162,0,0,31,111,,0,0,0,0
902259,090101,HUANUCO,090100,HUANUCO,090000,HUANUCO,False,173,0,0,40,106,,0,0,0,0
