ubigeo_distrito,votos_validos,votos_blancos,votos_nulos,votos_emitidos,actas_contabilizadas,actas_total,cand_01,cand_02
010101,14933,118,1310,16361,76,76,7395,7538
010102,0,0,0,0,0,2,0,0
010103,0,0,0,0,0,5,0,0
010104,423,6,41,470,3,3,170,253
010105,0,0,0,0,0,4,0,0
010106,0,0,0,0,0,7,0,0
010107,0,0,0,0,0,2,0,0
010108,596,3,48,647,3,3,327,269
010109,0,0,0,0,0,17,0,0
010110,0,0,0,0,0,10,0,0
010111,791,5,35,831,4,4,416,375
010112,549,4,36,589,3,3,224,325
010113,0,0,0,0,0,4,0,0
010114,0,0,0,0,0,8,0,0
010115,0,0,0,0,0,3,0,0
010116,0,0,0,0,0,2,0,0
010117,0,0,0,0,0,4,0,0
010118,0,0,0,0,0,2,0,0
010119,0,0,0,0,0,3,0,0
010120,944,14,78,1036,6,6,390,554
010121,267,2,14,283,2,2,127,140
010201,4020,36,240,4296,25,25,1545,2475
010202,5247,46,306,5599,34,34,1841,3406
010203,2841,27,184,3052,15,16,917,1924
010204,1091,6,66,1163,6,6,285,806
010205,13488,88,826,14402,69,72,5554,7934
010206,0,0,0,0,0,97,0,0
010301,0,0,0,0,0,3,0,0
010302,0,0,0,0,0,3,0,0
010303,547,3,32,582,3,3,179,368
010304,267,4,10,0,0,2,110,157
010305,223,4,6,233,2,2,130,93
010306,0,0,0,0,0,17,0,0
010307,223,1,7,231,2,2,64,159
010308,395,2,25,422,3,3,161,234
010309,974,12,46,1032,6,6,366,608
010310,0,0,0,0,0,4,0,0
010311,840,11,50,901,4,18,348,492
010312,3452,36,224,3712,21,21,1741,1711
010401,336,6,34,376,2,7,142,194
010402,0,0,0,0,0,20,0,0
010403,0,0,0,0,0,7,0,0
010404,0,0,0,0,0,7,0,0
010405,0,0,0,0,0,6,0,0
010406,376,3,18,397,3,3,211,165
010407,568,7,20,595,4,4,386,182
010408,0,0,0,0,0,3,0,0
010409,2194,25,168,2387,12,12,993,1201
010410,0,0,0,0,0,2,0,0
010411,0,0,0,0,0,3,0,0
010412,0,0,0,0,0,11,0,0
010413,0,0,0,0,0,11,0,0
010414,0,0,0,0,0,18,0,0
010415,0,0,0,0,0,3,0,0
010416,0,0,0,0,0,3,0,0
010417,0,0,0,0,0,4,0,0
010418,0,0,0,0,0,2,0,0
010419,0,0,0,0,0,7,0,0
010420,0,0,0,0,0,12,0,0
010421,371,3,12,386,2,5,195,176
010422,0,0,0,0,0,4,0,0
010423,0,0,0,0,0,5,0,0
010501,0,0,0,0,0,15,0,0
010502,0,0,0,0,0,3,0,0
010503,0,0,0,0,0,8,0,0
010504,0,0,0,0,0,10,0,0
010505,0,0,0,0,0,6,0,0
010506,0,0,0,0,0,6,0,0
010507,0,0,0,0,0,3,0,0
010508,0,0,0,0,0,6,0,0
010509,0,0,0,0,0,29,0,0
010510,0,0,0,0,0,3,0,0
010511,0,0,0,0,0,2,0,0
010512,0,0,0,0,0,11,0,0
010601,0,0,0,0,0,86,0,0
010602,0,0,0,0,0,47,0,0
010603,0,0,0,0,0,41,0,0
010701,20983,159,1250,21982,111,152,7840,13143
010702,5615,39,290,5944,31,77,1639,3976
010703,0,0,0,0,0,27,0,0
010704,2855,25,162,3042,16,19,1290,1565
010705,0,0,0,0,0,22,0,0
010706,0,0,0,0,0,29,0,0
010707,0,0,0,0,0,13,0,0
020101,28819,248,2354,30579,131,167,11972,16847
020102,26561,213,2117,28175,123,183,10484,16077
020103,0,0,0,0,0,7,0,0
020104,0,0,0,0,0,2,0,0
020105,0,0,0,0,0,8,0,0
020106,1878,19,118,1522,7,17,752,1126
020107,0,0,0,0,0,5,0,0
020108,1779,18,93,1890,9,10,535,1244
020109,0,0,0,0,0,5,0,0
020110,0,0,0,0,0,16,0,0
020111,169,2,5,0,0,16,68,101
020112,1095,15,91,711,3,20,441,654
020201,0,0,0,0,0,6,0,0
020203,0,0,0,0,0,6,0,0
020205,0,0,0,0,0,2,0,0
020206,0,0,0,0,0,9,0,0
020208,0,0,0,0,0,3,0,0
020301,0,0,0,0,0,12,0,0
020302,0,0,0,0,0,1,0,0
020304,0,0,0,0,0,8,0,0
020305,0,0,0,0,0,6,0,0
020310,0,0,0,0,0,5,0,0
020311,0,0,0,0,0,7,0,0
020313,0,0,0,0,0,3,0,0
020315,0,0,0,0,0,4,0,0
020317,0,0,0,0,0,2,0,0
020320,0,0,0,0,0,3,0,0
020321,0,0,0,0,0,6,0,0
020322,0,0,0,0,0,2,0,0
020323,0,0,0,0,0,7,0,0
020324,0,0,0,0,0,2,0,0
020325,0,0,0,0,0,17,0,0
020401,1449,15,147,1611,7,43,499,950
020402,592,9,54,655,3,8,226,366
020403,0,0,0,0,0,6,0,0
020404,1478,13,66,1557,7,8,500,978
020405,0,0,0,0,0,6,0,0
020406,1664,27,164,1393,6,31,582,1082
020407,917,23,78,1018,5,5,363,554
020408,0,0,0,0,0,9,0,0
020409,182,11,16,209,1,11,31,151
020410,0,0,0,0,0,10,0,0
020411,458,1,13,323,2,12,174,284
020501,0,0,0,0,0,95,0,0
020502,0,0,0,0,0,15,0,0
020503,0,0,0,0,0,9,0,0
020505,0,0,0,0,0,24,0,0
020601,0,0,0,0,0,5,0,0
020602,0,0,0,0,0,2,0,0
020603,0,0,0,0,0,2,0,0
020604,0,0,0,0,0,9,0,0
020605,0,0,0,0,0,4,0,0
020606,0,0,0,0,0,3,0,0
020607,0,0,0,0,0,2,0,0
020701,11198,172,1223,11737,52,68,6171,5027
020702,0,0,0,0,0,4,0,0
020703,897,12,61,970,5,5,473,424
020704,0,0,0,0,0,5,0,0
020705,1043,9,83,1135,6,7,628,415
020706,0,0,0,0,0,27,0,0
020707,146,12,15,173,1,24,95,51
020708,0,0,0,0,0,16,0,0
020709,0,0,0,0,0,9,0,0
020710,0,0,0,0,0,4,0,0
020801,3095,35,220,3350,19,21,776,2319
020802,2139,17,110,2266,12,14,425,1714
020803,0,0,0,0,0,42,0,0
020804,118,1,6,125,1,11,12,106
020805,2097,36,67,2200,18,21,570,1527
020806,0,0,0,0,0,9,0,0
020807,0,0,0,0,0,10,0,0
020808,894,14,47,955,7,9,238,656
020809,0,0,0,0,0,9,0,0
020810,0,0,0,0,0,21,0,0
020811,0,0,0,0,0,4,0,0
020812,0,0,0,0,0,7,0,0
020813,7970,63,508,8151,63,119,2519,5451
020814,187,2,10,0,0,15,33,154
020815,0,0,0,0,0,7,0,0
020816,0,0,0,0,0,11,0,0
020901,0,0,0,0,0,8,0,0
020902,767,13,58,838,4,14,234,533
020903,0,0,0,0,0,10,0,0
020904,0,0,0,0,0,8,0,0
020905,0,0,0,0,0,5,0,0
020906,0,0,0,0,0,18,0,0
020907,0,0,0,0,0,4,0,0
020908,0,0,0,0,0,4,0,0
021001,0,0,0,0,0,7,0,0
021002,0,0,0,0,0,4,0,0
021003,0,0,0,0,0,24,0,0
021004,0,0,0,0,0,2,0,0
021005,0,0,0,0,0,3,0,0
021006,0,0,0,0,0,2,0,0
021007,0,0,0,0,0,2,0,0
021008,0,0,0,0,0,8,0,0
021009,0,0,0,0,0,12,0,0
021010,0,0,0,0,0,4,0,0
021011,0,0,0,0,0,8,0,0
021101,6151,115,562,6828,39,39,1403,4748
021102,1481,22,81,1584,9,11,297,1184
021103,0,0,0,0,0,21,0,0
021104,0,0,0,0,0,8,0,0
021201,3108,21,209,3338,18,18,957,2151
021202,0,0,0,0,0,3,0,0
021203,0,0,0,0,0,3,0,0
021204,79,2,0,81,1,5,35,44
021205,0,0,0,0,0,4,0,0
021206,0,0,0,0,0,6,0,0
021207,0,0,0,0,0,2,0,0
021208,1615,18,77,1710,8,8,529,1086
021209,0,0,0,0,0,5,0,0
021210,2712,19,126,2857,13,13,678,2034
021301,55427,300,5072,53791,238,621,28625,26802
021302,0,0,0,0,0,16,0,0
021303,0,0,0,0,0,13,0,0
021304,0,0,0,0,0,25,0,0
021305,1230,6,92,1328,6,41,499,731
021306,2775,17,162,878,4,14,1487,1288
021307,6480,52,566,7098,32,89,3119,3361
021308,0,0,0,0,0,47,0,0
021309,61661,337,5638,67636,294,420,31153,30508
021401,0,0,0,0,0,12,0,0
021402,0,0,0,0,0,2,0,0
021403,0,0,0,0,0,4,0,0
021404,0,0,0,0,0,11,0,0
021405,0,0,0,0,0,8,0,0
021406,0,0,0,0,0,5,0,0
021407,0,0,0,0,0,6,0,0
021408,0,0,0,0,0,9,0,0
021409,0,0,0,0,0,10,0,0
021410,0,0,0,0,0,22,0,0
021501,6905,81,662,7648,34,60,2560,4345
021502,658,10,80,553,3,6,356,302
021503,2883,33,257,3173,15,22,1035,1848
021504,1122,10,132,1264,6,6,496,626
021505,0,0,0,0,0,39,0,0
021506,1258,20,124,1150,5,10,423,835
021507,997,10,79,1086,7,8,372,625
021508,0,0,0,0,0,18,0,0
021601,0,0,0,0,0,8,0,0
021602,0,0,0,0,0,6,0,0
021603,0,0,0,0,0,5,0,0
021604,0,0,0,0,0,6,0,0
021605,0,0,0,0,0,16,0,0
021606,0,0,0,0,0,5,0,0
021701,0,0,0,0,0,32,0,0
021702,0,0,0,0,0,14,0,0
021703,0,0,0,0,0,11,0,0
021801,0,0,0,0,0,13,0,0
021802,0,0,0,0,0,10,0,0
021901,14788,79,685,14952,68,73,8229,6559
021902,0,0,0,0,0,5,0,0
021903,153,0,1,154,1,4,68,85
021904,162,3,2,0,0,4,40,122
021905,1396,12,54,1462,7,8,863,533
022001,0,0,0,0,0,3,0,0
022002,0,0,0,0,0,1,0,0
022003,0,0,0,0,0,2,0,0
022004,0,0,0,0,0,6,0,0
022005,0,0,0,0,0,4,0,0
022006,0,0,0,0,0,1,0,0
022007,0,0,0,0,0,4,0,0
022008,0,0,0,0,0,3,0,0
022009,0,0,0,0,0,4,0,0
022010,0,0,0,0,0,2,0,0
030101,30837,184,1740,32761,150,162,9112,21725
030102,362,5,10,377,2,13,56,306
030103,0,0,0,0,0,49,0,0
030104,0,0,0,0,0,5,0,0
030105,0,0,0,0,0,13,0,0
030106,229,6,15,250,2,16,31,198
030107,783,11,55,849,5,16,147,636
030108,0,0,0,0,0,10,0,0
030109,6333,39,355,6727,29,29,1815,4518
030201,0,0,0,0,0,11,0,0
030202,0,0,0,0,0,3,0,0
030203,0,0,0,0,0,4,0,0
030204,0,0,0,0,0,3,0,0
030205,0,0,0,0,0,13,0,0
030206,0,0,0,0,0,10,0,0
030207,0,0,0,0,0,3,0,0
030208,0,0,0,0,0,6,0,0
030209,0,0,0,0,0,5,0,0
030210,0,0,0,0,0,4,0,0
030211,0,0,0,0,0,3,0,0
030212,0,0,0,0,0,9,0,0
030213,636,5,40,681,4,12,161,475
030214,0,0,0,0,0,5,0,0
030215,0,0,0,0,0,4,0,0
030216,0,0,0,0,0,3,0,0
030217,0,0,0,0,0,3,0,0
030301,17801,120,978,18899,90,106,3756,14045
030302,0,0,0,0,0,23,0,0
030303,0,0,0,0,0,5,0,0
030304,0,0,0,0,0,18,0,0
030305,0,0,0,0,0,13,0,0
030306,0,0,0,0,0,23,0,0
030307,0,0,0,0,0,15,0,0
030308,0,0,0,0,0,8,0,0
030309,0,0,0,0,0,10,0,0
030310,10465,70,561,10527,49,63,1529,8936
030311,6894,57,434,6004,30,58,1711,5183
030312,0,0,0,0,0,13,0,0
030313,3656,47,196,3899,19,29,431,3225
030314,0,0,0,0,0,3,0,0
030315,2421,8,109,2538,13,28,407,2014
030316,0,0,0,0,0,7,0,0
030317,0,0,0,0,0,3,0,0
030318,0,0,0,0,0,7,0,0
030319,0,0,0,0,0,8,0,0
030320,1310,17,53,1380,6,14,58,1252
030401,0,0,0,0,0,10,0,0
030402,0,0,0,0,0,2,0,0
030403,0,0,0,0,0,6,0,0
030404,0,0,0,0,0,7,0,0
030405,0,0,0,0,0,7,0,0
030406,0,0,0,0,0,5,0,0
030407,0,0,0,0,0,6,0,0
030501,0,0,0,0,0,37,0,0
030502,0,0,0,0,0,26,0,0
030503,0,0,0,0,0,15,0,0
030504,0,0,0,0,0,31,0,0
030505,0,0,0,0,0,19,0,0
030506,0,0,0,0,0,40,0,0
030601,2409,17,88,2514,15,15,254,2155
030602,1089,1,53,979,7,9,113,976
030603,0,0,0,0,0,5,0,0
030604,0,0,0,0,0,3,0,0
030605,0,0,0,0,0,12,0,0
030606,0,0,0,0,0,4,0,0
030607,0,0,0,0,0,11,0,0
030608,0,0,0,0,0,4,0,0
030609,0,0,0,0,0,2,0,0
030610,0,0,0,0,0,3,0,0
030611,683,6,28,717,4,4,126,557
030612,0,0,0,0,0,3,0,0
030613,0,0,0,0,0,3,0,0
030614,0,0,0,0,0,5,0,0
030701,0,0,0,0,0,18,0,0
030702,0,0,0,0,0,8,0,0
030703,0,0,0,0,0,23,0,0
030704,0,0,0,0,0,7,0,0
030705,0,0,0,0,0,35,0,0
030706,0,0,0,0,0,18,0,0
030707,0,0,0,0,0,10,0,0
030708,0,0,0,0,0,12,0,0
030709,0,0,0,0,0,9,0,0
030710,0,0,0,0,0,6,0,0
030711,0,0,0,0,0,5,0,0
030712,0,0,0,0,0,4,0,0
040101,46683,139,3396,49589,216,244,27280,19403
040102,41715,117,2567,43899,183,275,16578,25137
040103,77469,285,4807,75637,314,506,26180,51289
040104,4801,16,337,4906,20,35,1644,3157
040105,3274,15,174,3463,14,14,634,2640
040106,0,0,0,0,0,98,0,0
040107,38496,134,2584,40967,168,176,16027,22469
040108,0,0,0,0,0,13,0,0
040109,80665,291,5310,85524,348,389,27926,52739
040110,0,0,0,0,0,4,0,0
040111,0,0,0,0,0,5,0,0
040112,0,0,0,0,0,10,0,0
040113,0,0,0,0,0,16,0,0
040114,14602,50,855,15507,64,91,6926,7676
040115,0,0,0,0,0,4,0,0
040116,0,0,0,0,0,7,0,0
040117,0,0,0,0,0,4,0,0
040118,0,0,0,0,0,22,0,0
040119,25193,93,1665,26951,111,189,8858,16335
040120,7218,32,352,6851,28,57,2170,5048
040121,9451,25,538,7248,30,58,3153,6298
040122,0,0,0,0,0,11,0,0
040123,15779,47,977,14308,61,103,10728,5051
040124,0,0,0,0,0,18,0,0
040125,14899,47,812,15758,64,96,2928,11971
040126,33005,105,2260,35106,141,180,12584,20421
040127,15355,56,1042,16453,65,143,4694,10661
040128,52421,209,3487,55641,228,240,19524,32897
040129,33246,132,2407,35785,148,222,17513,15733
040201,0,0,0,0,0,17,0,0
040202,0,0,0,0,0,4,0,0
040203,0,0,0,0,0,8,0,0
040204,0,0,0,0,0,13,0,0
040205,0,0,0,0,0,6,0,0
040206,0,0,0,0,0,5,0,0
040207,0,0,0,0,0,3,0,0
040208,0,0,0,0,0,6,0,0
040209,0,0,0,0,0,3,0,0
040210,0,0,0,0,0,4,0,0
040211,0,0,0,0,0,6,0,0
040212,0,0,0,0,0,3,0,0
040213,0,0,0,0,0,3,0,0
040214,0,0,0,0,0,4,0,0
040215,0,0,0,0,0,3,0,0
040216,0,0,0,0,0,4,0,0
040217,0,0,0,0,0,6,0,0
040218,0,0,0,0,0,3,0,0
040219,0,0,0,0,0,8,0,0
040220,14470,59,676,15205,65,190,2458,12012
040301,7337,37,376,7750,36,45,4135,3202
040302,2604,16,107,2727,12,14,1164,1440
040303,0,0,0,0,0,16,0,0
040304,1268,9,55,1332,6,21,382,886
040305,3279,24,199,3502,16,22,1369,1910
040306,0,0,0,0,0,13,0,0
040307,0,0,0,0,0,4,0,0
040308,5332,29,276,5637,25,47,1865,3467
040401,0,0,0,0,0,13,0,0
040402,0,0,0,0,0,12,0,0
040403,0,0,0,0,0,15,0,0
040404,0,0,0,0,0,2,0,0
040405,0,0,0,0,0,10,0,0
040406,0,0,0,0,0,3,0,0
040407,0,0,0,0,0,23,0,0
040408,0,0,0,0,0,9,0,0
040409,0,0,0,0,0,7,0,0
040410,0,0,0,0,0,5,0,0
040411,0,0,0,0,0,5,0,0
040412,0,0,0,0,0,6,0,0
040413,0,0,0,0,0,6,0,0
040501,0,0,0,0,0,28,0,0
040502,0,0,0,0,0,4,0,0
040503,0,0,0,0,0,2,0,0
040504,0,0,0,0,0,7,0,0
040505,0,0,0,0,0,4,0,0
040506,0,0,0,0,0,6,0,0
040507,0,0,0,0,0,7,0,0
040508,0,0,0,0,0,3,0,0
040509,0,0,0,0,0,12,0,0
040510,0,0,0,0,0,6,0,0
040511,0,0,0,0,0,2,0,0
040512,1382,5,69,1062,5,20,496,886
040513,0,0,0,0,0,1,0,0
040514,0,0,0,0,0,4,0,0
040601,1637,15,133,1785,10,10,499,1138
040602,0,0,0,0,0,2,0,0
040603,0,0,0,0,0,9,0,0
040604,0,0,0,0,0,3,0,0
040605,268,0,9,277,2,3,95,173
040606,0,0,0,0,0,3,0,0
040607,0,0,0,0,0,16,0,0
040608,0,0,0,0,0,9,0,0
040701,16184,76,967,17227,76,76,6371,9813
040702,4986,17,232,5235,23,35,1207,3779
040703,4451,19,154,4624,20,22,852,3599
040704,2963,15,163,3141,14,16,929,2034
040705,930,1,41,972,5,6,343,587
040706,4377,19,169,4565,21,23,1030,3347
040801,0,0,0,0,0,7,0,0
040802,0,0,0,0,0,6,0,0
040803,0,0,0,0,0,2,0,0
040804,0,0,0,0,0,7,0,0
040805,0,0,0,0,0,7,0,0
040806,0,0,0,0,0,9,0,0
040807,0,0,0,0,0,2,0,0
040808,0,0,0,0,0,2,0,0
040809,0,0,0,0,0,2,0,0
040810,0,0,0,0,0,2,0,0
040811,0,0,0,0,0,3,0,0
050101,48940,229,2438,51387,233,251,13264,35676
050102,0,0,0,0,0,16,0,0
050103,15580,67,691,16338,71,71,3124,12456
050104,0,0,0,0,0,22,0,0
050105,0,0,0,0,0,19,0,0
050106,0,0,0,0,0,8,0,0
050107,24571,120,1119,25810,115,124,5571,19000
050108,0,0,0,0,0,7,0,0
050109,0,0,0,0,0,54,0,0
050110,0,0,0,0,0,21,0,0
050111,0,0,0,0,0,30,0,0
050112,0,0,0,0,0,27,0,0
050113,0,0,0,0,0,22,0,0
050114,0,0,0,0,0,10,0,0
050115,10152,47,374,10573,47,51,2506,7646
050116,11727,56,613,12396,54,54,3101,8626
050201,2922,23,184,3129,18,18,353,2569
050204,340,1,22,363,2,26,37,303
050206,2126,20,118,2264,11,28,356,1770
050207,0,0,0,0,0,19,0,0
050208,0,0,0,0,0,14,0,0
050211,0,0,0,0,0,7,0,0
050301,19734,162,1089,20985,107,107,5009,14725
050302,0,0,0,0,0,7,0,0
050303,1907,8,85,2000,10,15,261,1646
050304,2282,16,110,2408,12,12,518,1764
050305,4079,36,207,4322,23,23,1162,2917
050307,0,0,0,0,0,14,0,0
050308,0,0,0,0,0,32,0,0
050309,0,0,0,0,0,27,0,0
050310,0,0,0,0,0,11,0,0
050311,0,0,0,0,0,14,0,0
050312,0,0,0,0,0,8,0,0
050313,0,0,0,0,0,8,0,0
050314,0,0,0,0,0,3,0,0
050401,0,0,0,0,0,26,0,0
050402,0,0,0,0,0,25,0,0
050403,0,0,0,0,0,23,0,0
050404,0,0,0,0,0,7,0,0
050405,0,0,0,0,0,16,0,0
050406,0,0,0,0,0,32,0,0
050407,0,0,0,0,0,5,0,0
050408,0,0,0,0,0,32,0,0
050409,0,0,0,0,0,22,0,0
050410,0,0,0,0,0,12,0,0
050411,0,0,0,0,0,5,0,0
050412,0,0,0,0,0,7,0,0
050413,0,0,0,0,0,5,0,0
050414,0,0,0,0,0,6,0,0
050415,0,0,0,0,0,5,0,0
050501,6456,33,261,6750,36,36,1141,5315
050502,0,0,0,0,0,11,0,0
050503,0,0,0,0,0,4,0,0
050504,0,0,0,0,0,4,0,0
050506,0,0,0,0,0,7,0,0
050508,0,0,0,0,0,9,0,0
050510,0,0,0,0,0,7,0,0
050511,0,0,0,0,0,5,0,0
050512,0,0,0,0,0,5,0,0
050513,1231,14,73,1318,7,8,184,1047
050514,0,0,0,0,0,4,0,0
050516,0,0,0,0,0,8,0,0
050517,0,0,0,0,0,5,0,0
050520,0,0,0,0,0,12,0,0
050521,420,0,15,435,3,3,84,336
050522,0,0,0,0,0,10,0,0
050524,0,0,0,0,0,2,0,0
050525,0,0,0,0,0,5,0,0
050529,0,0,0,0,0,2,0,0
050531,0,0,0,0,0,5,0,0
050532,0,0,0,0,0,6,0,0
050601,3970,28,183,4181,23,31,476,3494
050604,0,0,0,0,0,4,0,0
050605,1157,7,40,1204,7,7,189,968
050608,0,0,0,0,0,3,0,0
050611,0,0,0,0,0,14,0,0
050612,0,0,0,0,0,7,0,0
050615,0,0,0,0,0,4,0,0
050616,0,0,0,0,0,7,0,0
050701,1006,12,43,1061,6,6,69,937
050702,659,3,27,689,5,7,55,604
050703,0,0,0,0,0,3,0,0
050704,0,0,0,0,0,10,0,0
050706,0,0,0,0,0,5,0,0
050707,664,3,25,692,5,6,116,548
050708,0,0,0,0,0,8,0,0
050709,0,0,0,0,0,4,0,0
050710,561,9,23,593,5,8,103,458
050713,0,0,0,0,0,10,0,0
050714,0,0,0,0,0,11,0,0
050715,0,0,0,0,0,2,0,0
050801,0,0,0,0,0,10,0,0
050802,0,0,0,0,0,6,0,0
050803,0,0,0,0,0,9,0,0
050804,0,0,0,0,0,9,0,0
050901,0,0,0,0,0,22,0,0
050902,0,0,0,0,0,15,0,0
050903,0,0,0,0,0,5,0,0
050904,0,0,0,0,0,4,0,0
050905,0,0,0,0,0,9,0,0
050906,0,0,0,0,0,7,0,0
050907,0,0,0,0,0,5,0,0
050908,0,0,0,0,0,5,0,0
051001,0,0,0,0,0,8,0,0
051002,0,0,0,0,0,3,0,0
051003,0,0,0,0,0,2,0,0
051004,0,0,0,0,0,7,0,0
051005,0,0,0,0,0,2,0,0
051006,0,0,0,0,0,4,0,0
051007,0,0,0,0,0,2,0,0
051008,0,0,0,0,0,3,0,0
051009,0,0,0,0,0,1,0,0
051010,0,0,0,0,0,2,0,0
051101,0,0,0,0,0,8,0,0
051102,0,0,0,0,0,1,0,0
051103,0,0,0,0,0,2,0,0
051104,0,0,0,0,0,4,0,0
051105,0,0,0,0,0,3,0,0
051106,0,0,0,0,0,3,0,0
051107,0,0,0,0,0,3,0,0
051108,0,0,0,0,0,3,0,0
051109,0,0,0,0,0,2,0,0
051110,0,0,0,0,0,3,0,0
051111,0,0,0,0,0,5,0,0
060101,118757,800,9512,128815,551,593,59116,59641
060102,0,0,0,0,0,27,0,0
060103,0,0,0,0,0,22,0,0
060104,500,11,29,540,3,13,80,420
060105,371,4,21,396,2,93,136,235
060106,6541,103,715,7359,36,45,2949,3592
060107,18047,198,1386,19383,81,119,8801,9246
060108,2168,15,155,2338,10,17,1096,1072
060109,0,0,0,0,0,31,0,0
060110,0,0,0,0,0,13,0,0
060111,0,0,0,0,0,31,0,0
060112,0,0,0,0,0,17,0,0
060201,0,0,0,0,0,97,0,0
060202,0,0,0,0,0,63,0,0
060203,0,0,0,0,0,36,0,0
060205,0,0,0,0,0,24,0,0
060301,0,0,0,0,0,71,0,0
060302,0,0,0,0,0,25,0,0
060303,0,0,0,0,0,10,0,0
060304,0,0,0,0,0,40,0,0
060305,0,0,0,0,0,3,0,0
060306,0,0,0,0,0,9,0,0
060307,0,0,0,0,0,15,0,0
060308,0,0,0,0,0,19,0,0
060309,0,0,0,0,0,33,0,0
060310,0,0,0,0,0,17,0,0
060311,0,0,0,0,0,6,0,0
060312,0,0,0,0,0,22,0,0
060401,0,0,0,0,0,20,0,0
060403,1734,11,95,1840,9,9,711,1023
060404,0,0,0,0,0,8,0,0
060405,0,0,0,0,0,10,0,0
060406,0,0,0,0,0,5,0,0
060407,502,5,19,526,3,8,203,299
060408,0,0,0,0,0,18,0,0
060409,0,0,0,0,0,4,0,0
060501,27182,330,2121,29633,144,148,9264,17918
060502,0,0,0,0,0,28,0,0
060503,0,0,0,0,0,8,0,0
060504,0,0,0,0,0,13,0,0
060505,49,0,2,51,1,12,4,45
060506,0,0,0,0,0,17,0,0
060507,0,0,0,0,0,42,0,0
060508,0,0,0,0,0,14,0,0
060509,0,0,0,0,0,7,0,0
060510,0,0,0,0,0,10,0,0
060511,0,0,0,0,0,10,0,0
060512,0,0,0,0,0,16,0,0
060513,0,0,0,0,0,23,0,0
060514,0,0,0,0,0,29,0,0
060515,0,0,0,0,0,4,0,0
060601,24796,274,1682,26752,129,145,5067,19729
060602,0,0,0,0,0,11,0,0
060603,0,0,0,0,0,17,0,0
060604,364,7,26,397,2,18,39,325
060605,0,0,0,0,0,13,0,0
060606,0,0,0,0,0,13,0,0
060607,0,0,0,0,0,7,0,0
060608,0,0,0,0,0,24,0,0
060609,3725,34,184,3363,18,39,925,2800
060610,0,0,0,0,0,19,0,0
060611,0,0,0,0,0,14,0,0
060612,0,0,0,0,0,16,0,0
060613,0,0,0,0,0,5,0,0
060614,0,0,0,0,0,30,0,0
060615,0,0,0,0,0,45,0,0
060616,0,0,0,0,0,4,0,0
060617,0,0,0,0,0,5,0,0
060618,0,0,0,0,0,9,0,0
060619,215,0,7,222,1,31,17,198
060701,15924,250,1517,16318,86,204,2861,13063
060702,0,0,0,0,0,12,0,0
060703,0,0,0,0,0,48,0,0
060801,48217,344,2963,47677,222,297,17762,30455
060802,7214,43,354,7154,34,50,1958,5256
060803,0,0,0,0,0,37,0,0
060804,0,0,0,0,0,31,0,0
060805,0,0,0,0,0,29,0,0
060806,0,0,0,0,0,23,0,0
060807,0,0,0,0,0,22,0,0
060808,0,0,0,0,0,15,0,0
060809,361,4,15,0,0,25,92,269
060810,290,3,12,305,2,33,69,221
060811,108,0,1,109,1,18,6,102
060812,0,0,0,0,0,27,0,0
060901,0,0,0,0,0,25,0,0
060902,0,0,0,0,0,27,0,0
060903,0,0,0,0,0,12,0,0
060904,0,0,0,0,0,10,0,0
060905,55,0,7,62,1,10,11,44
060906,0,0,0,0,0,13,0,0
060907,0,0,0,0,0,2,0,0
060908,0,0,0,0,0,5,0,0
060909,0,0,0,0,0,10,0,0
060910,0,0,0,0,0,5,0,0
060911,0,0,0,0,0,7,0,0
061001,482,20,47,549,3,36,239,243
061002,0,0,0,0,0,14,0,0
061003,0,0,0,0,0,8,0,0
061004,148,0,11,159,1,16,67,81
061005,0,0,0,0,0,5,0,0
061006,0,0,0,0,0,11,0,0
061007,0,0,0,0,0,8,0,0
061008,292,3,6,301,2,14,118,174
061009,380,4,13,397,2,10,192,188
061010,0,0,0,0,0,11,0,0
061011,0,0,0,0,0,11,0,0
061012,0,0,0,0,0,11,0,0
061013,0,0,0,0,0,5,0,0
061101,0,0,0,0,0,101,0,0
061102,307,1,14,322,2,45,97,210
061103,0,0,0,0,0,59,0,0
061104,0,0,0,0,0,28,0,0
061105,0,0,0,0,0,63,0,0
061106,0,0,0,0,0,56,0,0
061107,0,0,0,0,0,56,0,0
061201,0,0,0,0,0,56,0,0
061202,0,0,0,0,0,7,0,0
061203,215,0,16,0,0,22,82,133
061204,0,0,0,0,0,12,0,0
061205,0,0,0,0,0,10,0,0
061206,0,0,0,0,0,46,0,0
061207,0,0,0,0,0,9,0,0
061301,6833,73,462,7368,39,39,1761,5072
061302,1503,13,48,1564,10,16,440,1063
061303,813,7,51,871,5,5,322,491
061304,1909,23,89,2021,11,14,664,1245
070101,68709,383,5521,74613,323,334,26454,42255
070102,0,0,0,0,0,10,0,0
070103,0,0,0,0,0,27,0,0
070104,22453,126,1604,24183,103,134,6915,15538
070105,54365,318,3943,58626,251,261,17510,36855
070106,46025,291,3296,49612,217,259,14711,31314
070107,0,0,0,0,0,20,0,0
070108,43780,226,3241,47247,204,214,20925,22855
070201,0,0,0,0,0,14,0,0
070202,163,3,3,169,1,9,8,155
070203,0,0,0,0,0,8,0,0
070204,0,0,0,0,0,23,0,0
070205,0,0,0,0,0,9,0,0
070206,0,0,0,0,0,12,0,0
070207,0,0,0,0,0,5,0,0
070301,435,5,19,459,2,61,27,408
070302,0,0,0,0,0,17,0,0
070303,0,0,0,0,0,19,0,0
070304,0,0,0,0,0,27,0,0
070305,0,0,0,0,0,12,0,0
070306,0,0,0,0,0,13,0,0
070307,0,0,0,0,0,13,0,0
070308,0,0,0,0,0,9,0,0
070309,0,0,0,0,0,23,0,0
070401,4834,37,337,5208,25,64,948,3886
070402,573,17,39,629,3,13,115,458
070403,362,4,26,392,2,18,33,329
070404,0,0,0,0,0,23,0,0
070405,0,0,0,0,0,32,0,0
070406,0,0,0,0,0,19,0,0
070407,0,0,0,0,0,14,0,0
070408,0,0,0,0,0,30,0,0
070501,0,0,0,0,0,29,0,0
070502,127,0,5,0,0,20,1,126
070503,2819,17,174,3010,15,16,212,2607
070504,1735,8,81,828,4,9,161,1574
070505,559,1,38,598,3,18,35,524
070506,0,0,0,0,0,6,0,0
070507,0,0,0,0,0,10,0,0
070508,0,0,0,0,0,10,0,0
070601,26227,139,1440,26166,119,161,3486,22741
070602,1367,6,74,1447,7,15,155,1212
070603,1338,6,41,1385,7,16,127,1211
070604,3527,15,195,3737,18,32,276,3251
070605,770,3,43,457,2,23,70,700
070606,3110,18,156,3284,16,16,272,2838
070607,1715,6,46,1767,8,10,148,1567
070608,458,2,7,467,2,17,29,429
070701,0,0,0,0,0,60,0,0
070702,0,0,0,0,0,17,0,0
070703,0,0,0,0,0,33,0,0
070704,0,0,0,0,0,26,0,0
070705,0,0,0,0,0,39,0,0
070706,0,0,0,0,0,22,0,0
070707,0,0,0,0,0,13,0,0
070708,0,0,0,0,0,26,0,0
070801,17277,117,958,18352,87,94,2434,14843
070802,0,0,0,0,0,4,0,0
070803,4971,29,213,5213,27,53,339,4632
070804,1089,6,71,1166,6,6,80,1009
070805,2516,16,175,2707,14,23,261,2255
070806,2805,15,170,2990,15,16,204,2601
070807,0,0,0,0,0,10,0,0
070808,1416,5,77,1029,6,11,144,1272
070901,20326,107,1012,21445,105,108,5419,14907
070902,7533,28,325,7886,61,102,1566,5967
070903,2831,19,164,3014,16,18,665,2166
070904,3547,27,168,3742,19,21,679,2868
070905,0,0,0,0,0,18,0,0
070906,0,0,0,0,0,24,0,0
070907,0,0,0,0,0,37,0,0
070908,0,0,0,0,0,43,0,0
070909,0,0,0,0,0,45,0,0
070910,0,0,0,0,0,84,0,0
070911,0,0,0,0,0,16,0,0
070912,0,0,0,0,0,8,0,0
070913,0,0,0,0,0,9,0,0
070915,0,0,0,0,0,41,0,0
070916,0,0,0,0,0,20,0,0
070917,0,0,0,0,0,8,0,0
070918,0,0,0,0,0,12,0,0
070919,0,0,0,0,0,18,0,0
071001,0,0,0,0,0,11,0,0
071002,0,0,0,0,0,12,0,0
071003,0,0,0,0,0,14,0,0
071004,0,0,0,0,0,5,0,0
071005,0,0,0,0,0,20,0,0
071006,0,0,0,0,0,19,0,0
071007,0,0,0,0,0,10,0,0
071008,0,0,0,0,0,9,0,0
071009,0,0,0,0,0,5,0,0
071101,0,0,0,0,0,37,0,0
071102,1610,14,71,1695,8,10,219,1391
071103,0,0,0,0,0,29,0,0
071104,0,0,0,0,0,29,0,0
071105,0,0,0,0,0,18,0,0
071106,0,0,0,0,0,20,0,0
071201,6903,48,388,7339,35,41,1261,5642
071202,3778,20,228,4026,19,19,675,3103
071203,0,0,0,0,0,9,0,0
071204,0,0,0,0,0,10,0,0
071205,873,2,41,233,1,35,125,748
071206,614,0,17,631,3,15,50,564
071207,2590,16,161,2767,13,13,503,2087
071208,2896,35,118,3049,13,13,715,2181
071209,0,0,0,0,0,15,0,0
071210,0,0,0,0,0,48,0,0
071211,5143,21,266,5430,24,29,1241,3902
071212,2930,30,194,1615,8,30,223,2707
071301,10139,63,626,10828,50,68,2405,7734
071302,931,3,50,984,4,36,150,781
071303,2900,21,118,3039,14,18,574,2326
071304,0,0,0,0,0,31,0,0
071305,3121,22,155,3298,16,24,455,2666
071306,0,0,0,0,0,32,0,0
071307,2149,9,93,2251,10,10,468,1681
080101,18363,90,865,19318,91,110,3193,15170
080102,0,0,0,0,0,10,0,0
080103,440,2,29,471,3,72,111,329
080104,0,0,0,0,0,3,0,0
080105,0,0,0,0,0,7,0,0
080106,0,0,0,0,0,7,0,0
080108,0,0,0,0,0,3,0,0
080109,0,0,0,0,0,4,0,0
080110,0,0,0,0,0,3,0,0
080111,0,0,0,0,0,3,0,0
080112,0,0,0,0,0,3,0,0
080113,0,0,0,0,0,4,0,0
080114,53,0,2,55,1,9,8,45
080115,1671,16,72,1759,10,10,228,1443
080116,0,0,0,0,0,4,0,0
080117,0,0,0,0,0,8,0,0
080118,4255,20,130,4405,25,67,458,3797
080119,7569,20,354,7943,36,36,1206,6363
080120,303,1,11,315,2,21,35,268
080201,0,0,0,0,0,29,0,0
080202,822,13,37,745,6,20,98,724
080203,0,0,0,0,0,13,0,0
080204,0,0,0,0,0,9,0,0
080205,0,0,0,0,0,7,0,0
080206,0,0,0,0,0,34,0,0
080207,0,0,0,0,0,11,0,0
080208,0,0,0,0,0,20,0,0
080301,10689,124,665,10592,58,69,2027,8662
080302,3760,35,151,3432,20,24,350,3410
080303,448,3,12,463,3,3,64,384
080304,380,3,15,207,2,14,32,348
080305,0,0,0,0,0,5,0,0
080306,631,8,23,316,2,5,81,550
080307,0,0,0,0,0,5,0,0
080308,0,0,0,0,0,4,0,0
080309,0,0,0,0,0,5,0,0
080310,0,0,0,0,0,6,0,0
080311,0,0,0,0,0,10,0,0
080312,1967,13,85,2065,11,11,242,1725
080401,0,0,0,0,0,9,0,0
080402,0,0,0,0,0,5,0,0
080403,0,0,0,0,0,7,0,0
080405,0,0,0,0,0,5,0,0
080406,0,0,0,0,0,4,0,0
080408,0,0,0,0,0,4,0,0
080409,0,0,0,0,0,7,0,0
080410,0,0,0,0,0,3,0,0
080414,0,0,0,0,0,5,0,0
080422,0,0,0,0,0,4,0,0
080427,0,0,0,0,0,4,0,0
080428,0,0,0,0,0,7,0,0
080429,0,0,0,0,0,5,0,0
080501,4210,25,215,4450,24,28,1018,3192
080502,0,0,0,0,0,13,0,0
080503,2657,16,160,2833,15,15,443,2214
080504,2361,16,107,2484,14,16,349,2012
080506,400,2,19,421,2,41,18,382
080509,5637,48,286,5971,30,30,944,4693
080511,0,0,0,0,0,8,0,0
080512,0,0,0,0,0,15,0,0
080515,0,0,0,0,0,7,0,0
080517,0,0,0,0,0,20,0,0
080518,0,0,0,0,0,3,0,0
080519,0,0,0,0,0,16,0,0
080520,0,0,0,0,0,11,0,0
080523,0,0,0,0,0,14,0,0
080525,0,0,0,0,0,8,0,0
080526,0,0,0,0,0,11,0,0
080528,0,0,0,0,0,18,0,0
080529,0,0,0,0,0,8,0,0
080530,0,0,0,0,0,4,0,0
080531,101,0,3,0,0,10,5,96
080532,0,0,0,0,0,6,0,0
080533,0,0,0,0,0,5,0,0
080534,0,0,0,0,0,4,0,0
080601,0,0,0,0,0,4,0,0
080602,0,0,0,0,0,5,0,0
080603,0,0,0,0,0,3,0,0
080604,1109,2,38,1149,6,6,441,668
080605,0,0,0,0,0,3,0,0
080606,0,0,0,0,0,5,0,0
080607,0,0,0,0,0,15,0,0
080608,0,0,0,0,0,3,0,0
080609,0,0,0,0,0,3,0,0
080610,0,0,0,0,0,5,0,0
080611,0,0,0,0,0,5,0,0
080612,0,0,0,0,0,4,0,0
080613,0,0,0,0,0,10,0,0
080614,0,0,0,0,0,4,0,0
080615,0,0,0,0,0,4,0,0
080616,0,0,0,0,0,5,0,0
080701,0,0,0,0,0,15,0,0
080702,0,0,0,0,0,21,0,0
080703,0,0,0,0,0,9,0,0
080704,0,0,0,0,0,9,0,0
080705,0,0,0,0,0,3,0,0
080706,0,0,0,0,0,12,0,0
080707,0,0,0,0,0,16,0,0
080708,0,0,0,0,0,4,0,0
080709,0,0,0,0,0,11,0,0
080710,0,0,0,0,0,9,0,0
080711,0,0,0,0,0,12,0,0
090101,46380,215,3065,49660,227,232,22253,24127
090102,0,0,0,0,0,48,0,0
090103,1336,3,119,1132,6,60,485,851
090104,0,0,0,0,0,21,0,0
090105,394,1,18,413,3,19,47,347
090106,3544,30,253,3827,19,20,1001,2543
090107,417,3,32,452,3,15,34,383
090108,3797,50,357,4204,22,67,1252,2545
090109,171,0,12,183,1,12,11,160
090110,45638,209,2938,48785,217,226,20518,25120
090111,18640,88,1127,19855,88,99,6812,11828
090112,143,0,11,0,0,12,15,128
090113,193,1,14,208,1,27,57,136
090201,2566,19,176,1064,5,52,1005,1561
090202,0,0,0,0,0,13,0,0
090203,0,0,0,0,0,10,0,0
090204,1950,16,121,1607,8,21,745,1205
090205,0,0,0,0,0,25,0,0
090206,156,2,8,166,1,8,43,113
090207,0,0,0,0,0,32,0,0
090208,563,5,57,625,3,13,291,272
090301,0,0,0,0,0,13,0,0
090307,0,0,0,0,0,14,0,0
090312,0,0,0,0,0,21,0,0
090314,76,2,8,86,1,20,16,60
090316,0,0,0,0,0,4,0,0
090317,0,0,0,0,0,20,0,0
090321,0,0,0,0,0,7,0,0
090322,0,0,0,0,0,11,0,0
090323,0,0,0,0,0,10,0,0
090401,5716,58,425,6199,36,36,1372,4344
090402,0,0,0,0,0,7,0,0
090403,0,0,0,0,0,14,0,0
090404,487,6,60,371,2,19,152,335
090405,0,0,0,0,0,5,0,0
090406,60,3,7,70,1,11,8,52
090407,0,0,0,0,0,42,0,0
090408,0,0,0,0,0,7,0,0
090409,641,6,34,681,4,15,92,549
090410,0,0,0,0,0,10,0,0
090411,0,0,0,0,0,7,0,0
090501,0,0,0,0,0,43,0,0
090502,0,0,0,0,0,22,0,0
090505,0,0,0,0,0,8,0,0
090506,0,0,0,0,0,12,0,0
090507,0,0,0,0,0,9,0,0
090601,19072,122,1125,17436,87,149,10832,8240
090602,376,2,32,410,2,24,135,241
090603,2357,31,144,2136,11,13,928,1429
090604,5172,43,264,5262,26,34,2401,2771
090605,3612,42,246,3900,21,38,1578,2034
090606,0,0,0,0,0,67,0,0
090607,0,0,0,0,0,12,0,0
090608,4375,23,271,3985,18,29,2236,2139
090609,2158,20,168,2346,12,13,737,1421
090610,181,1,14,0,0,10,52,129
090701,0,0,0,0,0,56,0,0
090702,0,0,0,0,0,35,0,0
090704,0,0,0,0,0,39,0,0
090706,0,0,0,0,0,36,0,0
090801,0,0,0,0,0,19,0,0
090802,4704,54,355,5113,33,38,1832,2872
090803,0,0,0,0,0,23,0,0
090804,0,0,0,0,0,20,0,0
090805,0,0,0,0,0,19,0,0
090901,0,0,0,0,0,16,0,0
090902,0,0,0,0,0,20,0,0
090903,0,0,0,0,0,11,0,0
090904,0,0,0,0,0,8,0,0
091001,0,0,0,0,0,14,0,0
091002,0,0,0,0,0,9,0,0
091003,312,4,13,329,3,11,52,260
091004,0,0,0,0,0,3,0,0
091005,0,0,0,0,0,17,0,0
091006,0,0,0,0,0,17,0,0
091007,0,0,0,0,0,6,0,0
091101,3013,32,160,2674,17,20,369,2644
091102,164,1,5,170,1,20,17,147
091103,0,0,0,0,0,10,0,0
091104,1202,7,30,1239,12,12,196,1006
091105,989,5,40,1034,7,9,190,799
091106,552,8,28,489,4,23,100,452
091107,0,0,0,0,0,9,0,0
091108,1570,9,47,1626,13,13,169,1401
100101,83158,377,4406,83012,356,485,48297,34861
100102,16806,78,889,16297,67,105,8443,8363
100103,9017,50,519,9586,40,50,4508,4509
100104,14274,65,737,15076,64,134,7486,6788
100105,0,0,0,0,0,17,0,0
100106,12099,52,599,12750,53,70,5261,6838
100107,0,0,0,0,0,22,0,0
100108,0,0,0,0,0,23,0,0
100109,3415,13,163,3591,15,72,1266,2149
100110,15221,65,790,16076,67,75,7761,7460
100111,230,0,7,237,1,12,97,133
100112,2035,14,86,2135,9,16,1013,1022
100113,1918,10,86,2014,8,21,942,976
100114,599,8,27,634,3,17,282,317
100201,48111,339,2783,51233,210,213,28184,19927
100202,0,0,0,0,0,16,0,0
100203,7609,63,342,8014,33,40,3877,3732
100204,8662,90,469,9221,38,38,3755,4907
100205,14343,101,794,15238,60,67,8244,6099
100206,0,0,0,0,0,6,0,0
100207,16376,144,1205,17725,70,71,9467,6909
100208,3357,22,171,3550,15,15,2125,1232
100209,3268,22,164,3454,14,23,1657,1611
100210,30817,200,1669,32686,135,139,16124,14693
100211,0,0,0,0,0,6,0,0
100301,0,0,0,0,0,87,0,0
100302,0,0,0,0,0,9,0,0
100303,0,0,0,0,0,11,0,0
100304,0,0,0,0,0,51,0,0
100305,0,0,0,0,0,60,0,0
100401,2153,10,117,2280,10,184,1293,860
100402,0,0,0,0,0,8,0,0
100403,0,0,0,0,0,20,0,0
100404,0,0,0,0,0,37,0,0
100405,0,0,0,0,0,23,0,0
100406,0,0,0,0,0,48,0,0
100407,10746,83,567,11396,46,62,4666,6080
100408,0,0,0,0,0,44,0,0
100501,0,0,0,0,0,24,0,0
100502,0,0,0,0,0,6,0,0
100503,0,0,0,0,0,9,0,0
100504,0,0,0,0,0,5,0,0
100505,0,0,0,0,0,2,0,0
110101,73751,330,4449,76497,332,365,37555,36196
110103,0,0,0,0,0,2,0,0
110104,0,0,0,0,0,5,0,0
110105,782,7,54,843,4,8,274,508
110106,0,0,0,0,0,4,0,0
110107,0,0,0,0,0,4,0,0
110108,51377,266,2818,54461,239,249,20798,30579
110109,0,0,0,0,0,5,0,0
110112,558,8,39,605,3,8,216,342
110113,86942,360,5224,88768,384,475,42201,44741
110114,945,4,75,1024,5,5,373,572
110116,3458,27,201,3686,17,17,1475,1983
110118,7359,33,385,7777,33,54,2359,5000
110119,0,0,0,0,0,3,0,0
110120,5032,25,301,5358,25,32,1988,3044
110121,1504,27,108,1639,8,8,702,802
110122,0,0,0,0,0,24,0,0
110123,12142,66,735,12943,57,60,5358,6784
110124,3606,29,201,3836,18,18,1316,2290
110125,0,0,0,0,0,6,0,0
110126,1772,10,107,1889,9,14,576,1196
110127,6162,35,384,6581,29,44,2702,3460
110128,5935,33,345,5639,25,36,2685,3250
110131,0,0,0,0,0,20,0,0
110132,2370,10,115,2495,11,17,955,1415
110133,13441,83,815,13180,59,66,4787,8654
110134,4853,34,269,4415,20,31,2051,2802
110136,1550,12,88,1650,8,8,647,903
110201,5187,32,329,3824,17,46,2401,2786
110202,0,0,0,0,0,6,0,0
110203,0,0,0,0,0,14,0,0
110204,0,0,0,0,0,22,0,0
110205,0,0,0,0,0,6,0,0
110206,0,0,0,0,0,9,0,0
110207,0,0,0,0,0,5,0,0
110208,0,0,0,0,0,5,0,0
110209,0,0,0,0,0,6,0,0
110210,3081,11,190,3282,15,16,1790,1291
110211,941,5,32,978,5,5,541,400
110212,0,0,0,0,0,7,0,0
110213,1764,12,102,1878,9,15,759,1005
110214,1245,11,70,1326,7,7,634,611
110215,0,0,0,0,0,19,0,0
110301,8999,43,640,9682,43,44,4449,4550
110302,3563,42,212,3817,20,20,1534,2029
110303,729,7,33,769,4,16,371,358
110304,835,6,56,897,4,4,390,445
110305,0,0,0,0,0,5,0,0
110306,1575,10,102,1687,8,8,782,793
110307,1121,5,80,1206,6,6,514,607
110308,635,2,62,699,4,4,303,332
110309,1498,17,119,1634,8,8,854,644
110310,0,0,0,0,0,3,0,0
110311,0,0,0,0,0,4,0,0
110312,400,1,52,453,2,5,174,226
110313,672,5,49,726,4,5,318,354
110314,984,8,51,1043,6,6,450,534
110315,968,4,52,1024,5,7,375,593
110316,769,5,68,842,4,6,295,474
110317,0,0,0,0,0,5,0,0
110318,628,2,40,670,4,4,292,336
110319,1408,12,66,1486,7,7,532,876
110320,617,7,42,666,4,4,209,408
110321,0,0,0,0,0,6,0,0
110322,942,4,40,986,5,6,456,486
110323,863,4,61,928,5,5,316,547
110324,0,0,0,0,0,5,0,0
110325,0,0,0,0,0,4,0,0
110326,1501,10,73,1584,8,8,791,710
110327,446,1,17,464,3,3,215,231
110328,2250,14,194,2458,12,12,1124,1126
110329,660,3,32,695,4,4,319,341
110330,803,5,33,841,4,4,326,477
110331,791,5,38,834,4,4,380,411
110332,501,4,32,537,3,3,293,208
110333,1741,14,101,1856,9,9,860,881
110334,4657,36,295,4988,22,24,2201,2456
110401,0,0,0,0,0,29,0,0
110402,0,0,0,0,0,14,0,0
110403,0,0,0,0,0,6,0,0
110404,0,0,0,0,0,15,0,0
110501,21263,116,1720,22397,101,133,11155,10108
110502,2906,19,286,3211,16,28,1897,1009
110503,1289,5,102,1396,7,7,666,623
110504,0,0,0,0,0,28,0,0
110505,2026,23,108,2157,10,10,979,1047
110506,2119,20,156,2295,11,19,1126,993
110507,0,0,0,0,0,12,0,0
110508,0,0,0,0,0,12,0,0
110509,2359,18,159,2536,13,13,883,1476
110601,0,0,0,0,0,39,0,0
110602,0,0,0,0,0,3,0,0
110603,0,0,0,0,0,4,0,0
110604,0,0,0,0,0,6,0,0
110605,0,0,0,0,0,12,0,0
110606,0,0,0,0,0,5,0,0
110607,0,0,0,0,0,3,0,0
110608,0,0,0,0,0,3,0,0
110609,0,0,0,0,0,9,0,0
110610,0,0,0,0,0,21,0,0
110701,0,0,0,0,0,103,0,0
110702,0,0,0,0,0,16,0,0
110703,0,0,0,0,0,15,0,0
110704,0,0,0,0,0,72,0,0
110705,0,0,0,0,0,15,0,0
110706,0,0,0,0,0,159,0,0
110707,0,0,0,0,0,66,0,0
110708,0,0,0,0,0,86,0,0
110709,0,0,0,0,0,13,0,0
110801,15918,122,1063,17103,81,88,8752,7166
110802,12589,90,766,11126,55,77,6555,6034
110803,0,0,0,0,0,8,0,0
110804,2012,18,154,2184,12,19,1029,983
110805,0,0,0,0,0,138,0,0
110806,10111,96,730,7621,43,151,4398,5713
110901,14903,78,829,15810,72,79,5839,9064
110902,2504,23,245,2772,13,23,812,1692
110903,2865,27,169,3061,15,15,1163,1702
110904,2087,15,129,2231,11,11,843,1244
110905,4292,24,226,4542,19,23,1976,2316
110906,0,0,0,0,0,9,0,0
110907,0,0,0,0,0,10,0,0
110908,2191,10,93,2294,10,10,858,1333
110909,0,0,0,0,0,10,0,0
120101,208137,632,14213,219628,970,1008,135968,72169
120102,31495,166,2386,33030,146,202,19394,12101
120103,24190,111,1739,25782,111,113,14789,9401
120104,21586,123,1477,23186,98,114,12735,8851
120105,9070,64,729,9863,44,57,5431,3639
120106,0,0,0,0,0,15,0,0
120107,43890,137,2737,46764,207,213,31032,12858
120109,281,1,16,298,2,14,181,100
120110,73549,352,5883,77921,339,388,44292,29257
120111,102063,462,7778,107728,469,481,63357,38706
120112,36815,172,2805,39792,171,173,22441,14374
120113,15764,98,1248,17110,69,71,8845,6919
120201,0,0,0,0,0,12,0,0
120202,0,0,0,0,0,10,0,0
120203,0,0,0,0,0,7,0,0
120204,0,0,0,0,0,7,0,0
120205,0,0,0,0,0,5,0,0
120206,0,0,0,0,0,7,0,0
120301,35418,336,3402,39156,178,178,18579,16839
120302,0,0,0,0,0,27,0,0
120303,4712,51,324,2668,14,25,2053,2659
120304,0,0,0,0,0,54,0,0
120305,0,0,0,0,0,36,0,0
120306,2968,69,398,1828,12,41,1074,1894
120307,0,0,0,0,0,28,0,0
120308,0,0,0,0,0,39,0,0
120401,0,0,0,0,0,80,0,0
120402,0,0,0,0,0,24,0,0
120403,0,0,0,0,0,9,0,0
120404,0,0,0,0,0,16,0,0
120405,0,0,0,0,0,4,0,0
120408,0,0,0,0,0,3,0,0
120409,0,0,0,0,0,18,0,0
120410,0,0,0,0,0,27,0,0
120411,0,0,0,0,0,71,0,0
120413,0,0,0,0,0,11,0,0
120501,10629,89,724,11442,51,52,5479,5150
120503,3278,26,268,3122,15,106,1932,1346
120504,1274,12,98,1140,5,12,711,563
120506,7626,45,532,8203,36,87,4766,2860
120508,2907,34,199,3140,14,35,1569,1338
120601,6423,121,515,7059,40,40,1811,4612
120602,0,0,0,0,0,11,0,0
120603,0,0,0,0,0,36,0,0
120604,650,16,36,702,5,5,235,415
120605,0,0,0,0,0,18,0,0
120606,0,0,0,0,0,12,0,0
120607,0,0,0,0,0,6,0,0
120608,0,0,0,0,0,41,0,0
120609,0,0,0,0,0,24,0,0
120610,0,0,0,0,0,6,0,0
120611,0,0,0,0,0,8,0,0
120612,0,0,0,0,0,9,0,0
120613,0,0,0,0,0,7,0,0
120701,0,0,0,0,0,60,0,0
120702,0,0,0,0,0,15,0,0
120703,0,0,0,0,0,6,0,0
120704,0,0,0,0,0,8,0,0
120705,0,0,0,0,0,31,0,0
120706,0,0,0,0,0,9,0,0
120707,0,0,0,0,0,12,0,0
120708,0,0,0,0,0,14,0,0
120801,0,0,0,0,0,23,0,0
120802,0,0,0,0,0,48,0,0
120803,0,0,0,0,0,33,0,0
120804,0,0,0,0,0,55,0,0
120805,0,0,0,0,0,8,0,0
120806,5642,38,411,5651,25,73,3823,1819
120807,0,0,0,0,0,23,0,0
120808,0,0,0,0,0,81,0,0
120901,734,10,49,793,4,148,451,283
120902,0,0,0,0,0,55,0,0
120903,0,0,0,0,0,37,0,0
121001,0,0,0,0,0,36,0,0
121002,0,0,0,0,0,20,0,0
121003,0,0,0,0,0,20,0,0
121004,0,0,0,0,0,18,0,0
121101,0,0,0,0,0,43,0,0
121102,0,0,0,0,0,13,0,0
121103,0,0,0,0,0,8,0,0
121104,0,0,0,0,0,19,0,0
121201,0,0,0,0,0,162,0,0
121202,0,0,0,0,0,102,0,0
121203,0,0,0,0,0,19,0,0
130101,165560,658,12921,177522,786,877,103152,62408
130102,0,0,0,0,0,54,0,0
130103,4169,36,220,4425,19,34,2636,1533
130104,0,0,0,0,0,8,0,0
130105,3199,27,234,3460,16,29,1721,1478
130106,19014,160,1506,18945,80,105,13068,5946
130107,0,0,0,0,0,8,0,0
130108,0,0,0,0,0,24,0,0
130109,5331,45,441,5817,25,25,2889,2442
130110,18455,70,1325,19850,85,97,11912,6543
130111,9712,58,689,10238,44,46,5963,3749
130112,101449,602,7581,109632,477,477,59169,42280
130113,5234,33,398,5665,26,35,3614,1620
130114,1620,9,155,1784,9,29,831,789
130115,47144,200,3267,49169,212,256,28942,18202
130116,0,0,0,0,0,46,0,0
130117,8830,70,555,9455,42,62,4728,4102
130118,14861,107,1788,16756,73,74,7396,7465
130119,1954,22,123,2099,11,24,1145,809
130120,15102,105,1683,16890,76,81,6890,8212
130201,0,0,0,0,0,101,0,0
130202,0,0,0,0,0,45,0,0
130203,0,0,0,0,0,46,0,0
130204,378,1,17,396,2,60,196,182
130205,0,0,0,0,0,40,0,0
130206,0,0,0,0,0,13,0,0
130301,43295,410,3576,47281,204,205,23582,19713
130302,0,0,0,0,0,6,0,0
130303,4243,22,186,2685,13,30,2634,1609
130304,0,0,0,0,0,54,0,0
130305,11870,137,931,12938,57,57,6987,4883
130306,19319,230,1328,20877,91,133,13532,5787
130307,0,0,0,0,0,86,0,0
130308,0,0,0,0,0,139,0,0
130309,0,0,0,0,0,23,0,0
130310,0,0,0,0,0,48,0,0
130311,7799,57,519,8375,37,44,4924,2875
130312,11438,90,826,12354,54,69,7926,3512
140101,10186,38,679,7914,33,1030,6609,3577
140102,9338,54,581,9973,44,164,5470,3868
140103,174361,886,10275,175127,740,1650,97590,76771
140104,64797,281,4241,69319,300,355,44331,20466
140105,95072,504,6044,97133,413,855,53712,41360
140106,200458,1058,12750,202468,853,1493,125219,75239
140107,3447,10,225,3186,13,139,2232,1215
140108,33423,194,2021,31707,136,896,23332,10091
140109,68606,350,4162,69942,301,642,48446,20160
140110,77992,250,4118,77525,328,571,59335,18657
140111,9178,32,550,8563,37,294,6661,2517
140112,8735,49,510,9294,39,548,4804,3931
140113,39892,198,2225,42093,175,247,25532,14360
140114,18460,60,1034,19554,81,255,14104,4356
140115,69811,245,3515,72430,333,480,56883,12928
140116,0,0,0,0,0,315,0,0
140117,67718,278,3982,71726,313,337,49505,18213
140118,0,0,0,0,0,44,0,0
140119,77511,510,4881,77754,333,889,43390,34121
140120,0,0,0,0,0,32,0,0
140121,3372,10,148,3530,15,25,2397,975
140122,72656,341,4779,73176,317,567,49298,23358
140123,2049,7,93,2149,9,24,1442,607
140124,23977,84,1043,24913,114,281,20504,3473
140125,22884,102,1319,24305,107,151,17484,5400
140126,107106,496,6610,110639,477,1798,67974,39132
140127,86392,352,4996,91740,393,504,64884,21508
140128,0,0,0,0,0,6,0,0
140129,1920,15,119,2054,9,67,1058,862
140130,102206,388,5029,103657,456,1184,81442,20764
140131,65187,244,3709,65558,277,337,47755,17432
140132,62745,353,3954,64740,269,1241,39813,22932
140133,82144,300,4731,83831,366,431,57146,24998
140134,106983,542,7008,110922,460,595,66498,40485
140135,35645,151,2177,31136,130,572,22362,13283
140136,82842,508,4966,82080,338,1115,52799,30043
140137,263693,1384,16018,269724,1124,2744,154299,109394
140138,19527,78,1067,19430,83,191,13436,6091
140139,0,0,0,0,0,103,0,0
140140,76337,230,3527,77580,336,420,61359,14978
140141,98033,575,5877,93829,377,1163,62032,36001
140142,179852,842,11263,179523,745,983,111466,68386
140143,106435,514,6148,105590,431,630,62401,44034
140201,0,0,0,0,0,6,0,0
140205,0,0,0,0,0,4,0,0
140206,0,0,0,0,0,6,0,0
140207,0,0,0,0,0,4,0,0
140208,0,0,0,0,0,4,0,0
140301,0,0,0,0,0,10,0,0
140302,0,0,0,0,0,3,0,0
140303,0,0,0,0,0,3,0,0
140304,0,0,0,0,0,4,0,0
140305,0,0,0,0,0,4,0,0
140306,0,0,0,0,0,2,0,0
140307,0,0,0,0,0,21,0,0
140401,23079,136,1461,24212,104,153,12525,10554
140402,0,0,0,0,0,7,0,0
140403,3715,19,225,3959,17,23,2184,1531
140404,0,0,0,0,0,5,0,0
140405,0,0,0,0,0,56,0,0
140406,20012,105,1233,21118,87,108,10644,9368
140407,1707,17,123,1629,7,13,1205,502
140408,1782,23,118,1923,8,85,939,843
140409,9054,61,528,9643,40,66,4862,4192
140410,0,0,0,0,0,6,0,0
140411,2511,22,115,2388,10,46,1234,1277
140412,0,0,0,0,0,12,0,0
140413,5732,58,313,6103,25,38,3101,2631
140414,0,0,0,0,0,8,0,0
140415,0,0,0,0,0,4,0,0
140416,1631,9,100,1740,7,38,903,728
140501,34640,190,2339,37169,171,192,20411,14229
140502,0,0,0,0,0,8,0,0
140504,3644,21,238,3903,17,18,2481,1163
140505,0,0,0,0,0,3,0,0
140506,16601,91,1142,17834,75,75,9151,7450
140507,19448,140,1225,20813,88,96,8795,10653
140508,0,0,0,0,0,8,0,0
140509,0,0,0,0,0,6,0,0
140511,0,0,0,0,0,4,0,0
140512,23301,113,1349,24763,105,107,12846,10455
140513,5381,52,309,5742,24,65,2166,3215
140516,14798,114,926,15595,65,73,6834,7964
140601,0,0,0,0,0,15,0,0
140602,0,0,0,0,0,6,0,0
140603,592,3,27,622,3,3,325,267
140604,0,0,0,0,0,2,0,0
140605,0,0,0,0,0,4,0,0
140606,0,0,0,0,0,3,0,0
140607,0,0,0,0,0,6,0,0
140608,0,0,0,0,0,3,0,0
140609,0,0,0,0,0,5,0,0
140610,0,0,0,0,0,3,0,0
140611,0,0,0,0,0,4,0,0
140612,0,0,0,0,0,5,0,0
140613,3659,15,192,3866,17,21,2015,1644
140614,0,0,0,0,0,5,0,0
140615,0,0,0,0,0,135,0,0
140616,0,0,0,0,0,4,0,0
140617,0,0,0,0,0,5,0,0
140618,0,0,0,0,0,2,0,0
140619,0,0,0,0,0,2,0,0
140620,0,0,0,0,0,5,0,0
140621,0,0,0,0,0,13,0,0
140622,0,0,0,0,0,7,0,0
140623,0,0,0,0,0,1,0,0
140624,1668,6,79,1753,8,8,901,767
140625,7940,36,448,8424,37,37,4275,3665
140626,0,0,0,0,0,2,0,0
140627,0,0,0,0,0,2,0,0
140628,0,0,0,0,0,21,0,0
140629,0,0,0,0,0,6,0,0
140630,0,0,0,0,0,3,0,0
140631,0,0,0,0,0,2,0,0
140632,0,0,0,0,0,2,0,0
140701,722,4,45,771,5,5,221,501
140702,0,0,0,0,0,2,0,0
140703,0,0,0,0,0,6,0,0
140704,0,0,0,0,0,2,0,0
140705,0,0,0,0,0,4,0,0
140706,0,0,0,0,0,2,0,0
140707,0,0,0,0,0,2,0,0
140708,0,0,0,0,0,1,0,0
140709,268,6,10,284,2,8,120,148
140710,0,0,0,0,0,7,0,0
140711,0,0,0,0,0,3,0,0
140712,0,0,0,0,0,3,0,0
140713,0,0,0,0,0,4,0,0
140714,0,0,0,0,0,3,0,0
140715,0,0,0,0,0,2,0,0
140716,0,0,0,0,0,3,0,0
140717,0,0,0,0,0,4,0,0
140718,0,0,0,0,0,2,0,0
140719,0,0,0,0,0,3,0,0
140720,0,0,0,0,0,3,0,0
140721,0,0,0,0,0,3,0,0
140722,0,0,0,0,0,1,0,0
140723,0,0,0,0,0,2,0,0
140724,0,0,0,0,0,3,0,0
140725,0,0,0,0,0,3,0,0
140726,0,0,0,0,0,4,0,0
140727,0,0,0,0,0,3,0,0
140728,0,0,0,0,0,8,0,0
140729,0,0,0,0,0,2,0,0
140730,0,0,0,0,0,2,0,0
140731,0,0,0,0,0,4,0,0
140732,0,0,0,0,0,4,0,0
140733,0,0,0,0,0,6,0,0
140801,31180,223,2222,31671,135,299,17717,13463
140802,0,0,0,0,0,3,0,0
140803,0,0,0,0,0,3,0,0
140804,5330,48,339,5717,24,51,2944,2386
140805,20666,124,1505,21109,90,176,11178,9488
140806,0,0,0,0,0,9,0,0
140807,0,0,0,0,0,3,0,0
140808,0,0,0,0,0,3,0,0
140809,0,0,0,0,0,4,0,0
140810,0,0,0,0,0,3,0,0
140811,0,0,0,0,0,2,0,0
140812,0,0,0,0,0,4,0,0
140901,11934,73,737,12506,53,194,7014,4920
140902,0,0,0,0,0,66,0,0
140903,0,0,0,0,0,53,0,0
140904,10116,84,639,10839,47,70,5654,4462
140905,6964,52,497,7513,34,35,3714,3250
141001,0,0,0,0,0,25,0,0
141002,0,0,0,0,0,3,0,0
141003,0,0,0,0,0,3,0,0
141004,0,0,0,0,0,2,0,0
141005,0,0,0,0,0,12,0,0
141006,0,0,0,0,0,6,0,0
150101,31322,160,1875,28755,143,395,18043,13279
150102,0,0,0,0,0,14,0,0
150103,0,0,0,0,0,43,0,0
150104,0,0,0,0,0,27,0,0
150105,0,0,0,0,0,39,0,0
150106,0,0,0,0,0,41,0,0
150108,0,0,0,0,0,17,0,0
150110,0,0,0,0,0,33,0,0
150111,5129,32,303,5298,28,220,3046,2083
150112,7118,56,430,7444,40,186,4496,2622
150113,4482,38,324,4067,22,322,2634,1848
150201,37873,309,2365,40337,202,224,15283,22590
150202,0,0,0,0,0,50,0,0
150205,0,0,0,0,0,14,0,0
150206,0,0,0,0,0,37,0,0
150210,0,0,0,0,0,17,0,0
150211,0,0,0,0,0,20,0,0
150301,0,0,0,0,0,89,0,0
150302,0,0,0,0,0,18,0,0
150303,0,0,0,0,0,24,0,0
150304,0,0,0,0,0,42,0,0
150305,0,0,0,0,0,25,0,0
150401,10815,99,417,11331,64,65,6333,4482
150402,0,0,0,0,0,8,0,0
150403,0,0,0,0,0,10,0,0
150404,0,0,0,0,0,19,0,0
150405,0,0,0,0,0,24,0,0
150406,0,0,0,0,0,22,0,0
150407,0,0,0,0,0,11,0,0
150408,0,0,0,0,0,4,0,0
150409,0,0,0,0,0,6,0,0
150410,0,0,0,0,0,13,0,0
150411,0,0,0,0,0,9,0,0
150501,8668,85,563,8775,55,72,4766,3902
150502,0,0,0,0,0,25,0,0
150503,0,0,0,0,0,20,0,0
150504,0,0,0,0,0,19,0,0
150505,0,0,0,0,0,39,0,0
150506,0,0,0,0,0,9,0,0
150601,6924,78,776,7778,49,62,4980,1944
150602,0,0,0,0,0,37,0,0
150603,0,0,0,0,0,43,0,0
150604,0,0,0,0,0,46,0,0
150605,0,0,0,0,0,8,0,0
150701,0,0,0,0,0,43,0,0
150702,0,0,0,0,0,38,0,0
150703,0,0,0,0,0,28,0,0
150704,0,0,0,0,0,31,0,0
150705,0,0,0,0,0,27,0,0
150706,0,0,0,0,0,32,0,0
150901,0,0,0,0,0,14,0,0
150902,0,0,0,0,0,2,0,0
150903,0,0,0,0,0,10,0,0
150904,0,0,0,0,0,4,0,0
160101,51215,306,2492,54013,251,283,18116,33099
160102,0,0,0,0,0,54,0,0
160103,4241,42,186,4469,22,41,1323,2918
160104,0,0,0,0,0,24,0,0
160201,0,0,0,0,0,11,0,0
160202,0,0,0,0,0,4,0,0
160203,0,0,0,0,0,29,0,0
160204,0,0,0,0,0,24,0,0
160301,0,0,0,0,0,6,0,0
160302,0,0,0,0,0,19,0,0
160303,0,0,0,0,0,12,0,0
170101,24490,129,1511,26130,116,137,6660,17830
170102,0,0,0,0,0,10,0,0
170103,0,0,0,0,0,5,0,0
170104,0,0,0,0,0,9,0,0
170105,4259,20,200,3624,15,29,713,3546
170106,5560,27,314,5901,26,27,1504,4056
170107,12866,63,639,12341,49,66,2523,10343
170201,0,0,0,0,0,9,0,0
170202,0,0,0,0,0,4,0,0
170203,0,0,0,0,0,4,0,0
170204,0,0,0,0,0,10,0,0
170205,0,0,0,0,0,3,0,0
170206,0,0,0,0,0,4,0,0
170207,0,0,0,0,0,3,0,0
170208,0,0,0,0,0,8,0,0
170209,0,0,0,0,0,3,0,0
170210,0,0,0,0,0,11,0,0
170211,0,0,0,0,0,3,0,0
170301,35836,197,2157,38190,164,203,12077,23759
170302,2981,12,107,3100,13,13,564,2417
170303,1456,8,99,1563,7,17,791,665
180101,14721,90,1177,15988,77,79,4740,9981
180103,0,0,0,0,0,13,0,0
180104,0,0,0,0,0,22,0,0
180105,0,0,0,0,0,23,0,0
180106,2547,14,137,1971,10,15,612,1935
180107,0,0,0,0,0,8,0,0
180108,0,0,0,0,0,39,0,0
180109,88,1,11,100,1,23,17,71
180110,4770,31,386,5187,26,38,1364,3406
180111,0,0,0,0,0,16,0,0
180112,2549,9,148,2535,12,19,836,1713
180113,2066,13,152,2231,13,13,875,1191
180114,11833,59,865,12757,68,70,3628,8205
180201,0,0,0,0,0,40,0,0
180202,0,0,0,0,0,9,0,0
180203,438,2,15,455,3,3,122,316
180204,0,0,0,0,0,10,0,0
180205,0,0,0,0,0,6,0,0
180206,172,1,8,181,1,22,40,132
180207,0,0,0,0,0,10,0,0
180208,0,0,0,0,0,7,0,0
180301,10319,76,601,10996,55,58,7076,3243
180302,3654,29,209,3892,18,18,2421,1233
180303,2707,9,152,2868,16,24,2078,629
180304,0,0,0,0,0,64,0,0
180305,0,0,0,0,0,54,0,0
180306,0,0,0,0,0,19,0,0
180307,0,0,0,0,0,31,0,0
180308,0,0,0,0,0,49,0,0
190101,101436,404,6819,108659,476,496,66934,34502
190103,74759,392,5069,80220,349,428,47136,27623
190104,40249,301,3147,40126,173,204,24164,16085
190105,15658,151,1269,17078,85,108,6534,9124
190106,2953,28,195,3176,14,108,1156,1797
190107,0,0,0,0,0,87,0,0
190109,10784,179,1148,11341,50,295,6802,3982
190113,6680,57,488,3695,16,50,3240,3440
190114,2152,18,110,2280,11,16,886,1266
190115,82092,397,6103,88592,372,388,50059,32033
190201,0,0,0,0,0,99,0,0
190202,0,0,0,0,0,62,0,0
190203,0,0,0,0,0,19,0,0
190204,0,0,0,0,0,19,0,0
190205,0,0,0,0,0,68,0,0
190206,0,0,0,0,0,32,0,0
190207,0,0,0,0,0,8,0,0
190208,0,0,0,0,0,37,0,0
190209,0,0,0,0,0,11,0,0
190210,0,0,0,0,0,30,0,0
190301,0,0,0,0,0,84,0,0
190302,0,0,0,0,0,27,0,0
190303,0,0,0,0,0,111,0,0
190304,0,0,0,0,0,23,0,0
190305,0,0,0,0,0,31,0,0
190306,0,0,0,0,0,37,0,0
190307,0,0,0,0,0,28,0,0
190308,0,0,0,0,0,15,0,0
190401,48727,581,4295,53603,246,251,32604,16123
190402,1155,7,47,1209,6,29,744,411
190403,0,0,0,0,0,23,0,0
190404,1749,16,143,1908,9,40,907,842
190405,0,0,0,0,0,27,0,0
190406,0,0,0,0,0,13,0,0
190407,0,0,0,0,0,24,0,0
190408,6180,85,346,6026,29,45,2982,3198
190409,0,0,0,0,0,28,0,0
190410,0,0,0,0,0,23,0,0
190501,41722,377,3955,44613,195,229,25012,16710
190502,1502,22,96,0,0,7,659,843
190503,803,10,62,875,4,4,319,484
190504,0,0,0,0,0,36,0,0
190505,3536,32,209,2939,14,44,1479,2057
190506,0,0,0,0,0,14,0,0
190507,0,0,0,0,0,16,0,0
190601,83167,556,7125,90848,403,488,58060,25107
190602,20635,121,1691,22447,95,113,15293,5342
190603,0,0,0,0,0,39,0,0
190604,4504,46,370,4920,22,81,3194,1310
190605,4481,65,399,4945,22,26,2664,1817
190606,7764,94,526,8384,38,74,5325,2439
190607,4388,47,272,4707,21,21,2863,1525
190608,1441,13,99,1553,7,57,663,778
190701,0,0,0,0,0,262,0,0
190702,0,0,0,0,0,25,0,0
190703,0,0,0,0,0,38,0,0
190704,0,0,0,0,0,5,0,0
190705,0,0,0,0,0,31,0,0
190706,0,0,0,0,0,29,0,0
190801,0,0,0,0,0,113,0,0
190802,517,2,33,552,3,47,445,72
190803,0,0,0,0,0,21,0,0
190804,0,0,0,0,0,14,0,0
190805,0,0,0,0,0,13,0,0
190806,0,0,0,0,0,10,0,0
200101,71251,278,3694,68336,289,350,16628,54623
200102,6630,36,312,5888,27,66,524,6106
200103,500,0,16,0,0,15,34,466
200104,0,0,0,0,0,31,0,0
200105,1853,2,66,1921,9,25,135,1718
200106,3602,10,171,2634,11,27,464,3138
200107,2470,5,157,2632,11,11,263,2207
200108,1548,6,79,1384,6,16,174,1374
200109,3680,23,133,3836,17,17,451,3229
200110,1721,4,80,1805,8,19,191,1530
200111,0,0,0,0,0,4,0,0
200112,2015,14,100,2129,9,9,337,1678
200113,2278,9,96,2383,10,10,287,1991
200114,4412,16,176,3910,17,24,400,4012
200115,0,0,0,0,0,15,0,0
200201,19574,42,764,20380,88,89,1216,18358
200202,0,0,0,0,0,13,0,0
200203,2872,11,117,3000,14,25,216,2656
200204,3848,7,183,4038,19,45,233,3615
200205,0,0,0,0,0,17,0,0
200206,4217,12,136,4365,20,24,239,3978
200207,1982,10,71,2063,10,13,197,1785
200208,813,1,29,843,5,20,35,778
200210,0,0,0,0,0,13,0,0
200212,371,2,21,394,2,36,49,322
200213,1026,1,55,1082,5,22,95,931
200214,535,2,32,569,3,16,41,494
200215,2252,12,92,2356,11,12,152,2100
200216,1944,4,77,2025,10,17,149,1795
200217,0,0,0,0,0,9,0,0
200301,0,0,0,0,0,36,0,0
200302,0,0,0,0,0,9,0,0
200303,0,0,0,0,0,18,0,0
200304,0,0,0,0,0,21,0,0
200305,0,0,0,0,0,14,0,0
200306,0,0,0,0,0,22,0,0
200307,0,0,0,0,0,19,0,0
200308,0,0,0,0,0,18,0,0
200309,0,0,0,0,0,23,0,0
200310,0,0,0,0,0,10,0,0
200401,9017,34,418,9469,43,61,869,8148
200402,264,2,32,0,0,32,16,248
200403,0,0,0,0,0,17,0,0
200406,0,0,0,0,0,9,0,0
200407,6089,26,364,3778,20,42,612,5477
200410,1647,7,39,1489,7,50,82,1565
200412,0,0,0,0,0,17,0,0
200501,8047,48,461,8556,38,62,571,7476
200502,0,0,0,0,0,14,0,0
200504,276,0,10,286,2,11,17,259
200506,291,0,9,300,2,18,10,281
200507,3001,19,131,3151,17,17,223,2778
200508,4122,17,214,4353,19,41,283,3839
200509,5999,27,240,6266,32,34,374,5625
200511,1936,5,78,1096,5,9,116,1820
200601,0,0,0,0,0,36,0,0
200602,0,0,0,0,0,18,0,0
200603,0,0,0,0,0,9,0,0
200604,0,0,0,0,0,10,0,0
200605,0,0,0,0,0,7,0,0
200606,0,0,0,0,0,7,0,0
200607,0,0,0,0,0,8,0,0
200608,0,0,0,0,0,18,0,0
200609,0,0,0,0,0,21,0,0
200610,0,0,0,0,0,4,0,0
200701,0,0,0,0,0,65,0,0
200702,0,0,0,0,0,21,0,0
200703,0,0,0,0,0,7,0,0
200704,0,0,0,0,0,9,0,0
200705,0,0,0,0,0,22,0,0
200706,0,0,0,0,0,26,0,0
200707,0,0,0,0,0,23,0,0
200708,0,0,0,0,0,18,0,0
200709,0,0,0,0,0,11,0,0
200801,0,0,0,0,0,32,0,0
200803,0,0,0,0,0,18,0,0
200804,0,0,0,0,0,12,0,0
200805,0,0,0,0,0,19,0,0
200806,0,0,0,0,0,15,0,0
200807,0,0,0,0,0,8,0,0
200808,0,0,0,0,0,13,0,0
200810,0,0,0,0,0,8,0,0
200811,0,0,0,0,0,22,0,0
200812,0,0,0,0,0,24,0,0
200901,57135,185,2730,55196,228,598,12289,44846
200902,0,0,0,0,0,17,0,0
200903,0,0,0,0,0,14,0,0
200904,2886,5,115,3006,12,39,377,2509
200905,12568,27,545,10682,41,110,1621,10947
201001,207,0,4,211,1,73,18,189
201002,0,0,0,0,0,4,0,0
201003,0,0,0,0,0,4,0,0
201004,0,0,0,0,0,15,0,0
201005,555,9,72,636,4,4,112,443
201006,0,0,0,0,0,8,0,0
201007,0,0,0,0,0,3,0,0
201101,5564,17,251,5832,26,44,471,5093
201102,0,0,0,0,0,7,0,0
201103,3087,6,126,3219,14,15,187,2900
201104,0,0,0,0,0,16,0,0
201105,0,0,0,0,0,5,0,0
201201,655,1,17,673,3,135,36,619
201202,0,0,0,0,0,32,0,0
201203,0,0,0,0,0,10,0,0
201204,0,0,0,0,0,3,0,0
201205,0,0,0,0,0,10,0,0
201301,3889,19,177,2944,17,50,295,3594
201302,0,0,0,0,0,14,0,0
201303,0,0,0,0,0,10,0,0
201304,164,0,8,172,1,12,6,158
210101,40793,359,3606,44065,205,224,19602,21191
210102,2741,23,231,2995,13,14,981,1760
210103,1835,18,125,1978,10,10,751,1084
210104,7288,78,574,7940,40,50,3097,4191
210105,10227,111,746,11084,53,69,4213,6014
210106,2324,21,163,2508,12,12,1039,1285
210201,2195,24,149,2368,12,44,1069,1126
210202,2471,24,173,2668,13,13,951,1520
210203,1711,17,96,1824,9,9,505,1206
210204,352,2,5,359,2,3,143,209
210205,0,0,0,0,0,13,0,0
210206,1465,10,74,1549,9,9,711,754
210301,0,0,0,0,0,43,0,0
210303,0,0,0,0,0,22,0,0
210304,0,0,0,0,0,29,0,0
210305,0,0,0,0,0,15,0,0
210306,563,6,27,596,3,27,233,330
210307,0,0,0,0,0,12,0,0
210311,0,0,0,0,0,10,0,0
210313,0,0,0,0,0,39,0,0
210314,0,0,0,0,0,19,0,0
210315,0,0,0,0,0,41,0,0
210316,0,0,0,0,0,6,0,0
210401,11735,81,776,12592,59,86,6464,5271
210402,3022,30,230,3282,19,37,906,2116
210403,2881,30,181,3092,17,25,1190,1691
210404,3135,33,221,3389,19,19,1499,1636
210405,2674,25,200,2899,15,19,1194,1480
210501,10333,90,786,11209,53,76,4767,5566
210502,1625,16,103,1744,8,8,495,1130
210503,1827,21,87,1935,9,9,474,1353
210504,1714,13,115,1842,9,12,693,1021
210505,20087,172,1365,21624,104,131,8812,11275
210506,0,0,0,0,0,57,0,0
210507,0,0,0,0,0,10,0,0
210508,0,0,0,0,0,52,0,0
210509,0,0,0,0,0,31,0,0
210601,41600,264,2971,44835,195,225,24796,16804
210602,0,0,0,0,0,5,0,0
210604,1549,21,118,1688,8,13,759,790
210606,0,0,0,0,0,30,0,0
210607,0,0,0,0,0,7,0,0
210608,0,0,0,0,0,10,0,0
210609,0,0,0,0,0,16,0,0
210610,2789,23,208,3020,13,13,1349,1440
210611,13995,109,974,15078,66,89,7707,6288
210612,0,0,0,0,0,8,0,0
210616,1412,16,97,1525,7,7,791,621
210619,0,0,0,0,0,21,0,0
210620,1627,9,70,1706,8,8,728,899
210621,24846,212,1914,26972,119,122,14007,10839
210701,7106,57,396,7371,34,48,2926,4180
210702,0,0,0,0,0,17,0,0
210703,0,0,0,0,0,27,0,0
210704,0,0,0,0,0,33,0,0
210705,0,0,0,0,0,8,0,0
210706,0,0,0,0,0,40,0,0
210801,0,0,0,0,0,89,0,0
210802,0,0,0,0,0,35,0,0
210803,0,0,0,0,0,34,0,0
210804,0,0,0,0,0,12,0,0
210805,0,0,0,0,0,50,0,0
210806,0,0,0,0,0,13,0,0
210901,0,0,0,0,0,28,0,0
210902,136,5,9,150,1,12,96,40
210903,0,0,0,0,0,7,0,0
210904,0,0,0,0,0,4,0,0
210905,0,0,0,0,0,12,0,0
210906,0,0,0,0,0,5,0,0
210907,0,0,0,0,0,12,0,0
210908,0,0,0,0,0,14,0,0
210909,0,0,0,0,0,14,0,0
210910,0,0,0,0,0,24,0,0
211001,0,0,0,0,0,44,0,0
211002,0,0,0,0,0,9,0,0
211003,0,0,0,0,0,9,0,0
211004,0,0,0,0,0,32,0,0
211005,0,0,0,0,0,23,0,0
220101,67868,381,4184,72433,310,320,27533,40335
220102,3634,16,170,3820,16,16,850,2784
220104,0,0,0,0,0,9,0,0
220107,0,0,0,0,0,10,0,0
220108,0,0,0,0,0,7,0,0
220109,13388,48,747,14183,58,63,4146,9242
220110,0,0,0,0,0,13,0,0
220111,17708,84,937,18729,78,94,4297,13411
220112,20532,105,961,21598,89,95,3930,16602
220113,60476,289,3209,63974,262,289,15272,45204
220114,0,0,0,0,0,29,0,0
220201,0,0,0,0,0,9,0,0
220205,0,0,0,0,0,5,0,0
220206,0,0,0,0,0,2,0,0
220207,0,0,0,0,0,2,0,0
220210,0,0,0,0,0,2,0,0
220211,0,0,0,0,0,3,0,0
220212,0,0,0,0,0,3,0,0
220213,0,0,0,0,0,3,0,0
220301,0,0,0,0,0,10,0,0
220302,0,0,0,0,0,12,0,0
220303,0,0,0,0,0,21,0,0
220401,0,0,0,0,0,7,0,0
220402,0,0,0,0,0,4,0,0
220403,0,0,0,0,0,2,0,0
220404,0,0,0,0,0,3,0,0
220405,0,0,0,0,0,3,0,0
220406,0,0,0,0,0,5,0,0
230101,45423,330,3979,42007,191,280,28514,16909
230102,9171,77,761,9526,42,64,5118,4053
230103,5193,34,427,5654,26,26,3256,1937
230104,4184,48,284,4516,20,22,2612,1572
230105,5700,47,387,6134,27,27,3248,2452
230106,3205,23,213,3441,15,15,2050,1155
230201,1325,9,98,825,4,33,1001,324
230202,171,2,6,179,1,11,114,57
230203,0,0,0,0,0,17,0,0
230301,11106,69,773,11948,56,57,8359,2747
230302,0,0,0,0,0,12,0,0
230303,0,0,0,0,0,19,0,0
230304,8525,66,481,9072,42,49,6405,2120
240101,213682,1083,14529,226441,971,1316,143771,69911
240102,25273,109,1700,27082,118,243,19095,6178
240103,4203,15,165,3978,19,22,3557,646
240104,21300,93,1463,22856,98,147,14199,7101
240105,33602,151,2336,36089,161,195,25341,8261
240106,40476,253,2798,40291,180,859,23207,17269
240107,13774,77,928,14779,62,116,8032,5742
250101,74405,483,4309,76810,369,475,43430,30975
250102,25632,197,1441,26676,134,285,14688,10944
250103,0,0,0,0,0,45,0,0
250104,0,0,0,0,0,55,0,0
250105,0,0,0,0,0,42,0,0
250106,0,0,0,0,0,25,0,0
250107,20951,146,1153,22250,112,235,12404,8547
250201,0,0,0,0,0,76,0,0
250202,0,0,0,0,0,41,0,0
250203,0,0,0,0,0,34,0,0
250204,0,0,0,0,0,27,0,0
250205,0,0,0,0,0,17,0,0
250206,0,0,0,0,0,12,0,0
250207,0,0,0,0,0,13,0,0
250301,9153,145,801,10099,77,108,4567,4586
250302,0,0,0,0,0,33,0,0
250303,0,0,0,0,0,7,0,0
250304,0,0,0,0,0,22,0,0
250401,0,0,0,0,0,12,0,0
910101,0,0,0,0,0,1,0,0
910302,0,0,0,0,0,1,0,0
910401,0,0,0,0,0,1,0,0
910502,0,0,0,0,0,1,0,0
910603,0,0,0,0,0,1,0,0
911201,0,0,0,0,0,1,0,0
920101,0,0,0,0,0,2,0,0
920202,0,0,0,0,0,221,0,0
920203,0,0,0,0,0,27,0,0
920204,0,0,0,0,0,1,0,0
920205,0,0,0,0,0,25,0,0
920206,0,0,0,0,0,10,0,0
920207,0,0,0,0,0,8,0,0
920208,0,0,0,0,0,3,0,0
920210,0,0,0,0,0,1,0,0
920219,0,0,0,0,0,1,0,0
920224,0,0,0,0,0,1,0,0
920226,0,0,0,0,0,1,0,0
920401,0,0,0,0,0,7,0,0
920403,0,0,0,0,0,7,0,0
920405,0,0,0,0,0,8,0,0
920502,0,0,0,0,0,2,0,0
920503,0,0,0,0,0,2,0,0
920504,0,0,0,0,0,2,0,0
920505,0,0,0,0,0,5,0,0
920506,0,0,0,0,0,2,0,0
920508,0,0,0,0,0,2,0,0
920509,0,0,0,0,0,5,0,0
920510,0,0,0,0,0,21,0,0
920511,0,0,0,0,0,1,0,0
920532,0,0,0,0,0,1,0,0
920536,0,0,0,0,0,1,0,0
920601,0,0,0,0,0,23,0,0
920602,0,0,0,0,0,2,0,0
920603,0,0,0,0,0,17,0,0
920604,0,0,0,0,0,6,0,0
920605,0,0,0,0,0,1,0,0
920608,0,0,0,0,0,3,0,0
920701,0,0,0,0,0,1,0,0
920702,0,0,0,0,0,5,0,0
920703,0,0,0,0,0,2,0,0
920705,0,0,0,0,0,4,0,0
920706,0,0,0,0,0,2,0,0
920709,0,0,0,0,0,1,0,0
920717,0,0,0,0,0,1,0,0
920737,0,0,0,0,0,1,0,0
920803,0,0,0,0,0,7,0,0
920901,0,0,0,0,0,1,0,0
921001,0,0,0,0,0,14,0,0
921002,0,0,0,0,0,11,0,0
921003,0,0,0,0,0,4,0,0
921005,0,0,0,0,0,24,0,0
921006,0,0,0,0,0,218,0,0
921007,0,0,0,0,0,8,0,0
921026,0,0,0,0,0,2,0,0
921101,0,0,0,0,0,5,0,0
921102,0,0,0,0,0,2,0,0
921104,0,0,0,0,0,2,0,0
921105,0,0,0,0,0,5,0,0
921110,0,0,0,0,0,2,0,0
921201,0,0,0,0,0,1,0,0
921303,0,0,0,0,0,13,0,0
921304,0,0,0,0,0,29,0,0
921308,0,0,0,0,0,13,0,0
921313,0,0,0,0,0,17,0,0
921315,0,0,0,0,0,78,0,0
921317,0,0,0,0,0,110,0,0
921318,0,0,0,0,0,2,0,0
921319,0,0,0,0,0,96,0,0
921320,0,0,0,0,0,21,0,0
921322,0,0,0,0,0,5,0,0
921323,0,0,0,0,0,3,0,0
921324,0,0,0,0,0,5,0,0
921325,0,0,0,0,0,45,0,0
921328,0,0,0,0,0,10,0,0
921331,0,0,0,0,0,75,0,0
921335,0,0,0,0,0,128,0,0
921350,0,0,0,0,0,13,0,0
921372,0,0,0,0,0,5,0,0
921373,0,0,0,0,0,14,0,0
921374,0,0,0,0,0,13,0,0
921381,0,0,0,0,0,23,0,0
921385,0,0,0,0,0,31,0,0
921501,0,0,0,0,0,2,0,0
921701,0,0,0,0,0,1,0,0
921901,0,0,0,0,0,3,0,0
921902,0,0,0,0,0,9,0,0
921903,0,0,0,0,0,2,0,0
922001,0,0,0,0,0,1,0,0
922101,0,0,0,0,0,7,0,0
922102,0,0,0,0,0,1,0,0
922103,0,0,0,0,0,1,0,0
922108,0,0,0,0,0,1,0,0
922201,0,0,0,0,0,4,0,0
922303,0,0,0,0,0,2,0,0
922401,0,0,0,0,0,3,0,0
922403,0,0,0,0,0,1,0,0
922601,0,0,0,0,0,1,0,0
922701,0,0,0,0,0,4,0,0
922802,0,0,0,0,0,34,0,0
923001,0,0,0,0,0,2,0,0
930101,0,0,0,0,0,1,0,0
930201,0,0,0,0,0,1,0,0
930206,0,0,0,0,0,1,0,0
930226,0,0,0,0,0,1,0,0
930232,0,0,0,0,0,1,0,0
930402,0,0,0,0,0,1,0,0
930602,0,0,0,0,0,4,0,0
930603,0,0,0,0,0,0,0,0
930703,0,0,0,0,0,25,0,0
930704,0,0,0,0,0,1,0,0
930705,0,0,0,0,0,1,0,0
930709,0,0,0,0,0,2,0,0
930713,0,0,0,0,0,14,0,0
930720,0,0,0,0,0,6,0,0
930721,0,0,0,0,0,12,0,0
930726,0,0,0,0,0,8,0,0
930727,0,0,0,0,0,5,0,0
930731,0,0,0,0,0,4,0,0
930736,0,0,0,0,0,3,0,0
930801,0,0,0,0,0,1,0,0
931001,0,0,0,0,0,1,0,0
931101,0,0,0,0,0,1,0,0
931302,0,0,0,0,0,1,0,0
931501,0,0,0,0,0,1,0,0
931503,0,0,0,0,0,1,0,0
931904,0,0,0,0,0,1,0,0
932002,0,0,0,0,0,1,0,0
932401,0,0,0,0,0,1,0,0
932501,0,0,0,0,0,1,0,0
932801,0,0,0,0,0,1,0,0
933001,0,0,0,0,0,1,0,0
933201,0,0,0,0,0,1,0,0
933701,0,0,0,0,0,1,0,0
933702,0,0,0,0,0,1,0,0
933801,0,0,0,0,0,1,0,0
940201,0,0,0,0,0,5,0,0
940203,0,0,0,0,0,2,0,0
940205,0,0,0,0,0,5,0,0
940206,0,0,0,0,0,3,0,0
940213,0,0,0,0,0,5,0,0
940245,0,0,0,0,0,9,0,0
940302,0,0,0,0,0,3,0,0
940401,0,0,0,0,0,2,0,0
940402,0,0,0,0,0,6,0,0
940403,0,0,0,0,0,1,0,0
940404,0,0,0,0,0,1,0,0
940601,0,0,0,0,0,1,0,0
940801,0,0,0,0,0,2,0,0
940902,0,0,0,0,0,119,0,0
940903,0,0,0,0,0,28,0,0
940905,0,0,0,0,0,10,0,0
940909,0,0,0,0,0,3,0,0
940910,0,0,0,0,0,212,0,0
940911,0,0,0,0,0,4,0,0
940913,0,0,0,0,0,7,0,0
940915,0,0,0,0,0,3,0,0
940917,0,0,0,0,0,8,0,0
940918,0,0,0,0,0,14,0,0
940920,0,0,0,0,0,18,0,0
940922,0,0,0,0,0,11,0,0
940931,0,0,0,0,0,3,0,0
940935,0,0,0,0,0,6,0,0
941001,0,0,0,0,0,1,0,0
941101,0,0,0,0,0,2,0,0
941103,0,0,0,0,0,1,0,0
941105,0,0,0,0,0,3,0,0
941106,0,0,0,0,0,1,0,0
941107,0,0,0,0,0,1,0,0
941108,0,0,0,0,0,21,0,0
941110,0,0,0,0,0,2,0,0
941204,0,0,0,0,0,13,0,0
941301,0,0,0,0,0,1,0,0
941401,0,0,0,0,0,6,0,0
941501,0,0,0,0,0,1,0,0
941701,0,0,0,0,0,9,0,0
941703,0,0,0,0,0,24,0,0
941704,0,0,0,0,0,13,0,0
941706,0,0,0,0,0,112,0,0
941707,0,0,0,0,0,3,0,0
941709,0,0,0,0,0,43,0,0
941710,0,0,0,0,0,4,0,0
941711,0,0,0,0,0,31,0,0
941717,0,0,0,0,0,6,0,0
941748,0,0,0,0,0,4,0,0
941755,0,0,0,0,0,2,0,0
941801,0,0,0,0,0,1,0,0
942001,0,0,0,0,0,1,0,0
942101,0,0,0,0,0,1,0,0
942302,0,0,0,0,0,2,0,0
942401,0,0,0,0,0,1,0,0
942502,0,0,0,0,0,2,0,0
942601,0,0,0,0,0,1,0,0
942604,0,0,0,0,0,1,0,0
942701,0,0,0,0,0,7,0,0
942703,0,0,0,0,0,2,0,0
942802,0,0,0,0,0,10,0,0
942803,0,0,0,0,0,9,0,0
942901,0,0,0,0,0,2,0,0
942910,0,0,0,0,0,1,0,0
943601,0,0,0,0,0,1,0,0
943701,0,0,0,0,0,1,0,0
944202,0,0,0,0,0,1,0,0
950102,0,0,0,0,0,3,0,0
950103,0,0,0,0,0,1,0,0
950104,0,0,0,0,0,3,0,0
950105,0,0,0,0,0,9,0,0
950106,0,0,0,0,0,2,0,0
950201,0,0,0,0,0,2,0,0
950202,0,0,0,0,0,1,0,0
