mesa,p_RP,p_SomosPeru,p_Podemos,p_FE2021,p_Otros,p_BlancoNulo,d_RP,d_SomosPeru,d_FuerzaPop,d_Podemos,d_FE2021,d_APP,d_Otros,d_BlancoNulo
55595,101.0,34.0,20.0,17.0,14.0,13.0,81.0,43.0,19.0,13.0,9.0,13.0,9.0,12.0
55596,104.0,47.0,10.0,8.0,6.0,10.0,78.0,42.0,29.0,11.0,6.0,10.0,4.0,5.0
55597,95.0,36.0,17.0,20.0,8.0,14.0,63.0,46.0,31.0,11.0,6.0,11.0,12.0,10.0
55598,119.0,37.0,18.0,22.0,6.0,11.0,75.0,42.0,38.0,9.0,15.0,12.0,7.0,15.0
55599,101.0,38.0,14.0,12.0,10.0,9.0,65.0,49.0,25.0,8.0,10.0,10.0,7.0,10.0
55600,149.0,51.0,16.0,26.0,13.0,18.0,102.0,72.0,38.0,15.0,14.0,16.0,6.0,10.0
55601,147.0,52.0,32.0,18.0,13.0,12.0,112.0,63.0,41.0,10.0,10.0,18.0,7.0,13.0
55602,145.0,52.0,27.0,25.0,19.0,10.0,89.0,77.0,42.0,24.0,8.0,15.0,12.0,11.0
55603,147.0,49.0,21.0,28.0,8.0,20.0,108.0,63.0,35.0,7.0,7.0,16.0,17.0,20.0
55604,171.0,57.0,12.0,21.0,12.0,10.0,109.0,66.0,40.0,13.0,20.0,16.0,7.0,12.0
55605,158.0,48.0,26.0,22.0,18.0,8.0,110.0,51.0,62.0,13.0,14.0,14.0,4.0,12.0
55606,157.0,50.0,25.0,23.0,10.0,13.0,121.0,62.0,39.0,9.0,13.0,16.0,8.0,10.0
55607,153.0,57.0,25.0,24.0,9.0,13.0,104.0,69.0,43.0,11.0,10.0,22.0,10.0,12.0
55608,162.0,62.0,25.0,16.0,8.0,14.0,125.0,66.0,42.0,12.0,12.0,14.0,6.0,10.0
55609,147.0,61.0,26.0,24.0,12.0,13.0,98.0,82.0,43.0,15.0,10.0,15.0,5.0,15.0
55610,138.0,60.0,18.0,32.0,10.0,19.0,108.0,75.0,43.0,6.0,9.0,14.0,9.0,13.0
55611,152.0,64.0,21.0,21.0,13.0,7.0,110.0,73.0,43.0,14.0,15.0,10.0,4.0,9.0
55612,92.0,46.0,33.0,28.0,20.0,16.0,68.0,53.0,28.0,24.0,17.0,13.0,12.0,20.0
55613,96.0,42.0,54.0,23.0,21.0,18.0,75.0,42.0,27.0,46.0,16.0,11.0,18.0,19.0
55614,98.0,43.0,32.0,26.0,30.0,13.0,80.0,51.0,21.0,30.0,19.0,8.0,18.0,15.0
55615,93.0,47.0,37.0,27.0,25.0,22.0,77.0,56.0,33.0,29.0,17.0,13.0,7.0,19.0
55616,101.0,52.0,28.0,23.0,12.0,19.0,75.0,54.0,23.0,25.0,12.0,11.0,16.0,19.0
55617,105.0,62.0,35.0,18.0,18.0,17.0,82.0,63.0,21.0,39.0,18.0,8.0,9.0,15.0
55618,92.0,58.0,24.0,22.0,17.0,25.0,60.0,55.0,26.0,30.0,21.0,9.0,7.0,30.0
55619,113.0,36.0,29.0,10.0,17.0,12.0,82.0,36.0,29.0,25.0,10.0,16.0,6.0,13.0
55620,121.0,41.0,28.0,18.0,17.0,11.0,94.0,44.0,27.0,19.0,10.0,16.0,15.0,11.0
55621,103.0,36.0,32.0,15.0,12.0,13.0,61.0,45.0,36.0,21.0,12.0,11.0,9.0,16.0
55622,103.0,45.0,25.0,14.0,13.0,19.0,82.0,43.0,33.0,14.0,7.0,10.0,14.0,16.0
55623,119.0,44.0,22.0,15.0,13.0,9.0,93.0,44.0,28.0,19.0,8.0,9.0,7.0,14.0
55624,100.0,48.0,31.0,13.0,17.0,13.0,68.0,57.0,27.0,28.0,10.0,15.0,4.0,13.0
55625,96.0,39.0,30.0,19.0,11.0,11.0,70.0,41.0,28.0,23.0,13.0,13.0,8.0,10.0
55626,119.0,49.0,21.0,14.0,12.0,11.0,84.0,51.0,30.0,14.0,18.0,10.0,9.0,10.0
55627,91.0,54.0,30.0,13.0,21.0,91.0,71.0,59.0,27.0,15.0,15.0,10.0,13.0,90.0
55628,91.0,33.0,39.0,23.0,15.0,19.0,73.0,42.0,30.0,18.0,17.0,14.0,8.0,18.0
55629,100.0,45.0,30.0,24.0,15.0,7.0,70.0,49.0,28.0,26.0,9.0,11.0,12.0,16.0
55630,100.0,38.0,32.0,15.0,11.0,20.0,75.0,37.0,26.0,16.0,12.0,10.0,15.0,25.0
55631,88.0,32.0,31.0,21.0,16.0,14.0,72.0,43.0,22.0,21.0,16.0,8.0,8.0,12.0
55632,90.0,40.0,26.0,8.0,21.0,20.0,78.0,35.0,22.0,23.0,7.0,11.0,9.0,20.0
55633,93.0,54.0,31.0,13.0,14.0,20.0,76.0,61.0,28.0,16.0,10.0,9.0,10.0,15.0
55634,107.0,38.0,37.0,18.0,7.0,13.0,75.0,50.0,33.0,20.0,11.0,8.0,7.0,16.0
55635,111.0,41.0,34.0,7.0,19.0,14.0,87.0,39.0,24.0,16.0,13.0,16.0,17.0,14.0
55636,109.0,37.0,34.0,12.0,19.0,16.0,101.0,42.0,24.0,16.0,9.0,10.0,11.0,14.0
55637,88.0,43.0,30.0,21.0,11.0,18.0,57.0,55.0,23.0,17.0,15.0,10.0,10.0,24.0
55638,97.0,34.0,33.0,15.0,20.0,12.0,85.0,40.0,26.0,14.0,13.0,10.0,12.0,11.0
55639,102.0,35.0,25.0,19.0,25.0,13.0,79.0,35.0,27.0,16.0,16.0,12.0,13.0,21.0
55640,93.0,32.0,28.0,19.0,22.0,13.0,68.0,40.0,24.0,14.0,15.0,15.0,12.0,19.0
55641,103.0,42.0,18.0,20.0,21.0,16.0,100.0,35.0,22.0,19.0,14.0,9.0,6.0,15.0
55642,106.0,36.0,30.0,8.0,17.0,14.0,83.0,51.0,24.0,17.0,6.0,7.0,8.0,15.0
55643,95.0,39.0,33.0,22.0,20.0,13.0,72.0,44.0,29.0,21.0,17.0,16.0,10.0,13.0
55644,93.0,44.0,36.0,24.0,14.0,27.0,71.0,50.0,27.0,22.0,17.0,12.0,12.0,27.0
55645,103.0,30.0,25.0,11.0,23.0,12.0,83.0,38.0,23.0,16.0,14.0,9.0,4.0,17.0
55646,105.0,39.0,29.0,17.0,14.0,9.0,84.0,46.0,23.0,16.0,8.0,7.0,15.0,14.0
55647,96.0,36.0,26.0,20.0,19.0,12.0,92.0,37.0,17.0,12.0,15.0,10.0,8.0,18.0
55648,77.0,42.0,32.0,12.0,23.0,12.0,65.0,37.0,21.0,21.0,19.0,9.0,11.0,15.0
55649,90.0,42.0,28.0,19.0,18.0,14.0,81.0,45.0,22.0,15.0,14.0,6.0,14.0,14.0
55650,90.0,36.0,32.0,10.0,24.0,23.0,87.0,45.0,18.0,21.0,11.0,10.0,7.0,16.0
55651,99.0,40.0,27.0,13.0,15.0,12.0,89.0,46.0,17.0,10.0,12.0,15.0,4.0,13.0
55652,113.0,50.0,29.0,20.0,10.0,9.0,94.0,45.0,26.0,11.0,16.0,16.0,11.0,12.0
55653,122.0,42.0,31.0,21.0,12.0,13.0,71.0,60.0,35.0,18.0,16.0,17.0,9.0,15.0
55654,121.0,35.0,26.0,23.0,9.0,14.0,85.0,38.0,43.0,8.0,14.0,15.0,12.0,13.0
55655,126.0,40.0,27.0,27.0,6.0,7.0,81.0,40.0,36.0,23.0,19.0,13.0,10.0,11.0
55656,118.0,57.0,17.0,13.0,10.0,21.0,100.0,50.0,28.0,10.0,10.0,13.0,8.0,17.0
55657,124.0,37.0,31.0,24.0,16.0,3.0,91.0,49.0,39.0,15.0,13.0,14.0,8.0,6.0
55658,128.0,45.0,20.0,31.0,12.0,10.0,91.0,47.0,39.0,15.0,14.0,15.0,14.0,11.0
55659,107.0,43.0,29.0,14.0,12.0,10.0,82.0,45.0,24.0,20.0,17.0,6.0,11.0,10.0
55660,122.0,39.0,21.0,27.0,6.0,13.0,77.0,50.0,35.0,14.0,13.0,17.0,10.0,12.0
55661,130.0,43.0,18.0,21.0,10.0,21.0,87.0,49.0,40.0,19.0,9.0,9.0,10.0,20.0
55662,127.0,40.0,21.0,24.0,8.0,16.0,102.0,43.0,42.0,9.0,14.0,11.0,4.0,11.0
55663,120.0,51.0,23.0,19.0,8.0,10.0,91.0,49.0,33.0,14.0,16.0,12.0,6.0,10.0
55664,121.0,45.0,22.0,17.0,10.0,15.0,93.0,46.0,31.0,9.0,17.0,14.0,11.0,9.0
55665,129.0,50.0,24.0,16.0,9.0,18.0,83.0,51.0,37.0,18.0,17.0,15.0,10.0,15.0
55666,124.0,38.0,20.0,21.0,9.0,15.0,98.0,50.0,24.0,10.0,15.0,13.0,8.0,9.0
55667,123.0,39.0,22.0,19.0,15.0,17.0,89.0,65.0,34.0,7.0,7.0,16.0,1.0,16.0
55668,108.0,65.0,24.0,26.0,10.0,12.0,90.0,47.0,32.0,14.0,15.0,15.0,22.0,10.0
55669,119.0,49.0,22.0,27.0,12.0,15.0,88.0,55.0,30.0,17.0,14.0,13.0,17.0,10.0
55670,130.0,35.0,25.0,16.0,17.0,17.0,97.0,48.0,29.0,16.0,7.0,14.0,8.0,21.0
55671,138.0,41.0,17.0,23.0,10.0,13.0,94.0,46.0,42.0,9.0,19.0,10.0,6.0,16.0
55672,135.0,43.0,20.0,19.0,12.0,13.0,89.0,55.0,36.0,10.0,23.0,12.0,5.0,12.0
55673,126.0,34.0,25.0,30.0,13.0,11.0,89.0,60.0,26.0,17.0,18.0,16.0,5.0,8.0
55674,133.0,46.0,17.0,11.0,14.0,10.0,88.0,58.0,37.0,9.0,11.0,13.0,6.0,9.0
55675,113.0,59.0,33.0,21.0,16.0,8.0,67.0,65.0,38.0,26.0,16.0,14.0,13.0,11.0
55676,103.0,63.0,29.0,23.0,6.0,13.0,61.0,65.0,30.0,33.0,15.0,17.0,4.0,12.0
55677,118.0,45.0,32.0,28.0,11.0,12.0,76.0,70.0,28.0,26.0,10.0,12.0,11.0,13.0
55678,100.0,52.0,38.0,24.0,17.0,16.0,71.0,72.0,30.0,18.0,11.0,18.0,15.0,12.0
55679,104.0,56.0,29.0,23.0,8.0,9.0,82.0,68.0,20.0,24.0,12.0,6.0,5.0,12.0
55680,105.0,43.0,36.0,31.0,11.0,15.0,70.0,70.0,25.0,19.0,19.0,12.0,13.0,13.0
55681,126.0,45.0,25.0,27.0,9.0,13.0,83.0,63.0,29.0,17.0,18.0,12.0,10.0,13.0
55682,106.0,61.0,31.0,31.0,12.0,19.0,80.0,72.0,30.0,20.0,18.0,6.0,15.0,19.0
55683,111.0,67.0,26.0,35.0,20.0,12.0,83.0,55.0,41.0,19.0,17.0,16.0,20.0,20.0
55684,114.0,58.0,30.0,35.0,19.0,14.0,75.0,74.0,32.0,19.0,20.0,16.0,18.0,16.0
55685,117.0,58.0,23.0,36.0,15.0,19.0,81.0,74.0,30.0,15.0,19.0,13.0,20.0,16.0
55686,189.0,32.0,11.0,15.0,6.0,12.0,148.0,28.0,47.0,9.0,10.0,6.0,9.0,8.0
55687,188.0,26.0,7.0,15.0,5.0,13.0,162.0,24.0,34.0,2.0,5.0,9.0,6.0,12.0
55688,201.0,40.0,13.0,14.0,5.0,9.0,173.0,23.0,43.0,6.0,9.0,11.0,7.0,10.0
55689,196.0,37.0,11.0,20.0,2.0,8.0,155.0,23.0,45.0,8.0,15.0,7.0,10.0,11.0
55690,207.0,27.0,10.0,13.0,5.0,8.0,166.0,24.0,37.0,8.0,11.0,6.0,9.0,9.0
55691,205.0,29.0,12.0,15.0,5.0,12.0,170.0,24.0,38.0,9.0,8.0,7.0,11.0,11.0
55692,180.0,41.0,11.0,24.0,9.0,6.0,158.0,32.0,40.0,5.0,14.0,5.0,12.0,5.0
55693,197.0,29.0,11.0,10.0,8.0,10.0,166.0,25.0,35.0,9.0,8.0,3.0,11.0,8.0
55694,200.0,34.0,11.0,10.0,12.0,6.0,138.0,34.0,56.0,10.0,8.0,12.0,3.0,12.0
55695,186.0,33.0,16.0,15.0,11.0,6.0,159.0,22.0,49.0,12.0,5.0,5.0,10.0,5.0
55696,187.0,32.0,17.0,19.0,13.0,8.0,166.0,21.0,36.0,16.0,8.0,15.0,6.0,8.0
55697,194.0,36.0,8.0,21.0,7.0,7.0,165.0,34.0,36.0,9.0,10.0,4.0,9.0,6.0
55698,199.0,40.0,11.0,21.0,4.0,9.0,167.0,27.0,46.0,13.0,8.0,5.0,9.0,9.0
55699,200.0,34.0,9.0,17.0,9.0,7.0,167.0,30.0,41.0,5.0,7.0,10.0,7.0,9.0
55700,189.0,33.0,9.0,16.0,10.0,14.0,166.0,24.0,37.0,6.0,10.0,7.0,6.0,15.0
55701,157.0,34.0,18.0,15.0,10.0,20.0,120.0,54.0,34.0,6.0,9.0,11.0,8.0,12.0
55702,151.0,46.0,15.0,22.0,12.0,8.0,117.0,49.0,43.0,11.0,13.0,7.0,8.0,6.0
55703,149.0,43.0,18.0,18.0,12.0,12.0,122.0,51.0,34.0,0.0,8.0,7.0,17.0,13.0
55704,161.0,35.0,13.0,23.0,9.0,7.0,133.0,34.0,35.0,8.0,12.0,11.0,5.0,10.0
55706,165.0,37.0,9.0,19.0,4.0,10.0,108.0,31.0,57.0,3.0,14.0,7.0,18.0,6.0
55707,156.0,40.0,17.0,20.0,15.0,20.0,117.0,41.0,40.0,7.0,10.0,17.0,11.0,25.0
55708,147.0,43.0,18.0,21.0,14.0,8.0,113.0,46.0,35.0,11.0,7.0,18.0,11.0,10.0
55709,158.0,38.0,11.0,18.0,8.0,20.0,122.0,32.0,43.0,8.0,12.0,9.0,9.0,18.0
55710,153.0,41.0,13.0,18.0,13.0,8.0,116.0,46.0,33.0,8.0,14.0,9.0,7.0,13.0
55711,173.0,35.0,12.0,20.0,11.0,6.0,120.0,42.0,52.0,7.0,9.0,14.0,6.0,7.0
55712,167.0,36.0,18.0,10.0,12.0,11.0,127.0,41.0,33.0,7.0,9.0,12.0,9.0,16.0
55713,147.0,49.0,21.0,22.0,8.0,6.0,107.0,43.0,39.0,11.0,21.0,14.0,9.0,9.0
55714,158.0,41.0,14.0,21.0,10.0,12.0,115.0,37.0,49.0,10.0,13.0,10.0,12.0,10.0
55715,150.0,49.0,17.0,20.0,16.0,8.0,125.0,47.0,35.0,9.0,14.0,10.0,8.0,12.0
55716,174.0,38.0,5.0,25.0,8.0,9.0,131.0,33.0,38.0,7.0,14.0,15.0,14.0,7.0
55717,132.0,45.0,16.0,19.0,13.0,9.0,92.0,38.0,50.0,9.0,10.0,10.0,9.0,16.0
55718,145.0,50.0,21.0,19.0,10.0,15.0,111.0,47.0,37.0,15.0,13.0,14.0,11.0,12.0
55719,179.0,37.0,11.0,13.0,11.0,9.0,124.0,30.0,62.0,8.0,9.0,9.0,6.0,12.0
55720,141.0,44.0,11.0,25.0,13.0,11.0,111.0,38.0,39.0,11.0,11.0,11.0,12.0,12.0
55721,158.0,42.0,24.0,17.0,6.0,10.0,126.0,38.0,38.0,16.0,11.0,12.0,9.0,7.0
55722,161.0,39.0,10.0,18.0,10.0,11.0,116.0,45.0,39.0,11.0,12.0,6.0,8.0,12.0
55723,134.0,62.0,16.0,27.0,5.0,7.0,108.0,61.0,33.0,10.0,14.0,11.0,9.0,5.0
55724,165.0,38.0,10.0,20.0,9.0,8.0,113.0,44.0,43.0,7.0,12.0,12.0,9.0,10.0
55725,162.0,46.0,15.0,16.0,10.0,11.0,109.0,40.0,56.0,6.0,16.0,4.0,12.0,17.0
55726,155.0,50.0,10.0,7.0,9.0,14.0,114.0,40.0,38.0,5.0,15.0,14.0,5.0,14.0
55727,149.0,50.0,9.0,22.0,8.0,13.0,134.0,44.0,28.0,11.0,4.0,10.0,8.0,12.0
55728,176.0,25.0,12.0,38.0,11.0,10.0,116.0,57.0,40.0,6.0,19.0,12.0,15.0,7.0
55729,139.0,47.0,17.0,22.0,12.0,14.0,93.0,46.0,52.0,7.0,12.0,9.0,16.0,16.0
55730,172.0,45.0,14.0,15.0,8.0,11.0,142.0,31.0,43.0,6.0,8.0,11.0,7.0,17.0
55731,147.0,58.0,16.0,25.0,5.0,8.0,118.0,40.0,41.0,10.0,16.0,13.0,9.0,12.0
55732,161.0,35.0,21.0,23.0,6.0,10.0,127.0,33.0,40.0,6.0,16.0,9.0,15.0,10.0
55733,159.0,35.0,18.0,21.0,11.0,20.0,116.0,44.0,47.0,8.0,11.0,12.0,10.0,16.0
55734,147.0,45.0,21.0,18.0,17.0,7.0,108.0,42.0,52.0,8.0,17.0,12.0,8.0,8.0
55735,167.0,33.0,15.0,15.0,21.0,10.0,103.0,44.0,59.0,6.0,7.0,21.0,11.0,10.0
55736,153.0,38.0,19.0,17.0,14.0,8.0,114.0,45.0,33.0,6.0,12.0,15.0,11.0,13.0
55737,165.0,41.0,17.0,13.0,9.0,10.0,128.0,58.0,34.0,5.0,7.0,11.0,4.0,8.0
55738,161.0,30.0,19.0,16.0,11.0,14.0,124.0,30.0,35.0,14.0,7.0,16.0,8.0,17.0
55739,162.0,36.0,18.0,14.0,11.0,7.0,118.0,33.0,55.0,6.0,7.0,11.0,13.0,5.0
55740,160.0,39.0,8.0,21.0,8.0,15.0,122.0,37.0,43.0,4.0,11.0,8.0,13.0,13.0
55741,105.0,35.0,27.0,14.0,18.0,7.0,85.0,34.0,22.0,18.0,17.0,11.0,12.0,7.0
55742,85.0,42.0,31.0,14.0,22.0,8.0,56.0,47.0,27.0,21.0,14.0,10.0,14.0,13.0
55743,98.0,35.0,14.0,16.0,20.0,14.0,77.0,40.0,25.0,10.0,7.0,13.0,11.0,14.0
55744,97.0,34.0,29.0,9.0,17.0,9.0,74.0,42.0,29.0,16.0,10.0,9.0,6.0,9.0
55745,87.0,41.0,26.0,12.0,19.0,19.0,67.0,52.0,14.0,21.0,9.0,15.0,8.0,18.0
55746,99.0,39.0,24.0,14.0,10.0,15.0,76.0,43.0,29.0,17.0,5.0,6.0,7.0,18.0
55747,93.0,35.0,26.0,16.0,18.0,11.0,72.0,46.0,19.0,18.0,18.0,8.0,6.0,12.0
55748,97.0,31.0,24.0,14.0,13.0,29.0,83.0,44.0,20.0,11.0,8.0,10.0,10.0,22.0
55749,74.0,39.0,25.0,17.0,15.0,17.0,52.0,37.0,17.0,22.0,16.0,10.0,14.0,19.0
55750,118.0,34.0,15.0,12.0,18.0,10.0,84.0,46.0,30.0,8.0,7.0,12.0,10.0,10.0
55751,116.0,28.0,23.0,15.0,10.0,13.0,83.0,42.0,21.0,16.0,10.0,9.0,4.0,20.0
55752,99.0,36.0,25.0,13.0,17.0,6.0,72.0,43.0,18.0,18.0,11.0,13.0,13.0,8.0
55753,92.0,29.0,29.0,22.0,23.0,14.0,70.0,38.0,26.0,10.0,14.0,20.0,16.0,15.0
55754,107.0,28.0,18.0,16.0,16.0,9.0,84.0,30.0,26.0,10.0,11.0,11.0,5.0,17.0
55755,101.0,38.0,28.0,25.0,13.0,11.0,88.0,40.0,24.0,14.0,18.0,9.0,6.0,17.0
55756,112.0,38.0,20.0,10.0,12.0,14.0,76.0,40.0,30.0,11.0,10.0,12.0,12.0,15.0
55757,103.0,32.0,26.0,14.0,11.0,10.0,80.0,37.0,27.0,16.0,8.0,8.0,7.0,13.0
55758,101.0,25.0,28.0,15.0,13.0,14.0,77.0,31.0,34.0,13.0,15.0,6.0,8.0,12.0
55759,38.0,29.0,89.0,14.0,8.0,6.0,47.0,43.0,23.0,27.0,18.0,11.0,8.0,7.0
55761,101.0,39.0,21.0,10.0,14.0,13.0,83.0,41.0,20.0,12.0,15.0,7.0,6.0,14.0
55762,97.0,31.0,30.0,15.0,12.0,18.0,62.0,43.0,32.0,18.0,13.0,6.0,11.0,18.0
55763,93.0,31.0,31.0,21.0,18.0,12.0,68.0,38.0,27.0,22.0,14.0,10.0,5.0,22.0
55764,100.0,37.0,25.0,21.0,13.0,17.0,68.0,39.0,28.0,18.0,12.0,16.0,12.0,20.0
55765,81.0,28.0,28.0,13.0,22.0,19.0,59.0,32.0,22.0,17.0,8.0,18.0,12.0,23.0
55766,104.0,34.0,26.0,14.0,14.0,19.0,72.0,33.0,43.0,14.0,11.0,10.0,13.0,15.0
55767,96.0,51.0,15.0,17.0,9.0,9.0,73.0,51.0,23.0,8.0,10.0,9.0,12.0,11.0
55768,92.0,29.0,38.0,12.0,14.0,19.0,75.0,40.0,27.0,16.0,9.0,5.0,7.0,25.0
55769,101.0,36.0,26.0,13.0,3.0,4.0,73.0,38.0,24.0,16.0,8.0,8.0,5.0,11.0
55770,110.0,65.0,24.0,29.0,19.0,8.0,87.0,71.0,25.0,16.0,11.0,19.0,10.0,16.0
55771,106.0,73.0,37.0,33.0,11.0,14.0,96.0,64.0,26.0,14.0,20.0,23.0,15.0,16.0
55772,115.0,53.0,27.0,33.0,17.0,17.0,85.0,73.0,35.0,15.0,10.0,17.0,12.0,15.0
55773,121.0,59.0,30.0,38.0,15.0,11.0,109.0,58.0,29.0,21.0,21.0,15.0,9.0,12.0
55774,115.0,63.0,25.0,32.0,9.0,15.0,94.0,66.0,26.0,10.0,20.0,13.0,11.0,19.0
55775,86.0,46.0,24.0,24.0,25.0,18.0,70.0,46.0,24.0,21.0,15.0,14.0,16.0,17.0
55776,87.0,44.0,15.0,21.0,15.0,15.0,59.0,49.0,19.0,14.0,15.0,12.0,13.0,16.0
55777,87.0,52.0,25.0,13.0,18.0,16.0,74.0,48.0,16.0,14.0,12.0,14.0,12.0,21.0
55778,90.0,34.0,28.0,19.0,16.0,16.0,75.0,35.0,21.0,21.0,17.0,16.0,6.0,12.0
55779,101.0,43.0,22.0,19.0,13.0,19.0,76.0,41.0,25.0,17.0,11.0,15.0,11.0,21.0
55780,91.0,37.0,16.0,22.0,10.0,18.0,67.0,40.0,22.0,11.0,17.0,6.0,12.0,19.0
55781,83.0,39.0,25.0,25.0,18.0,14.0,71.0,42.0,18.0,20.0,11.0,14.0,17.0,11.0
55782,93.0,35.0,28.0,19.0,21.0,13.0,82.0,42.0,16.0,18.0,3.0,17.0,16.0,15.0
55783,103.0,39.0,19.0,21.0,14.0,14.0,78.0,47.0,12.0,13.0,15.0,11.0,14.0,20.0
55784,88.0,39.0,24.0,26.0,22.0,11.0,78.0,38.0,18.0,11.0,23.0,18.0,15.0,9.0
55785,106.0,46.0,23.0,22.0,17.0,11.0,82.0,55.0,22.0,12.0,17.0,11.0,12.0,14.0
55786,90.0,34.0,29.0,25.0,17.0,11.0,76.0,36.0,15.0,23.0,20.0,10.0,17.0,9.0
55787,86.0,53.0,33.0,19.0,18.0,12.0,74.0,47.0,20.0,22.0,18.0,12.0,11.0,17.0
55788,97.0,43.0,27.0,14.0,21.0,13.0,78.0,46.0,18.0,20.0,14.0,18.0,8.0,13.0
55789,93.0,43.0,18.0,25.0,22.0,7.0,75.0,39.0,22.0,15.0,21.0,14.0,12.0,10.0
55790,88.0,38.0,22.0,19.0,20.0,12.0,67.0,37.0,20.0,14.0,15.0,13.0,17.0,16.0
55791,107.0,40.0,22.0,13.0,17.0,10.0,73.0,41.0,32.0,12.0,9.0,14.0,13.0,15.0
55792,94.0,37.0,19.0,14.0,26.0,15.0,78.0,37.0,31.0,10.0,11.0,11.0,10.0,17.0
55793,103.0,35.0,22.0,22.0,10.0,13.0,81.0,49.0,23.0,11.0,16.0,4.0,10.0,11.0
55794,89.0,28.0,28.0,10.0,17.0,14.0,67.0,35.0,14.0,15.0,11.0,15.0,7.0,22.0
55795,93.0,33.0,29.0,22.0,14.0,15.0,60.0,51.0,26.0,14.0,8.0,18.0,10.0,19.0
55796,85.0,40.0,28.0,13.0,17.0,16.0,77.0,33.0,28.0,16.0,5.0,10.0,11.0,19.0
55797,99.0,43.0,22.0,15.0,14.0,13.0,79.0,36.0,30.0,12.0,17.0,7.0,13.0,12.0
55798,98.0,39.0,19.0,10.0,18.0,11.0,71.0,38.0,26.0,12.0,11.0,11.0,13.0,13.0
55799,101.0,35.0,29.0,17.0,16.0,17.0,79.0,41.0,28.0,16.0,12.0,17.0,7.0,15.0
55800,94.0,28.0,20.0,18.0,18.0,12.0,55.0,44.0,36.0,7.0,15.0,10.0,9.0,14.0
55801,111.0,39.0,19.0,19.0,8.0,15.0,81.0,29.0,31.0,14.0,13.0,11.0,18.0,14.0
55802,93.0,42.0,21.0,14.0,16.0,21.0,75.0,45.0,21.0,8.0,9.0,17.0,10.0,22.0
55803,91.0,28.0,22.0,16.0,17.0,18.0,79.0,25.0,30.0,14.0,13.0,8.0,14.0,9.0
55804,87.0,42.0,28.0,13.0,14.0,13.0,51.0,57.0,30.0,16.0,11.0,9.0,9.0,14.0
55805,103.0,33.0,21.0,22.0,12.0,15.0,80.0,43.0,24.0,15.0,11.0,8.0,6.0,19.0
55806,93.0,39.0,26.0,13.0,16.0,6.0,67.0,39.0,27.0,18.0,15.0,9.0,9.0,9.0
55807,102.0,33.0,18.0,17.0,20.0,19.0,61.0,41.0,38.0,13.0,12.0,13.0,14.0,17.0
55808,105.0,37.0,18.0,12.0,12.0,14.0,77.0,34.0,30.0,14.0,14.0,7.0,6.0,16.0
55809,103.0,25.0,22.0,19.0,10.0,22.0,73.0,44.0,26.0,11.0,17.0,6.0,9.0,15.0
55810,100.0,33.0,29.0,18.0,18.0,14.0,75.0,34.0,33.0,13.0,8.0,16.0,16.0,17.0
55811,128.0,28.0,25.0,19.0,23.0,9.0,91.0,43.0,34.0,20.0,8.0,17.0,7.0,12.0
55812,108.0,32.0,28.0,14.0,9.0,23.0,70.0,42.0,32.0,18.0,18.0,7.0,10.0,17.0
55813,95.0,37.0,28.0,13.0,11.0,15.0,75.0,35.0,27.0,18.0,16.0,5.0,4.0,19.0
55814,94.0,30.0,25.0,10.0,22.0,21.0,63.0,35.0,26.0,21.0,14.0,13.0,10.0,20.0
55815,93.0,36.0,27.0,17.0,14.0,9.0,66.0,44.0,28.0,17.0,15.0,7.0,8.0,11.0
55816,89.0,37.0,28.0,21.0,15.0,18.0,66.0,37.0,29.0,28.0,11.0,14.0,4.0,19.0
55817,107.0,33.0,25.0,19.0,13.0,13.0,89.0,40.0,23.0,19.0,12.0,8.0,8.0,11.0
55818,108.0,32.0,27.0,18.0,15.0,15.0,72.0,40.0,32.0,15.0,17.0,7.0,13.0,19.0
55819,72.0,44.0,60.0,16.0,16.0,16.0,64.0,53.0,15.0,44.0,11.0,11.0,10.0,16.0
55820,61.0,50.0,42.0,15.0,24.0,16.0,56.0,53.0,17.0,27.0,12.0,11.0,12.0,20.0
55821,48.0,43.0,54.0,19.0,17.0,24.0,28.0,58.0,15.0,39.0,17.0,10.0,16.0,22.0
55822,55.0,39.0,33.0,22.0,24.0,18.0,53.0,43.0,16.0,28.0,11.0,10.0,9.0,21.0
55823,81.0,39.0,40.0,17.0,29.0,24.0,82.0,40.0,26.0,27.0,9.0,9.0,10.0,27.0
55824,62.0,45.0,44.0,26.0,28.0,15.0,48.0,53.0,22.0,38.0,17.0,12.0,9.0,21.0
55825,62.0,52.0,35.0,16.0,25.0,10.0,66.0,57.0,10.0,28.0,12.0,10.0,6.0,11.0
55826,152.0,55.0,15.0,28.0,12.0,10.0,123.0,47.0,43.0,8.0,13.0,13.0,15.0,10.0
55827,151.0,62.0,15.0,29.0,9.0,12.0,117.0,56.0,43.0,12.0,14.0,9.0,14.0,13.0
55828,169.0,47.0,16.0,32.0,6.0,8.0,124.0,47.0,47.0,9.0,14.0,18.0,12.0,7.0
55829,176.0,53.0,9.0,22.0,8.0,8.0,132.0,45.0,51.0,3.0,17.0,10.0,10.0,8.0
55830,181.0,54.0,9.0,20.0,8.0,8.0,121.0,60.0,53.0,8.0,10.0,11.0,8.0,9.0
55831,80.0,24.0,15.0,9.0,14.0,8.0,54.0,27.0,25.0,12.0,10.0,8.0,6.0,8.0
55832,87.0,27.0,20.0,14.0,9.0,11.0,64.0,32.0,29.0,8.0,13.0,3.0,7.0,12.0
55833,85.0,29.0,26.0,13.0,9.0,8.0,62.0,34.0,22.0,19.0,9.0,9.0,8.0,7.0
55834,69.0,26.0,20.0,11.0,12.0,11.0,65.0,22.0,13.0,10.0,9.0,9.0,9.0,12.0
55835,70.0,25.0,23.0,11.0,11.0,12.0,64.0,22.0,14.0,13.0,10.0,5.0,9.0,15.0
55836,80.0,24.0,22.0,16.0,15.0,13.0,58.0,26.0,25.0,15.0,16.0,11.0,5.0,14.0
55837,65.0,32.0,25.0,18.0,15.0,11.0,63.0,34.0,16.0,17.0,14.0,5.0,7.0,10.0
55838,86.0,30.0,21.0,11.0,8.0,9.0,67.0,25.0,21.0,16.0,8.0,8.0,11.0,9.0
55839,69.0,25.0,22.0,15.0,23.0,13.0,54.0,36.0,19.0,15.0,14.0,9.0,10.0,10.0
55840,65.0,25.0,13.0,8.0,12.0,16.0,47.0,24.0,11.0,11.0,6.0,9.0,11.0,20.0
55841,89.0,25.0,14.0,12.0,10.0,16.0,71.0,33.0,17.0,9.0,7.0,4.0,10.0,15.0
55842,75.0,28.0,16.0,17.0,8.0,7.0,69.0,22.0,10.0,8.0,8.0,13.0,11.0,10.0
55843,84.0,19.0,17.0,9.0,4.0,12.0,70.0,17.0,18.0,10.0,11.0,2.0,6.0,11.0
55844,63.0,34.0,17.0,17.0,13.0,11.0,59.0,24.0,18.0,12.0,11.0,9.0,9.0,13.0
55845,69.0,29.0,23.0,12.0,15.0,17.0,64.0,28.0,17.0,12.0,13.0,4.0,9.0,18.0
55846,68.0,26.0,29.0,16.0,16.0,7.0,47.0,28.0,22.0,21.0,19.0,7.0,9.0,9.0
55847,81.0,24.0,15.0,9.0,9.0,11.0,64.0,28.0,20.0,7.0,6.0,2.0,10.0,12.0
55848,73.0,22.0,12.0,21.0,15.0,10.0,77.0,29.0,7.0,11.0,6.0,9.0,1.0,13.0
55849,61.0,30.0,19.0,11.0,16.0,9.0,50.0,28.0,14.0,12.0,10.0,13.0,11.0,8.0
55850,72.0,28.0,24.0,14.0,12.0,17.0,58.0,29.0,15.0,14.0,10.0,13.0,9.0,19.0
55851,70.0,28.0,13.0,18.0,16.0,12.0,48.0,25.0,31.0,8.0,13.0,6.0,9.0,17.0
55852,66.0,20.0,21.0,16.0,9.0,14.0,49.0,17.0,15.0,14.0,14.0,11.0,9.0,17.0
55853,80.0,27.0,16.0,15.0,17.0,14.0,67.0,27.0,16.0,15.0,8.0,9.0,12.0,15.0
55854,64.0,28.0,26.0,19.0,10.0,10.0,58.0,32.0,18.0,12.0,12.0,10.0,7.0,8.0
55855,95.0,14.0,16.0,12.0,12.0,6.0,70.0,22.0,20.0,9.0,6.0,8.0,9.0,11.0
55856,66.0,30.0,24.0,13.0,14.0,12.0,58.0,32.0,14.0,16.0,9.0,8.0,12.0,10.0
55857,58.0,37.0,16.0,10.0,20.0,15.0,52.0,24.0,17.0,15.0,11.0,13.0,9.0,15.0
55858,77.0,24.0,17.0,11.0,20.0,11.0,71.0,28.0,12.0,11.0,8.0,12.0,4.0,14.0
55859,71.0,21.0,27.0,21.0,12.0,13.0,58.0,27.0,23.0,18.0,13.0,3.0,7.0,16.0
55860,75.0,22.0,21.0,9.0,12.0,16.0,65.0,19.0,20.0,10.0,9.0,7.0,11.0,14.0
55861,75.0,22.0,22.0,9.0,8.0,11.0,47.0,21.0,29.0,19.0,9.0,7.0,7.0,8.0
55862,77.0,30.0,18.0,14.0,13.0,2.0,60.0,33.0,20.0,12.0,10.0,11.0,3.0,5.0
55863,76.0,16.0,15.0,7.0,22.0,13.0,57.0,22.0,22.0,10.0,6.0,10.0,6.0,16.0
55864,84.0,22.0,18.0,9.0,9.0,12.0,63.0,26.0,23.0,12.0,8.0,4.0,6.0,12.0
55865,60.0,20.0,20.0,18.0,13.0,15.0,37.0,15.0,24.0,13.0,16.0,4.0,10.0,27.0
55866,168.0,35.0,12.0,18.0,10.0,7.0,142.0,36.0,36.0,5.0,6.0,7.0,10.0,8.0
55867,198.0,39.0,5.0,12.0,7.0,14.0,157.0,27.0,51.0,5.0,12.0,4.0,7.0,12.0
55868,174.0,43.0,13.0,16.0,8.0,9.0,148.0,30.0,33.0,11.0,12.0,9.0,11.0,9.0
55869,175.0,45.0,16.0,16.0,6.0,2.0,148.0,29.0,44.0,8.0,12.0,7.0,9.0,3.0
55871,180.0,40.0,5.0,19.0,9.0,16.0,153.0,30.0,36.0,3.0,13.0,5.0,16.0,13.0
55872,186.0,35.0,15.0,11.0,4.0,9.0,141.0,33.0,50.0,10.0,4.0,3.0,9.0,10.0
55873,122.0,41.0,22.0,14.0,13.0,14.0,89.0,45.0,34.0,20.0,10.0,11.0,3.0,14.0
55874,111.0,42.0,33.0,21.0,17.0,9.0,108.0,35.0,26.0,26.0,12.0,7.0,6.0,13.0
55875,127.0,38.0,17.0,17.0,14.0,11.0,87.0,50.0,31.0,10.0,14.0,9.0,7.0,16.0
55876,98.0,40.0,31.0,20.0,11.0,14.0,79.0,45.0,24.0,22.0,11.0,6.0,8.0,19.0
55877,94.0,45.0,23.0,33.0,16.0,19.0,82.0,44.0,23.0,18.0,20.0,15.0,10.0,18.0
55879,101.0,47.0,33.0,16.0,16.0,11.0,73.0,53.0,35.0,17.0,9.0,15.0,10.0,12.0
55880,98.0,48.0,27.0,21.0,6.0,15.0,82.0,46.0,24.0,21.0,14.0,3.0,11.0,14.0
55881,119.0,39.0,32.0,14.0,15.0,15.0,98.0,35.0,24.0,20.0,12.0,13.0,15.0,17.0
55882,110.0,48.0,28.0,17.0,11.0,13.0,89.0,43.0,24.0,18.0,10.0,21.0,9.0,13.0
55883,96.0,44.0,30.0,22.0,13.0,12.0,77.0,41.0,34.0,17.0,19.0,6.0,9.0,14.0
55884,120.0,28.0,22.0,27.0,16.0,11.0,91.0,38.0,28.0,22.0,18.0,7.0,8.0,12.0
55885,94.0,48.0,34.0,21.0,16.0,9.0,79.0,47.0,22.0,16.0,15.0,10.0,22.0,11.0
55886,111.0,28.0,25.0,24.0,7.0,17.0,76.0,36.0,23.0,16.0,16.0,9.0,11.0,25.0
55887,94.0,42.0,20.0,17.0,17.0,5.0,72.0,48.0,17.0,18.0,8.0,13.0,9.0,10.0
55888,111.0,35.0,21.0,16.0,15.0,12.0,86.0,34.0,25.0,18.0,15.0,13.0,5.0,14.0
55889,119.0,40.0,22.0,27.0,16.0,9.0,88.0,42.0,30.0,21.0,18.0,12.0,12.0,10.0
55890,99.0,40.0,19.0,19.0,12.0,15.0,75.0,32.0,28.0,14.0,16.0,14.0,8.0,17.0
55891,116.0,39.0,21.0,17.0,13.0,11.0,75.0,32.0,37.0,15.0,16.0,8.0,15.0,19.0
55892,106.0,44.0,26.0,25.0,16.0,16.0,75.0,37.0,26.0,23.0,17.0,18.0,17.0,20.0
55893,96.0,42.0,30.0,17.0,10.0,19.0,77.0,48.0,18.0,16.0,13.0,11.0,10.0,21.0
55894,98.0,47.0,19.0,23.0,15.0,14.0,81.0,39.0,27.0,14.0,17.0,8.0,14.0,16.0
55896,101.0,64.0,27.0,12.0,16.0,6.0,103.0,40.0,25.0,15.0,10.0,13.0,13.0,7.0
55897,97.0,30.0,24.0,19.0,17.0,19.0,77.0,38.0,27.0,17.0,11.0,8.0,11.0,17.0
55898,103.0,41.0,22.0,13.0,18.0,12.0,80.0,40.0,31.0,10.0,12.0,8.0,14.0,14.0
55899,123.0,44.0,23.0,15.0,12.0,12.0,93.0,48.0,28.0,17.0,8.0,15.0,5.0,15.0
55900,100.0,41.0,18.0,26.0,10.0,11.0,78.0,45.0,24.0,14.0,13.0,12.0,9.0,11.0
55901,99.0,36.0,21.0,27.0,16.0,20.0,86.0,35.0,23.0,12.0,14.0,6.0,20.0,23.0
55902,105.0,34.0,25.0,19.0,8.0,17.0,72.0,37.0,34.0,14.0,17.0,10.0,7.0,17.0
55903,107.0,27.0,25.0,12.0,22.0,12.0,87.0,41.0,27.0,9.0,12.0,8.0,8.0,13.0
55904,109.0,28.0,25.0,22.0,12.0,14.0,93.0,32.0,26.0,12.0,13.0,11.0,7.0,16.0
55905,95.0,40.0,16.0,15.0,19.0,11.0,71.0,42.0,23.0,11.0,12.0,16.0,8.0,13.0
55906,103.0,22.0,25.0,8.0,10.0,13.0,74.0,28.0,29.0,8.0,9.0,6.0,7.0,20.0
55907,113.0,36.0,13.0,14.0,11.0,15.0,79.0,35.0,37.0,11.0,8.0,12.0,6.0,14.0
55908,105.0,30.0,19.0,17.0,16.0,7.0,76.0,34.0,22.0,15.0,11.0,18.0,7.0,11.0
55909,102.0,38.0,30.0,15.0,9.0,21.0,77.0,42.0,33.0,20.0,6.0,10.0,7.0,20.0
55910,103.0,27.0,25.0,15.0,12.0,12.0,70.0,33.0,36.0,17.0,16.0,6.0,5.0,11.0
55911,96.0,30.0,19.0,23.0,11.0,15.0,66.0,37.0,23.0,7.0,19.0,16.0,13.0,13.0
55912,86.0,0.0,26.0,15.0,20.0,38.0,57.0,28.0,29.0,20.0,10.0,12.0,10.0,19.0
55913,90.0,32.0,20.0,10.0,8.0,19.0,66.0,34.0,22.0,12.0,8.0,8.0,9.0,20.0
55914,108.0,29.0,17.0,21.0,12.0,9.0,87.0,43.0,24.0,8.0,9.0,3.0,13.0,9.0
55915,92.0,38.0,26.0,20.0,14.0,16.0,71.0,50.0,21.0,20.0,13.0,6.0,7.0,18.0
55916,105.0,33.0,24.0,7.0,18.0,10.0,76.0,40.0,24.0,16.0,11.0,8.0,9.0,13.0
55917,111.0,35.0,22.0,10.0,7.0,8.0,88.0,34.0,28.0,17.0,8.0,5.0,6.0,7.0
55918,87.0,31.0,22.0,14.0,10.0,39.0,69.0,29.0,23.0,12.0,13.0,7.0,7.0,43.0
55919,92.0,35.0,21.0,11.0,10.0,15.0,75.0,35.0,24.0,11.0,8.0,11.0,8.0,12.0
55920,102.0,30.0,22.0,16.0,12.0,11.0,81.0,30.0,25.0,12.0,16.0,10.0,8.0,11.0
55921,84.0,28.0,33.0,14.0,21.0,22.0,64.0,31.0,27.0,14.0,14.0,16.0,8.0,28.0
55922,95.0,32.0,25.0,15.0,16.0,14.0,66.0,34.0,24.0,23.0,15.0,11.0,8.0,16.0
55923,108.0,24.0,18.0,11.0,14.0,10.0,75.0,39.0,28.0,11.0,11.0,7.0,7.0,7.0
55924,117.0,26.0,21.0,16.0,15.0,22.0,91.0,42.0,26.0,10.0,8.0,12.0,9.0,19.0
55925,106.0,28.0,21.0,17.0,18.0,11.0,88.0,34.0,31.0,8.0,12.0,7.0,9.0,12.0
55926,97.0,32.0,23.0,20.0,22.0,11.0,78.0,40.0,27.0,13.0,10.0,14.0,9.0,14.0
55927,99.0,44.0,22.0,11.0,17.0,13.0,75.0,40.0,26.0,16.0,7.0,21.0,7.0,14.0
55929,90.0,23.0,26.0,25.0,20.0,11.0,73.0,36.0,12.0,17.0,21.0,13.0,9.0,14.0
55930,100.0,27.0,18.0,14.0,12.0,22.0,74.0,38.0,25.0,9.0,13.0,8.0,5.0,21.0
55931,96.0,28.0,28.0,14.0,15.0,14.0,77.0,25.0,28.0,16.0,17.0,9.0,7.0,16.0
55932,101.0,32.0,24.0,9.0,9.0,12.0,77.0,25.0,24.0,16.0,13.0,4.0,11.0,17.0
55933,114.0,41.0,19.0,22.0,11.0,12.0,76.0,44.0,35.0,16.0,11.0,7.0,18.0,12.0
55934,120.0,42.0,23.0,22.0,8.0,18.0,101.0,45.0,21.0,11.0,17.0,14.0,7.0,17.0
55935,137.0,20.0,23.0,19.0,12.0,13.0,116.0,30.0,32.0,9.0,14.0,7.0,4.0,12.0
55936,130.0,24.0,26.0,30.0,15.0,6.0,102.0,30.0,36.0,10.0,20.0,7.0,14.0,12.0
55937,116.0,36.0,26.0,26.0,17.0,16.0,89.0,37.0,33.0,14.0,22.0,10.0,12.0,20.0
55938,124.0,29.0,23.0,22.0,19.0,10.0,107.0,37.0,24.0,18.0,11.0,13.0,8.0,9.0
55939,111.0,32.0,22.0,22.0,19.0,21.0,105.0,25.0,21.0,12.0,23.0,8.0,11.0,22.0
55940,121.0,36.0,22.0,22.0,10.0,12.0,103.0,37.0,21.0,17.0,9.0,9.0,11.0,16.0
55941,130.0,33.0,19.0,14.0,7.0,17.0,102.0,33.0,33.0,19.0,7.0,7.0,6.0,13.0
55942,118.0,41.0,15.0,19.0,12.0,20.0,86.0,29.0,38.0,16.0,12.0,12.0,16.0,16.0
55943,131.0,39.0,18.0,15.0,19.0,9.0,102.0,42.0,36.0,5.0,11.0,10.0,13.0,12.0
55944,109.0,39.0,21.0,25.0,13.0,20.0,82.0,36.0,29.0,12.0,13.0,13.0,16.0,26.0
55945,122.0,44.0,25.0,23.0,14.0,15.0,116.0,42.0,21.0,11.0,18.0,4.0,13.0,18.0
55946,115.0,31.0,26.0,19.0,17.0,14.0,99.0,32.0,31.0,16.0,13.0,11.0,9.0,11.0
55947,119.0,37.0,24.0,28.0,12.0,10.0,91.0,39.0,32.0,16.0,19.0,9.0,14.0,10.0
55948,118.0,44.0,30.0,20.0,19.0,13.0,110.0,38.0,29.0,18.0,14.0,7.0,14.0,14.0
55949,115.0,37.0,21.0,19.0,15.0,20.0,82.0,41.0,31.0,17.0,14.0,12.0,13.0,17.0
55950,114.0,38.0,16.0,17.0,6.0,25.0,92.0,29.0,27.0,14.0,10.0,7.0,11.0,26.0
55951,121.0,35.0,30.0,15.0,18.0,9.0,96.0,36.0,26.0,15.0,10.0,14.0,13.0,18.0
55952,119.0,31.0,29.0,20.0,11.0,12.0,96.0,31.0,28.0,19.0,10.0,9.0,15.0,14.0
55953,117.0,22.0,18.0,16.0,20.0,13.0,97.0,32.0,21.0,10.0,9.0,11.0,9.0,17.0
55954,123.0,31.0,21.0,15.0,20.0,10.0,94.0,31.0,34.0,12.0,12.0,12.0,8.0,17.0
55955,115.0,33.0,19.0,16.0,14.0,9.0,87.0,34.0,33.0,14.0,10.0,4.0,13.0,11.0
55956,113.0,26.0,20.0,13.0,21.0,15.0,95.0,23.0,27.0,14.0,9.0,5.0,17.0,18.0
55957,109.0,44.0,12.0,24.0,10.0,14.0,79.0,42.0,33.0,12.0,14.0,6.0,13.0,14.0
55958,106.0,32.0,14.0,16.0,15.0,11.0,80.0,33.0,32.0,11.0,8.0,8.0,10.0,12.0
55959,118.0,28.0,16.0,21.0,13.0,14.0,111.0,30.0,17.0,10.0,14.0,7.0,8.0,13.0
55960,104.0,36.0,24.0,17.0,15.0,9.0,76.0,31.0,30.0,13.0,15.0,17.0,13.0,10.0
55961,110.0,32.0,19.0,14.0,8.0,16.0,89.0,34.0,26.0,8.0,5.0,10.0,9.0,18.0
55962,126.0,23.0,21.0,21.0,13.0,14.0,107.0,20.0,37.0,14.0,18.0,9.0,3.0,10.0
55963,108.0,38.0,21.0,15.0,21.0,5.0,79.0,33.0,34.0,12.0,15.0,13.0,12.0,10.0
55964,113.0,28.0,16.0,20.0,8.0,13.0,87.0,20.0,29.0,13.0,14.0,8.0,15.0,12.0
55965,99.0,27.0,19.0,21.0,15.0,13.0,84.0,30.0,27.0,16.0,8.0,8.0,9.0,12.0
55966,107.0,39.0,16.0,13.0,11.0,16.0,91.0,30.0,26.0,13.0,16.0,6.0,8.0,12.0
55967,103.0,33.0,15.0,15.0,9.0,16.0,81.0,36.0,25.0,4.0,13.0,8.0,6.0,18.0
55968,115.0,35.0,21.0,11.0,24.0,9.0,90.0,39.0,31.0,11.0,14.0,8.0,12.0,10.0
55969,111.0,38.0,19.0,16.0,14.0,11.0,92.0,40.0,23.0,8.0,15.0,10.0,12.0,9.0
55970,111.0,28.0,19.0,18.0,11.0,20.0,87.0,30.0,30.0,9.0,14.0,10.0,9.0,18.0
55971,111.0,42.0,22.0,18.0,8.0,10.0,85.0,38.0,31.0,13.0,15.0,2.0,17.0,10.0
55972,108.0,39.0,16.0,15.0,11.0,14.0,78.0,37.0,36.0,10.0,13.0,10.0,5.0,14.0
55973,104.0,32.0,27.0,13.0,12.0,12.0,76.0,29.0,35.0,16.0,9.0,10.0,12.0,13.0
55974,131.0,27.0,13.0,10.0,11.0,11.0,101.0,27.0,30.0,8.0,13.0,4.0,11.0,9.0
55975,108.0,36.0,24.0,21.0,10.0,13.0,103.0,39.0,22.0,11.0,14.0,3.0,8.0,12.0
55976,101.0,32.0,26.0,14.0,11.0,10.0,73.0,37.0,34.0,11.0,13.0,9.0,9.0,8.0
55977,115.0,31.0,24.0,20.0,16.0,12.0,85.0,33.0,29.0,26.0,13.0,7.0,12.0,13.0
55978,113.0,35.0,21.0,18.0,12.0,16.0,79.0,34.0,28.0,18.0,13.0,13.0,9.0,21.0
55979,115.0,33.0,28.0,16.0,18.0,15.0,88.0,38.0,30.0,25.0,8.0,9.0,11.0,16.0
55980,95.0,31.0,19.0,23.0,23.0,15.0,73.0,29.0,28.0,18.0,20.0,12.0,10.0,16.0
55981,119.0,38.0,22.0,26.0,10.0,12.0,90.0,32.0,28.0,22.0,19.0,11.0,8.0,17.0
55982,108.0,47.0,24.0,17.0,15.0,12.0,82.0,42.0,27.0,15.0,12.0,8.0,20.0,17.0
55983,97.0,42.0,17.0,23.0,14.0,7.0,65.0,44.0,28.0,16.0,16.0,14.0,8.0,9.0
55984,107.0,31.0,28.0,26.0,19.0,13.0,84.0,41.0,21.0,19.0,17.0,14.0,14.0,14.0
55985,107.0,23.0,22.0,27.0,19.0,16.0,77.0,38.0,22.0,20.0,17.0,8.0,13.0,19.0
55986,111.0,38.0,29.0,19.0,24.0,7.0,84.0,45.0,33.0,15.0,18.0,14.0,11.0,8.0
55987,113.0,35.0,27.0,21.0,11.0,18.0,78.0,37.0,35.0,19.0,14.0,7.0,14.0,21.0
55988,120.0,40.0,21.0,25.0,10.0,11.0,98.0,39.0,19.0,14.0,19.0,10.0,13.0,15.0
55989,105.0,43.0,29.0,19.0,9.0,17.0,86.0,40.0,24.0,16.0,14.0,11.0,14.0,17.0
55990,110.0,27.0,26.0,22.0,13.0,16.0,80.0,38.0,22.0,15.0,15.0,14.0,12.0,18.0
55991,117.0,46.0,22.0,25.0,16.0,12.0,98.0,34.0,29.0,18.0,15.0,14.0,15.0,15.0
55992,118.0,30.0,22.0,31.0,18.0,14.0,92.0,34.0,35.0,21.0,18.0,5.0,10.0,18.0
55993,106.0,52.0,26.0,14.0,16.0,12.0,88.0,47.0,26.0,22.0,10.0,10.0,9.0,14.0
55994,105.0,36.0,22.0,24.0,20.0,14.0,85.0,40.0,22.0,17.0,8.0,13.0,12.0,24.0
55995,114.0,39.0,24.0,27.0,9.0,19.0,92.0,38.0,33.0,16.0,19.0,12.0,7.0,15.0
55996,112.0,33.0,24.0,25.0,16.0,18.0,84.0,37.0,26.0,17.0,26.0,10.0,9.0,19.0
55997,136.0,39.0,30.0,19.0,7.0,12.0,113.0,47.0,22.0,18.0,15.0,12.0,11.0,5.0
55998,107.0,41.0,32.0,30.0,12.0,10.0,84.0,50.0,20.0,16.0,24.0,9.0,14.0,15.0
55999,113.0,43.0,22.0,31.0,9.0,10.0,80.0,48.0,34.0,14.0,16.0,13.0,13.0,10.0
56000,124.0,41.0,23.0,23.0,10.0,13.0,89.0,38.0,39.0,13.0,18.0,6.0,11.0,20.0
56001,125.0,28.0,26.0,24.0,11.0,12.0,99.0,38.0,26.0,20.0,15.0,11.0,6.0,11.0
56002,121.0,46.0,19.0,25.0,13.0,14.0,98.0,45.0,35.0,14.0,10.0,11.0,10.0,15.0
56003,97.0,41.0,21.0,13.0,18.0,11.0,78.0,35.0,21.0,20.0,13.0,10.0,7.0,17.0
56004,106.0,38.0,22.0,15.0,12.0,15.0,68.0,38.0,31.0,15.0,14.0,16.0,11.0,15.0
56005,106.0,39.0,22.0,15.0,15.0,13.0,73.0,37.0,36.0,12.0,15.0,13.0,12.0,12.0
56006,97.0,33.0,25.0,17.0,20.0,18.0,73.0,34.0,34.0,19.0,11.0,12.0,7.0,20.0
56007,112.0,33.0,17.0,21.0,19.0,11.0,86.0,28.0,25.0,17.0,16.0,13.0,14.0,14.0
56008,100.0,25.0,28.0,24.0,22.0,16.0,76.0,34.0,28.0,17.0,17.0,11.0,14.0,18.0
56009,113.0,41.0,20.0,13.0,23.0,14.0,89.0,37.0,34.0,16.0,10.0,9.0,14.0,15.0
56010,125.0,32.0,18.0,18.0,17.0,14.0,95.0,37.0,24.0,13.0,16.0,15.0,8.0,16.0
56011,114.0,25.0,17.0,20.0,22.0,13.0,94.0,36.0,20.0,16.0,8.0,9.0,13.0,15.0
