mpio_reg_code_7,error
1200750,404
1500208,404
2700112,404
1900070,404
8800330,404
0700292,404
2400013,404
0700301,404
2400025,404
1200720,404
1500205,404
6000040,404
2900097,404
0100220,404
0100218,404
0500124,404
2900100,404
2400021,404
2700115,404
0100223,404
0700001,404
4800013,404
0500127,404
4800012,404
0700298,404
1900067,404
8800760,404
1500211,404
1200800,404
1900074,404
2700118,404
2900103,404
0700007,404
1900076,404
0700304,404
0100226,404
2700119,404
2400029,404
4800016,404
2900105,404
5200059,404
7200006,404
1200825,404
4800018,404
0100227,404
0700008,404
8800505,404
0100229,404
1500217,404
1900079,404
2400038,404
4800020,404
2700120,404
2900106,404
1200850,404
1200875,404
0700010,404
0700307,404
0700310,404
1500214,404
2900109,404
8800335,404
0100230,404
1300001,404
8800765,404
1500220,404
2700121,404
0100231,404
6400001,404
0700313,404
2900112,404
0700013,404
5000001,404
1500218,404
1900082,404
1500223,404
5000070,404
1900085,404
0700016,404
2700127,404
2400046,404
1900088,404
2400062,404
0700311,404
2900115,404
2700124,404
5000073,404
1200900,404
2400054,404
0100232,404
0700316,404
0700019,404
2400070,404
7200008,404
8800515,404
5200060,404
5000078,404
2700130,404
1500226,404
0100001,404
2900118,404
1900091,404
1300004,404
1300009,404
2400078,404
2700133,404
1300007,404
5200043,404
1500229,404
2900121,404
0100237,404
2100001,404
0100235,404
1900094,404
0700322,404
0700022,404
0700319,404
0700025,404
1500232,404
2700136,404
2400086,404
2900124,404
5000087,404
0100238,404
2100008,404
2400094,404
0700324,404
1500235,404
1300010,404
8800340,404
8800770,404
2900127,404
5000090,404
0700031,404
0100241,404
0700325,404
2700139,404
6400002,404
1300013,404
5000092,404
0100244,404
0700328,404
1500238,404
2100010,404
3100001,404
2700142,404
0700028,404
2500001,404
0700034,404
1500239,404
1300014,404
2500004,404
2100012,404
5200001,404
0700040,404
0700334,404
2500007,404
2100015,404
8800115,404
3100004,404
2700145,404
0100247,404
0700037,404
8800535,404
3100007,404
1300016,404
1500241,404
2100013,404
0100250,404
5200005,404
1500244,404
2700148,404
3100010,404
5200074,404
2500010,404
2700151,404
1300019,404
0700331,404
5200006,404
6400004,404
0100253,404
0700043,404
0700337,404
1500247,404
2500013,404
1300020,404
8800350,404
5200008,404
2700154,404
8800785,404
3100013,404
0700340,404
0100256,404
0700046,404
2100016,404
1500250,404
0700049,404
2100020,404
3100016,404
1500256,404
0700346,404
2700157,404
2100025,404
0100259,404
3100019,404
1300023,404
2500019,404
2500016,404
1300022,404
5200015,404
5200010,404
2700160,404
5200080,404
2500022,404
1300024,404
2100028,404
0700052,404
3100022,404
8800120,404
6400019,404
0900001,404
0100262,404
1500259,404
2700163,404
5200020,404
2100030,404
0700058,404
0700055,404
1300025,404
1500262,404
0900004,404
0100268,404
0900007,404
1300027,404
6400007,404
2500025,404
2700166,404
3100025,404
1500265,404
0100265,404
5200025,404
2700167,404
2500028,404
0100004,404
2100031,404
3100028,404
0900013,404
2100040,404
1500268,404
0700059,404
0100270,404
1300028,404
0100007,404
1300031,404
3100031,404
0700060,404
0900022,404
2500031,404
2700169,404
0100271,404
0100010,404
2500034,404
5400001,404
2100042,404
8800355,404
2700172,404
3100034,404
8800805,404
8800130,404
0100013,404
1500271,404
0100274,404
0700061,404
1300032,404
0900034,404
1500274,404
0700064,404
2500036,404
0900037,404
0100277,404
0100016,404
2100046,404
2100048,404
5200027,404
2500037,404
1500277,404
0100280,404
6400013,404
2700174,404
1300033,404
2700178,404
0100019,404
1300034,404
8800815,404
3100043,404
0100022,404
2700175,404
2500038,404
0900049,404
0700067,404
2100049,404
8800580,404
3100037,404
3100040,404
1500280,404
0700068,404
2100052,404
1500283,404
0100282,404
2500040,404
1300037,404
2700181,404
0900052,404
0700070,404
3100046,404
0100283,404
1300040,404
0100025,404
0900055,404
2100055,404
0100028,404
5400003,404
2500043,404
2700184,404
8800135,404
1500286,404
1300043,404
0700073,404
0900058,404
3100049,404
1500289,404
2100058,404
2500046,404
0100286,404
2700187,404
8800590,404
1300046,404
0700076,404
0900061,404
2100060,404
0100031,404
0100289,404
1500292,404
6400016,404
2700190,404
5200028,404
3100055,404
2500049,404
0100034,404
0700077,404
1500295,404
8800360,404
0100290,404
2100067,404
2500051,404
3100058,404
0900067,404
2700193,404
1300049,404
0100291,404
0100035,404
0700078,404
0900076,404
1300052,404
3100052,404
1500298,404
2100070,404
2700194,404
2500052,404
8800620,404
3100064,404
2500054,404
0100037,404
0700079,404
2500055,404
0100295,404
0700082,404
2100076,404
0100040,404
2700195,404
0100292,404
3100067,404
0100293,404
2100073,404
3100061,404
1300055,404
0100039,404
1300058,404
0900078,404
8800140,404
1500304,404
0900079,404
2700196,404
1500301,404
5400007,404
0700085,404
0900082,404
1500307,404
1300060,404
3100070,404
2700199,404
0100043,404
2100078,404
5200030,404
2500058,404
0700088,404
1500316,404
0100298,404
1300061,404
0900085,404
2500061,404
8800370,404
2700202,404
3100073,404
0700091,404
2700205,404
1500004,404
0100300,404
2100085,404
2500064,404
0900103,404
3100076,404
0100046,404
2100079,404
1500318,404
0100049,404
0100301,404
0900106,404
1500007,404
0700094,404
1500319,404
3100079,404
2700208,404
2100095,404
2700211,404
0300001,404
1500010,404
2500067,404
2100090,404
0700097,404
0900109,404
3100082,404
0100052,404
1500322,404
8800625,404
0700100,404
1500323,404
0300004,404
0900115,404
1500013,404
8800155,404
2500070,404
2300001,404
0100055,404
5400012,404
2500069,404
2700217,404
0100058,404
5200035,404
3100085,404
2300004,404
1500016,404
8800375,404
2700219,404
0300007,404
1500325,404
0700103,404
2500073,404
0900124,404
0900120,404
1500019,404
3100091,404
0100061,404
2700220,404
1500328,404
2300007,404
2500076,404
1500022,404
0300013,404
0100062,404
0900127,404
3100088,404
0700106,404
1500331,404
0300010,404
0700109,404
2500079,404
2300010,404
2700221,404
3100094,404
0900130,404
5600001,404
0100064,404
0100067,404
1500025,404
0700112,404
0300016,404
2500082,404
0300019,404
2700223,404
8800635,404
0700118,404
1500337,404
2300016,404
2500085,404
1500029,404
8800160,404
5200040,404
3100100,404
3100097,404
0900133,404
0300022,404
0100070,404
2300013,404
2800001,404
1500334,404
0700121,404
1100001,404
1500030,404
2300017,404
2500088,404
0300025,404
1500340,404
1100004,404
1500031,404
6400023,404
0700124,404
3100103,404
2800010,404
2500091,404
2800020,404
8800380,404
3100106,404
0100073,404
1600001,404
0100076,404
0700127,404
2300019,404
1100005,404
1500034,404
0300028,404
1700001,404
2300022,404
2800030,404
3100109,404
2500093,404
5600004,404
8800165,404
0700130,404
1100006,404
0100078,404
1700002,404
0300031,404
1500037,404
2500094,404
2800040,404
2300025,404
3100112,404
0100079,404
0700136,404
0100080,404
0700137,404
8800655,404
1100010,404
1100007,404
3100115,404
0300034,404
2300028,404
1500040,404
1700004,404
2500097,404
0300035,404
5200041,404
2300031,404
1500043,404
2800041,404
1700006,404
3100118,404
2800042,404
6400025,404
0700139,404
0100082,404
0300037,404
8800410,404
1100013,404
2500100,404
3100121,404
1500046,404
0300040,404
2300034,404
2800045,404
6000001,404
0100085,404
1100016,404
1500049,404
2600001,404
8800170,404
2600005,404
1700008,404
3100124,404
2300037,404
8800665,404
2800048,404
1700007,404
0100088,404
0700142,404
0300043,404
0700148,404
1100019,404
1700010,404
1500052,404
1500055,404
4000001,404
2300038,404
2600010,404
0100091,404
0700151,404
2800050,404
2800049,404
2600020,404
1100022,404
0300047,404
0100094,404
1700011,404
4000005,404
8800430,404
6400026,404
0700154,404
1100025,404
1500058,404
0100097,404
4000010,404
2600025,404
0300046,404
0700157,404
2800055,404
2300040,404
1700012,404
0300049,404
2300039,404
1100027,404
1500061,404
1700013,404
2300041,404
1700014,404
0300052,404
2600040,404
0100100,404
1500064,404
8800190,404
4000017,404
2600030,404
2800060,404
6000007,404
2800080,404
0700160,404
0100103,404
1100028,404
2300044,404
1700015,404
8800670,404
1500067,404
0300055,404
0700161,404
1100029,404
2800100,404
4000015,404
4000020,404
0100106,404
2600050,404
2300043,404
0300058,404
0700163,404
1500070,404
1100031,404
1700016,404
0300061,404
6400028,404
4000025,404
0700166,404
2300046,404
1100034,404
0100109,404
1500072,404
2600060,404
8800435,404
2800120,404
1500076,404
1700017,404
0500001,404
2600070,404
1100037,404
2300047,404
0700169,404
0100112,404
2300049,404
2800180,404
2600080,404
2800160,404
1700019,404
4400001,404
4400002,404
1100040,404
0500004,404
6000010,404
1500079,404
0100115,404
2800190,404
0700173,404
8800215,404
0100117,404
2600090,404
0700176,404
4400003,404
2300052,404
1700022,404
2300055,404
0500005,404
2800200,404
2700001,404
4400004,404
1100043,404
1700025,404
1500085,404
0100118,404
0500006,404
1700026,404
8800675,404
1100046,404
1500088,404
0700178,404
2300058,404
2700004,404
8800440,404
5200044,404
4400005,404
6400030,404
4400006,404
2800220,404
0100121,404
0500007,404
2700007,404
1700027,404
0700179,404
2300061,404
2800240,404
1100049,404
1500091,404
0500009,404
1500094,404
4400007,404
0500010,404
6000013,404
1100052,404
0100124,404
2800260,404
0700181,404
0700184,404
2300064,404
0100127,404
1700028,404
2700010,404
1100053,404
1500097,404
2300067,404
4400009,404
1700031,404
2700013,404
8800220,404
2800280,404
8800680,404
1700032,404
0100130,404
2700016,404
2800300,404
4400010,404
1100055,404
0500014,404
0700187,404
0100133,404
0700190,404
2300076,404
1100058,404
1500103,404
5200045,404
1500100,404
1700034,404
6800001,404
2700019,404
0500013,404
4400012,404
2300073,404
2800320,404
0100136,404
2700022,404
8800445,404
2300077,404
0700193,404
1100060,404
0500015,404
1700035,404
1500106,404
1500109,404
2300078,404
0500016,404
1100061,404
4400016,404
2900001,404
0100139,404
2900004,404
1100064,404
1700037,404
2700028,404
1700038,404
4400017,404
5000083,404
2300079,404
0100140,404
1500112,404
2700025,404
0500018,404
0700199,404
0700202,404
8800250,404
2900007,404
0100142,404
0700205,404
0500022,404
6000016,404
1100067,404
0700214,404
2300080,404
2900010,404
8800683,404
4400022,404
4400020,404
2700031,404
1700040,404
0500025,404
2300082,404
5200046,404
1500115,404
8800455,404
1500118,404
1700043,404
1100070,404
6800004,404
4400024,404
2700034,404
2900013,404
0700215,404
0100145,404
0100148,404
0500026,404
1100073,404
1700048,404
1500121,404
0100150,404
0700217,404
1700060,404
2900016,404
2700037,404
2700040,404
0500027,404
1500124,404
2900019,404
4400040,404
4600001,404
2300088,404
0700220,404
1100076,404
6400018,404
0100151,404
2300085,404
2700043,404
1100079,404
1500127,404
4600040,404
2300091,404
2900022,404
1700082,404
0500028,404
8800275,404
8800685,404
0100154,404
1500128,404
1100082,404
0500031,404
2300094,404
0700223,404
2700045,404
1900001,404
0100157,404
2900025,404
4600120,404
0500037,404
0700226,404
4600320,404
2700046,404
1500130,404
2900028,404
1100085,404
5200047,404
0700232,404
0100160,404
6800010,404
8800460,404
1500132,404
0500040,404
1100086,404
1900007,404
2300095,404
1900004,404
2300096,404
2700049,404
0500041,404
0100163,404
1100087,404
2900031,404
0700235,404
4600480,404
1100091,404
6000017,404
1900010,404
8800688,404
1100088,404
0100166,404
1500133,404
2700052,404
4600540,404
0500044,404
2300097,404
0500043,404
4600520,404
2900037,404
2900034,404
2700055,404
1900013,404
0100168,404
1500136,404
2300098,404
0700237,404
8800285,404
0700238,404
2700058,404
1500139,404
2300100,404
1900016,404
0700241,404
4600560,404
0100169,404
0500059,404
1500142,404
1900019,404
8800465,404
2700061,404
0700247,404
1100097,404
2300101,404
2900043,404
4600640,404
5200048,404
0100170,404
1500145,404
1900022,404
6800013,404
2300103,404
2900046,404
0100172,404
2700064,404
4600680,404
0700248,404
0500063,404
0500050,404
2900040,404
1100094,404
6000019,404
1900025,404
1500148,404
2900049,404
2300106,404
0100175,404
0500065,404
0700249,404
4600700,404
4600760,404
8800690,404
1900028,404
1100098,404
1200001,404
1500151,404
1200075,404
2300109,404
0500070,404
2700070,404
8800290,404
0100178,404
1500154,404
2300112,404
1900031,404
0700250,404
2900052,404
2900055,404
2700067,404
0100181,404
0700251,404
1900034,404
0500072,404
1500157,404
1200150,404
2900058,404
2700073,404
4600815,404
2300115,404
5200049,404
6800017,404
8800470,404
0500076,404
2700074,404
2900061,404
5200042,404
1900037,404
1500160,404
4600830,404
1200170,404
0700253,404
2300118,404
0100184,404
0100187,404
0700256,404
1200180,404
0500073,404
4600800,404
1900040,404
1500163,404
2300120,404
8800700,404
2300121,404
1200225,404
2700075,404
0700262,404
0100191,404
2300123,404
0500079,404
0500078,404
0700259,404
8800305,404
1200200,404
2700071,404
1500169,404
2900064,404
2900067,404
1900044,404
0100190,404
1900043,404
1500166,404
4600840,404
6000021,404
2700079,404
2900070,404
2700076,404
4600850,404
1200300,404
1500172,404
2700080,404
1900046,404
5200050,404
4600865,404
0100192,404
0700265,404
0500082,404
6800022,404
2900073,404
0100196,404
2900076,404
1500175,404
0700271,404
0700268,404
1200410,404
0100193,404
4800001,404
0500084,404
1200375,404
0500091,404
2700082,404
4600880,404
8800490,404
1900049,404
2300124,404
2300125,404
1900047,404
1500178,404
2300127,404
2700085,404
6000022,404
0100199,404
2900079,404
0500094,404
1200415,404
0700274,404
1900050,404
2700088,404
2900080,404
4800002,404
2300130,404
1500181,404
0700277,404
4800004,404
1200450,404
0500095,404
8800745,404
1900051,404
1500184,404
2900082,404
0100205,404
1200525,404
4800005,404
0100202,404
0700280,404
2700091,404
8800315,404
0500097,404
2300133,404
1500193,404
2300136,404
8800495,404
5200055,404
1200600,404
2700097,404
2700094,404
7200001,404
0700281,404
2900085,404
4800006,404
1500190,404
1900055,404
1900052,404
2300139,404
0500106,404
0500110,404
4800007,404
0700282,404
2900087,404
1200608,404
0100208,404
1500196,404
1900056,404
2700100,404
2300142,404
0100206,404
4800008,404
6000030,404
2900088,404
0700283,404
1500198,404
1200625,404
0500113,404
2300145,404
2900089,404
0100211,404
1900058,404
0100214,404
8800755,404
2700103,404
8800325,404
4800009,404
1900061,404
1200650,404
1500199,404
0700286,404
2400001,404
0500118,404
2700106,404
8800560,404
0700289,404
4800010,404
0100217,404
2900091,404
0500121,404
1200700,404
1500202,404
2400008,404
1900064,404
2700109,404
8800500,404
4800011,404
5200058,404
7200002,404
2900094,404
