ubi,nom,mesas,piso,forzado,prov_sin_lista_dist,solo_dist
140118,PUCUSANA,38,0.153,0.037,,FUERZA POPUL
140109,LA VICTORIA,652,0.163,0.094,"AVANZA PAIS , JUNTOS POR E","PARTIDO MORA, FUERZA POPUL, PARTIDO PATR, ACCION POPUL"
140126,SAN MARTIN DE PORRES,1745,0.175,0.1,JUNTOS POR E,"ACCION POPUL, FUERZA POPUL, PARTIDO MORA"
140122,RIMAC,560,0.176,0.083,,"FUERZA POPUL, PARTIDO MORA"
140138,SAN LUIS,196,0.185,0.046,,"FUERZA POPUL, PARTIDO MORA"
140139,CIENEGUILLA,85,0.185,0.131,"AVANZA PAIS , JUNTOS POR E, PARTIDO FREN",
140129,SANTA ROSA,53,0.197,0.024,,FUERZA POPUL
140142,LOS OLIVOS,995,0.201,0.113,,"ACCION POPUL, FUERZA POPUL, PARTIDO PATR, PARTIDO MORA"
140102,ANCON,130,0.202,0.054,JUNTOS POR E,ACCION POPUL
140104,BREÑA,346,0.208,0.089,PARTIDO POLI,"PARTIDO MORA, FUERZA POPUL, ACCION POPUL"
140137,SAN JUAN DE LURIGANCHO,2631,0.209,0.073,,"PARTIDO MORA, FUERZA POPUL, PARTIDO PATR, ACCION POPUL"
140119,PUENTE PIEDRA,812,0.21,0.034,PARTIDO POLI,"PARTIDO PATR, PARTIDO MORA"
140112,LURIGANCHO,485,0.216,0.081,,"PARTIDO MORA, ACCION POPUL, FUERZA POPUL"
140105,CARABAYLLO,744,0.219,0.074,AVANZA PAIS ,"FUERZA POPUL, PARTIDO PATR, ACCION POPUL, PARTIDO MORA"
140106,COMAS,1453,0.232,0.077,,"ACCION POPUL, PARTIDO PATR, PARTIDO MORA"
140131,SURQUILLO,324,0.233,0.094,"AVANZA PAIS , JUNTOS POR E","PARTIDO MORA, ACCION POPUL, FUERZA POPUL"
140113,LURIN,218,0.236,0.069,"PARTIDO POLI, AVANZA PAIS , JUNTOS POR E","FUERZA POPUL, PARTIDO PATR"
140140,SAN BORJA,411,0.239,0.179,"PARTIDO POLI, AVANZA PAIS , JUNTOS POR E","FUERZA POPUL, PARTIDO PATR, ACCION POPUL, PARTIDO MORA"
140132,VILLA MARIA DEL TRIUNFO,1166,0.244,0.051,,"PARTIDO MORA, FUERZA POPUL"
140133,JESUS MARIA,386,0.25,0.038,"PARTIDO POLI, JUNTOS POR E",
140141,VILLA EL SALVADOR,1111,0.278,0.07,PARTIDO POLI,"PARTIDO MORA, FUERZA POPUL, PARTIDO PATR"
140125,BARRANCO,150,0.285,0.057,,"PARTIDO MORA, FUERZA POPUL, ACCION POPUL"
140136,SAN JUAN DE MIRAFLORES,1110,0.291,0.103,PARTIDO POLI,"ACCION POPUL, FUERZA POPUL, PARTIDO PATR, PARTIDO MORA"
140134,INDEPENDENCIA,591,0.294,0.158,"JUNTOS POR E, PARTIDO FREN","PARTIDO MORA, FUERZA POPUL, PARTIDO PATR"
140117,PUEBLO LIBRE,328,0.297,0.074,PARTIDO POLI,"ACCION POPUL, PARTIDO MORA"
140110,LA MOLINA,549,0.32,0.066,,"PARTIDO MORA, ACCION POPUL, PARTIDO PATR"
140135,EL AGUSTINO,556,0.325,0.222,"RENOVACION P, JUNTOS POR E","PARTIDO MORA, ACCION POPUL, FUERZA POPUL"
140111,LINCE,279,0.326,0.271,"AVANZA PAIS , PARTIDO FREN","FUERZA POPUL, PARTIDO MORA"
140143,SANTA ANITA,627,0.327,0.071,JUNTOS POR E,"FUERZA POPUL, PARTIDO PATR, PARTIDO MORA"
140108,CHORRILLOS,861,0.331,0.097,,"ACCION POPUL, FUERZA POPUL, PARTIDO PATR, PARTIDO MORA"
140127,SAN MIGUEL,478,0.337,0.045,"PARTIDO POLI, JUNTOS POR E","PARTIDO PATR, PARTIDO MORA"
140103,ATE,1563,0.339,0.138,PARTIDO FREN,"ACCION POPUL, FUERZA POPUL"
140115,MIRAFLORES,443,0.341,0.239,"PARTIDO POLI, JUNTOS POR E","PARTIDO MORA, ACCION POPUL, FUERZA POPUL"
140116,PACHACAMAC,268,0.342,0.167,"PARTIDO POLI, AVANZA PAIS , JUNTOS POR E, PARTIDO FREN","FUERZA POPUL, PARTIDO PATR, PARTIDO MORA"
140120,PUNTA HERMOSA,23,0.351,0.092,"PARTIDO POLI, JUNTOS POR E, PARTIDO FREN",FUERZA POPUL
140107,CHACLACAYO,136,0.358,0.259,"PODEMOS PERU, JUNTOS POR E","PARTIDO MORA, FUERZA POPUL, PARTIDO PATR"
140124,SAN ISIDRO,258,0.359,0.198,"PARTIDO POLI, JUNTOS POR E","ACCION POPUL, FUERZA POPUL, PARTIDO MORA"
140123,SAN BARTOLO,22,0.371,0.273,"RENOVACION P, PARTIDO POLI, JUNTOS POR E, PARTIDO FREN",
140121,PUNTA NEGRA,21,0.388,0.197,"PARTIDO POLI, JUNTOS POR E","ACCION POPUL, FUERZA POPUL, PARTIDO PATR"
140130,SANTIAGO DE SURCO,1100,0.42,0.034,JUNTOS POR E,PARTIDO MORA
140114,MAGDALENA DEL MAR,239,0.434,0.104,"PARTIDO POLI, AVANZA PAIS , JUNTOS POR E","PARTIDO MORA, FUERZA POPUL, ACCION POPUL"
140128,SANTA MARIA DEL MAR,5,0.67,0.662,"PARTIDO POLI, AVANZA PAIS , JUNTOS POR E, PARTIDO FREN, ALIANZA PARA, RENOVACION P, PODEMOS PERU",ACCION POPUL
