ubi,nom,mesas,piso,techo
140118,PUCUSANA,38,15.1,100.0
140109,LA VICTORIA,652,16.0,100.0
140122,RIMAC,560,17.2,100.0
140126,SAN MARTIN DE PORRES,1745,17.2,100.0
140139,CIENEGUILLA,85,17.6,99.9
140138,SAN LUIS,196,18.2,100.0
140129,SANTA ROSA,53,19.2,100.0
140142,LOS OLIVOS,995,19.6,99.7
140102,ANCON,130,19.8,100.0
140137,SAN JUAN DE LURIGANCHO,2631,20.3,100.0
140104,BREÑA,346,20.5,100.0
140119,PUENTE PIEDRA,812,20.5,100.0
140112,LURIGANCHO,485,21.1,100.0
140105,CARABAYLLO,744,21.4,100.0
140106,COMAS,1453,22.8,100.0
140131,SURQUILLO,324,23.0,100.0
140113,LURIN,218,23.2,100.0
140140,SAN BORJA,411,23.7,97.0
140132,VILLA MARIA DEL TRIUNFO,1166,23.9,100.0
140133,JESUS MARIA,386,24.7,100.0
140141,VILLA EL SALVADOR,1111,27.4,100.0
140125,BARRANCO,150,28.2,100.0
140136,SAN JUAN DE MIRAFLORES,1110,28.6,100.0
140134,INDEPENDENCIA,591,29.0,100.0
140117,PUEBLO LIBRE,328,29.4,100.0
140110,LA MOLINA,549,31.7,99.7
140135,EL AGUSTINO,556,32.1,100.0
140143,SANTA ANITA,627,32.3,100.0
140111,LINCE,279,32.3,100.0
140108,CHORRILLOS,861,32.6,100.0
140127,SAN MIGUEL,478,33.3,100.0
140103,ATE,1563,33.4,100.0
140116,PACHACAMAC,268,33.7,100.0
140115,MIRAFLORES,443,33.8,99.7
140120,PUNTA HERMOSA,23,34.7,100.0
140107,CHACLACAYO,136,35.4,99.9
140124,SAN ISIDRO,258,35.6,99.6
140123,SAN BARTOLO,22,36.6,100.0
140121,PUNTA NEGRA,21,38.1,100.0
140130,SANTIAGO DE SURCO,1100,41.7,100.0
140114,MAGDALENA DEL MAR,239,43.1,100.0
140128,SANTA MARIA DEL MAR,5,66.7,100.0
