organizacion_id,organizacion,tipo_organizacion,grupo_id,grupo,grupo_n_orgs,es_ancla,listas,candidatos,reg,prov,dist,n_departamentos,departamentos,integrantes
4,ACCION POPULAR,PARTIDOS POLITICOS,4,ACCION POPULAR,1,True,709,6319,19,87,603,23,AMAZONAS | ANCASH | APURIMAC | AREQUIPA | AYACUCHO | CAJAMARCA | CALLAO | CUSCO | HUANCAVELICA | HUANUCO | ICA | JUNIN | LA LIBERTAD | LAMBAYEQUE | LIMA | LORETO | MOQUEGUA | PASCO | PIURA | SAN MARTIN | TACNA | TUMBES | UCAYALI,
2980,AHORA NACION - AN,PARTIDOS POLITICOS,2980,AHORA NACION - AN,1,True,730,6178,12,99,619,23,ANCASH | APURIMAC | AREQUIPA | AYACUCHO | CAJAMARCA | CALLAO | CUSCO | HUANCAVELICA | HUANUCO | ICA | JUNIN | LA LIBERTAD | LAMBAYEQUE | LIMA | LORETO | MADRE DE DIOS | MOQUEGUA | PASCO | PIURA | PUNO | SAN MARTIN | TACNA | UCAYALI,
3028,ALIANZA ELECTORAL VENCEREMOS,ALIANZAS ELECTORALES,3028,ALIANZA ELECTORAL VENCEREMOS,1,True,222,2138,12,42,168,22,AMAZONAS | ANCASH | APURIMAC | AREQUIPA | AYACUCHO | CAJAMARCA | CUSCO | HUANCAVELICA | HUANUCO | ICA | JUNIN | LA LIBERTAD | LAMBAYEQUE | LIMA | MADRE DE DIOS | MOQUEGUA | PIURA | PUNO | SAN MARTIN | TACNA | TUMBES | UCAYALI,NUEVO PERU POR EL BUEN VIVIR | UP - UNIDAD POPULAR | POPULAR VOCES DEL PUEBLO | ADELANTE PUEBLO UNIDO | RESURGIMIENTO UNIDO NACIONAL - RUNA
2809,ALIANZA LIBERTAD MADREDIOSENSE,MOVIMIENTOS REGIONALES O DEPARTAMENTALES,2809,ALIANZA LIBERTAD MADREDIOSENSE,1,True,12,107,1,3,8,1,MADRE DE DIOS,
1257,ALIANZA PARA EL PROGRESO,PARTIDOS POLITICOS,1257,ALIANZA PARA EL PROGRESO + ALIADOS,3,True,1189,9705,15,140,1034,24,AMAZONAS | ANCASH | APURIMAC | AREQUIPA | CAJAMARCA | CALLAO | CUSCO | HUANCAVELICA | HUANUCO | ICA | JUNIN | LA LIBERTAD | LAMBAYEQUE | LIMA | LORETO | MADRE DE DIOS | MOQUEGUA | PASCO | PIURA | PUNO | SAN MARTIN | TACNA | TUMBES | UCAYALI,
3032,APP - LA CHOLITA,ALIANZAS ELECTORALES,1257,ALIANZA PARA EL PROGRESO + ALIADOS,3,False,119,908,1,9,109,1,LIMA,ALIANZA PARA EL PROGRESO | MOVIMIENTO REGIONAL UNIDAD CIVICA LIMA
3031,APP - TRABAJA AYACUCHO,ALIANZAS ELECTORALES,1257,ALIANZA PARA EL PROGRESO + ALIADOS,3,False,107,810,1,11,95,1,AYACUCHO,ALIANZA PARA EL PROGRESO | MOVIMIENTO REGIONAL TRABAJA AYACUCHO
3036,ALIANZA REGIONAL POR EL PERU,ALIANZAS ELECTORALES,3036,ALIANZA REGIONAL POR EL PERU + ALIADOS,2,True,40,398,2,6,32,9,AMAZONAS | ANCASH | AREQUIPA | CALLAO | LA LIBERTAD | LIMA | PASCO | TUMBES | UCAYALI,FUERZA MODERNA | PERUANOS UNIDOS: ¡SOMOS LIBRES! | PARTIDO UNIDAD Y PAZ
2944,PARTIDO UNIDAD Y PAZ,PARTIDOS POLITICOS,3036,ALIANZA REGIONAL POR EL PERU + ALIADOS,2,False,11,121,0,0,11,5,AMAZONAS | AREQUIPA | CALLAO | LIMA | SAN MARTIN,
142,"AREQUIPA, TRADICION Y FUTURO",MOVIMIENTOS REGIONALES O DEPARTAMENTALES,142,"AREQUIPA, TRADICION Y FUTURO",1,True,45,392,1,5,39,1,AREQUIPA,
2173,AVANZA PAIS - PARTIDO DE INTEGRACION SOCIAL,PARTIDOS POLITICOS,2173,AVANZA PAIS - PARTIDO DE INTEGRACION SOCIAL,1,True,232,2354,8,28,196,15,AMAZONAS | APURIMAC | AREQUIPA | CAJAMARCA | CALLAO | CUSCO | ICA | LA LIBERTAD | LAMBAYEQUE | LIMA | MADRE DE DIOS | MOQUEGUA | SAN MARTIN | TACNA | UCAYALI,
2984,BATALLA PERU,PARTIDOS POLITICOS,2984,BATALLA PERU,1,True,157,1371,4,20,133,9,AMAZONAS | AREQUIPA | AYACUCHO | HUANCAVELICA | JUNIN | LA LIBERTAD | LIMA | PIURA | TUMBES,
1464,CAJAMARCA SIEMPRE VERDE,MOVIMIENTOS REGIONALES O DEPARTAMENTALES,1464,CAJAMARCA SIEMPRE VERDE,1,True,2,26,0,1,1,1,CAJAMARCA,
2982,COALICION TRANSFORMADORA TIERRA VERDE,PARTIDOS POLITICOS,2982,COALICION TRANSFORMADORA TIERRA VERDE,1,True,19,250,7,4,8,8,ANCASH | AREQUIPA | CALLAO | CUSCO | HUANUCO | LA LIBERTAD | LIMA | LORETO,
332,CONCERTACION PARA EL DESARROLLO REGIONAL - LIMA,MOVIMIENTOS REGIONALES O DEPARTAMENTALES,332,CONCERTACION PARA EL DESARROLLO REGIONAL - LIMA,1,True,49,402,1,8,40,1,LIMA,
3046,"COOPERACION, VERDAD Y HONRADEZ",ALIANZAS ELECTORALES,3046,"COOPERACION, VERDAD Y HONRADEZ",1,True,17,213,0,6,11,7,AREQUIPA | CUSCO | JUNIN | LA LIBERTAD | LIMA | LORETO | MOQUEGUA,COOPERACION POPULAR | VERDAD Y HONRADEZ
2898,FE EN EL PERU,PARTIDOS POLITICOS,2898,FE EN EL PERU,1,True,63,602,1,8,54,9,AMAZONAS | AREQUIPA | CALLAO | JUNIN | LA LIBERTAD | LAMBAYEQUE | LIMA | PIURA | TUMBES,
2901,FRENTE POPULAR AGRICOLA FIA DEL PERU,PARTIDOS POLITICOS,2901,FRENTE POPULAR AGRICOLA FIA DEL PERU,1,True,103,1466,15,46,42,23,AMAZONAS | ANCASH | APURIMAC | AREQUIPA | AYACUCHO | CAJAMARCA | CALLAO | CUSCO | HUANUCO | ICA | JUNIN | LA LIBERTAD | LAMBAYEQUE | LIMA | LORETO | MADRE DE DIOS | MOQUEGUA | PASCO | PIURA | PUNO | SAN MARTIN | TUMBES | UCAYALI,
2911,FRENTE REGIONAL TUPAC,MOVIMIENTOS REGIONALES O DEPARTAMENTALES,2911,FRENTE REGIONAL TUPAC,1,True,32,289,1,6,25,1,CUSCO,
1393,FUERZA AREQUIPEÑA,MOVIMIENTOS REGIONALES O DEPARTAMENTALES,1393,FUERZA AREQUIPEÑA,1,True,61,536,1,8,52,1,AREQUIPA,
3009,FUERZA CIUDADANA,PARTIDOS POLITICOS,3009,FUERZA CIUDADANA,1,True,54,846,10,43,1,15,AMAZONAS | ANCASH | APURIMAC | AREQUIPA | AYACUCHO | CAJAMARCA | HUANCAVELICA | HUANUCO | ICA | JUNIN | LAMBAYEQUE | LIMA | PIURA | TACNA | UCAYALI,
1366,FUERZA POPULAR,PARTIDOS POLITICOS,1366,FUERZA POPULAR,1,True,305,2885,9,45,251,15,ANCASH | AYACUCHO | CALLAO | HUANUCO | ICA | JUNIN | LA LIBERTAD | LAMBAYEQUE | LIMA | LORETO | PASCO | PIURA | SAN MARTIN | TUMBES | UCAYALI,
1264,JUNTOS POR EL PERU,PARTIDOS POLITICOS,1264,JUNTOS POR EL PERU + ALIADOS,2,True,204,2090,9,38,157,16,AMAZONAS | ANCASH | APURIMAC | AREQUIPA | CAJAMARCA | CUSCO | HUANCAVELICA | ICA | JUNIN | LA LIBERTAD | LAMBAYEQUE | LIMA | LORETO | MADRE DE DIOS | MOQUEGUA | UCAYALI,
3038,ASI - JUNTOS POR EL PERU,ALIANZAS ELECTORALES,1264,JUNTOS POR EL PERU + ALIADOS,2,False,110,859,1,13,96,1,PUNO,JUNTOS POR EL PERU | MOVIMIENTO REGIONAL ACCION SOCIAL POR LA INTEGRACION - ASI
2381,KAUSACHUN,MOVIMIENTOS REGIONALES O DEPARTAMENTALES,2381,KAUSACHUN,1,True,5,50,1,1,3,1,MOQUEGUA,
2933,LIBERTAD POPULAR,PARTIDOS POLITICOS,2933,LIBERTAD POPULAR,1,True,212,1720,2,30,180,12,AMAZONAS | ANCASH | APURIMAC | AREQUIPA | AYACUCHO | CAJAMARCA | CUSCO | HUANUCO | ICA | JUNIN | LIMA | TUMBES,
1388,MOVIMIENTO INDEPENDIENTE FUERZA REGIONAL,MOVIMIENTOS REGIONALES O DEPARTAMENTALES,1388,MOVIMIENTO INDEPENDIENTE FUERZA REGIONAL,1,True,48,449,1,8,39,1,PIURA,
2432,MOVIMIENTO INDEPENDIENTE REGIONAL FUERZA TACNA,MOVIMIENTOS REGIONALES O DEPARTAMENTALES,2432,MOVIMIENTO INDEPENDIENTE REGIONAL FUERZA TACNA,1,True,5,68,1,1,3,1,TACNA,
2162,MOVIMIENTO INDEPENDIENTE REGIONAL HUANUCO PRIMERO,MOVIMIENTOS REGIONALES O DEPARTAMENTALES,2162,MOVIMIENTO INDEPENDIENTE REGIONAL HUANUCO PRIMERO,1,True,33,288,1,6,26,1,HUANUCO,
2951,MOVIMIENTO POLITICO REGIONAL CAJAMARCA RENACE,MOVIMIENTOS REGIONALES O DEPARTAMENTALES,2951,MOVIMIENTO POLITICO REGIONAL CAJAMARCA RENACE,1,True,109,862,1,13,95,1,CAJAMARCA,
2938,MOVIMIENTO POLITICO UNIDOS POR EL DESARROLLO DE HUANUCO - UDH,MOVIMIENTOS REGIONALES O DEPARTAMENTALES,2938,MOVIMIENTO POLITICO UNIDOS POR EL DESARROLLO DE HUANUCO - UDH,1,True,19,194,1,5,13,1,HUANUCO,
40,MOVIMIENTO REGIONAL AMAZONENSE UNIDOS AL CAMPO,MOVIMIENTOS REGIONALES O DEPARTAMENTALES,40,MOVIMIENTO REGIONAL AMAZONENSE UNIDOS AL CAMPO,1,True,70,531,1,7,62,1,AMAZONAS,
2307,MOVIMIENTO REGIONAL AREQUIPA AVANCEMOS,MOVIMIENTOS REGIONALES O DEPARTAMENTALES,2307,MOVIMIENTO REGIONAL AREQUIPA AVANCEMOS,1,True,38,373,1,5,32,1,AREQUIPA,
2878,MOVIMIENTO REGIONAL VICTORIA AMAZONENSE,MOVIMIENTOS REGIONALES O DEPARTAMENTALES,2878,MOVIMIENTO REGIONAL VICTORIA AMAZONENSE,1,True,85,636,1,7,77,1,AMAZONAS,
2351,NUEVA ESPERANZA,MOVIMIENTOS REGIONALES O DEPARTAMENTALES,2351,NUEVA ESPERANZA,1,True,3,37,0,1,2,1,TACNA,
2930,PARTIDO APRISTA PERUANO,PARTIDOS POLITICOS,2930,PARTIDO APRISTA PERUANO,1,True,148,1582,5,29,114,14,ANCASH | AREQUIPA | AYACUCHO | CAJAMARCA | CUSCO | JUNIN | LA LIBERTAD | LAMBAYEQUE | LIMA | LORETO | MADRE DE DIOS | PIURA | TUMBES | UCAYALI,
2941,PARTIDO CIVICO OBRAS,PARTIDOS POLITICOS,2941,PARTIDO CIVICO OBRAS,1,True,61,765,4,13,44,7,AYACUCHO | CUSCO | LIMA | PIURA | PUNO | TACNA | UCAYALI,
3033,PARTIDO DE LOS TRABAJADORES Y EMPRENDEDORES PTE PERU - COMUNIDAD POLITICA INKA PERU,ALIANZAS ELECTORALES,3033,PARTIDO DE LOS TRABAJADORES Y EMPRENDEDORES PTE PERU - COMUNIDAD POLITICA INKA PERU,1,True,7,110,1,2,4,3,CAJAMARCA | LIMA | PIURA,PARTIDO DE LOS TRABAJADORES Y EMPRENDEDORES PTE PERU | COMUNIDAD POLITICA INKA PERU
2961,PARTIDO DEL BUEN GOBIERNO,PARTIDOS POLITICOS,2961,PARTIDO DEL BUEN GOBIERNO,1,True,88,1162,10,38,40,17,ANCASH | AREQUIPA | AYACUCHO | CAJAMARCA | CALLAO | CUSCO | HUANCAVELICA | ICA | JUNIN | LAMBAYEQUE | LIMA | MADRE DE DIOS | MOQUEGUA | SAN MARTIN | TACNA | TUMBES | UCAYALI,
2867,PARTIDO DEMOCRATA UNIDO PERU,PARTIDOS POLITICOS,2867,PARTIDO DEMOCRATA UNIDO PERU,1,True,30,338,2,8,20,11,ANCASH | APURIMAC | AREQUIPA | CUSCO | HUANCAVELICA | ICA | LIMA | LORETO | PIURA | TACNA | UCAYALI,
2895,PARTIDO DEMOCRATA VERDE,PARTIDOS POLITICOS,2895,PARTIDO DEMOCRATA VERDE,1,True,190,1662,3,31,156,16,AMAZONAS | ANCASH | APURIMAC | AREQUIPA | AYACUCHO | CAJAMARCA | CALLAO | CUSCO | HUANUCO | JUNIN | LA LIBERTAD | LIMA | LORETO | PASCO | PUNO | SAN MARTIN,
14,PARTIDO DEMOCRATICO SOMOS PERU,PARTIDOS POLITICOS,14,PARTIDO DEMOCRATICO SOMOS PERU + ALIADOS,2,True,1092,9174,19,131,942,24,AMAZONAS | ANCASH | APURIMAC | AREQUIPA | AYACUCHO | CAJAMARCA | CALLAO | CUSCO | HUANCAVELICA | HUANUCO | ICA | JUNIN | LA LIBERTAD | LAMBAYEQUE | LIMA | LORETO | MADRE DE DIOS | MOQUEGUA | PASCO | PIURA | SAN MARTIN | TACNA | TUMBES | UCAYALI,
3045,PARTIDO DEMOCRATICO SOMOS PERU,ALIANZAS ELECTORALES,14,PARTIDO DEMOCRATICO SOMOS PERU + ALIADOS,2,False,37,310,1,5,31,1,PUNO,PARTIDO DEMOCRATICO SOMOS PERU | MOVIMIENTO REGIONAL SENTIMIENTO AMAZONENSE REGIONAL
2857,PARTIDO FRENTE DE LA ESPERANZA 2021,PARTIDOS POLITICOS,2857,PARTIDO FRENTE DE LA ESPERANZA 2021,1,True,157,1415,4,23,130,13,AMAZONAS | ANCASH | APURIMAC | AREQUIPA | AYACUCHO | CAJAMARCA | CUSCO | LA LIBERTAD | LIMA | MOQUEGUA | PASCO | PUNO | TACNA,
2840,PARTIDO MORADO,PARTIDOS POLITICOS,2840,PARTIDO MORADO,1,True,52,572,2,5,45,14,AMAZONAS | ANCASH | AREQUIPA | CAJAMARCA | HUANUCO | ICA | JUNIN | LAMBAYEQUE | LIMA | LORETO | PIURA | SAN MARTIN | TACNA | TUMBES,
2956,PARTIDO PAIS PARA TODOS,PARTIDOS POLITICOS,2956,PARTIDO PAIS PARA TODOS,1,True,350,3057,9,52,289,16,ANCASH | AREQUIPA | CAJAMARCA | CUSCO | HUANUCO | JUNIN | LA LIBERTAD | LAMBAYEQUE | LIMA | LORETO | MADRE DE DIOS | MOQUEGUA | PIURA | PUNO | TACNA | UCAYALI,
2869,PARTIDO PATRIOTICO DEL PERU,PARTIDOS POLITICOS,2869,PARTIDO PATRIOTICO DEL PERU,1,True,31,439,2,9,20,11,AMAZONAS | ANCASH | AREQUIPA | AYACUCHO | CAJAMARCA | CUSCO | LA LIBERTAD | LIMA | LORETO | MOQUEGUA | PIURA,
2979,PARTIDO POLITICO ADP,PARTIDOS POLITICOS,2979,PARTIDO POLITICO ADP,1,True,5,63,0,1,4,2,LA LIBERTAD | LIMA,
2985,PARTIDO POLITICO INTEGRIDAD DEMOCRATICA,PARTIDOS POLITICOS,2985,PARTIDO POLITICO INTEGRIDAD DEMOCRATICA,1,True,6,88,0,2,4,5,AMAZONAS | AREQUIPA | LIMA | PIURA | TUMBES,
2218,PARTIDO POLITICO NACIONAL PERU LIBRE,PARTIDOS POLITICOS,2218,PARTIDO POLITICO NACIONAL PERU LIBRE,1,True,73,695,2,10,61,15,AMAZONAS | ANCASH | AREQUIPA | CAJAMARCA | CUSCO | HUANCAVELICA | ICA | LA LIBERTAD | LIMA | LORETO | PUNO | SAN MARTIN | TACNA | TUMBES | UCAYALI,
2932,PARTIDO POLITICO PERU ACCION,PARTIDOS POLITICOS,2932,PARTIDO POLITICO PERU ACCION,1,True,11,113,0,2,9,8,AMAZONAS | ANCASH | CALLAO | CUSCO | LA LIBERTAD | LIMA | LORETO | UCAYALI,
2925,PARTIDO POLITICO PERU PRIMERO,PARTIDOS POLITICOS,2925,PARTIDO POLITICO PERU PRIMERO,1,True,930,7753,17,116,797,24,AMAZONAS | ANCASH | APURIMAC | AREQUIPA | AYACUCHO | CAJAMARCA | CUSCO | HUANCAVELICA | HUANUCO | ICA | JUNIN | LA LIBERTAD | LAMBAYEQUE | LIMA | LORETO | MADRE DE DIOS | MOQUEGUA | PASCO | PIURA | PUNO | SAN MARTIN | TACNA | TUMBES | UCAYALI,
2921,PARTIDO POLITICO PRIN,PARTIDOS POLITICOS,2921,PARTIDO POLITICO PRIN,1,True,135,1219,2,20,113,10,ANCASH | CALLAO | CUSCO | HUANCAVELICA | LA LIBERTAD | LAMBAYEQUE | LIMA | LORETO | PASCO | PIURA,
3001,PARTIDO POLITICO PUEBLO CONSCIENTE,PARTIDOS POLITICOS,3001,PARTIDO POLITICO PUEBLO CONSCIENTE,1,True,67,945,12,43,12,21,AMAZONAS | ANCASH | APURIMAC | AREQUIPA | AYACUCHO | CAJAMARCA | CALLAO | CUSCO | HUANCAVELICA | HUANUCO | JUNIN | LAMBAYEQUE | LIMA | LORETO | MADRE DE DIOS | PASCO | PIURA | PUNO | SAN MARTIN | TACNA | UCAYALI,
3005,PARTIDO POLITICO TODO CON EL PUEBLO,PARTIDOS POLITICOS,3005,PARTIDO POLITICO TODO CON EL PUEBLO,1,True,33,477,9,12,12,13,AMAZONAS | APURIMAC | AREQUIPA | AYACUCHO | CAJAMARCA | CUSCO | HUANCAVELICA | LAMBAYEQUE | PASCO | PUNO | SAN MARTIN | TACNA | TUMBES,
2943,PARTIDO POPULAR CRISTIANO - PPC,PARTIDOS POLITICOS,2943,PARTIDO POPULAR CRISTIANO - PPC,1,True,129,1478,7,20,102,16,AMAZONAS | ANCASH | AREQUIPA | CALLAO | HUANCAVELICA | HUANUCO | ICA | JUNIN | LA LIBERTAD | LAMBAYEQUE | LIMA | LORETO | MADRE DE DIOS | MOQUEGUA | PIURA | UCAYALI,
2935,PARTIDO SICREO,PARTIDOS POLITICOS,2935,PARTIDO SICREO,1,True,15,171,0,3,12,4,LA LIBERTAD | LIMA | MOQUEGUA | TACNA,
2924,PERU MODERNO,PARTIDOS POLITICOS,2924,PERU MODERNO,1,True,89,850,3,16,70,14,AMAZONAS | ANCASH | AREQUIPA | CUSCO | HUANUCO | ICA | JUNIN | LAMBAYEQUE | LIMA | LORETO | MADRE DE DIOS | MOQUEGUA | TACNA | UCAYALI,
2731,PODEMOS PERU,PARTIDOS POLITICOS,2731,PODEMOS PERU,1,True,894,7492,14,109,771,23,AMAZONAS | ANCASH | APURIMAC | AREQUIPA | AYACUCHO | CAJAMARCA | CUSCO | HUANCAVELICA | HUANUCO | ICA | JUNIN | LA LIBERTAD | LAMBAYEQUE | LIMA | LORETO | MOQUEGUA | PASCO | PIURA | PUNO | SAN MARTIN | TACNA | TUMBES | UCAYALI,
2931,"PRIMERO LA GENTE - COMUNIDAD, ECOLOGIA, LIBERTAD Y PROGRESO",PARTIDOS POLITICOS,2931,"PRIMERO LA GENTE - COMUNIDAD, ECOLOGIA, LIBERTAD Y PROGRESO",1,True,44,294,10,24,10,21,AMAZONAS | ANCASH | AREQUIPA | CAJAMARCA | CALLAO | CUSCO | HUANUCO | ICA | JUNIN | LA LIBERTAD | LAMBAYEQUE | LIMA | LORETO | MADRE DE DIOS | MOQUEGUA | PASCO | PIURA | PUNO | TACNA | TUMBES | UCAYALI,
2967,PROGRESEMOS,PARTIDOS POLITICOS,2967,PROGRESEMOS,1,True,423,3682,9,58,356,18,ANCASH | APURIMAC | AREQUIPA | CALLAO | CUSCO | HUANUCO | ICA | JUNIN | LA LIBERTAD | LAMBAYEQUE | LIMA | LORETO | MADRE DE DIOS | MOQUEGUA | PIURA | PUNO | TACNA | UCAYALI,
3040,RENOVACION POPULAR PERU,ALIANZAS ELECTORALES,3040,RENOVACION POPULAR + ALIADOS,3,True,611,5550,16,80,515,24,AMAZONAS | ANCASH | APURIMAC | AREQUIPA | AYACUCHO | CAJAMARCA | CALLAO | CUSCO | HUANUCO | ICA | JUNIN | LA LIBERTAD | LAMBAYEQUE | LIMA | LORETO | MADRE DE DIOS | MOQUEGUA | PASCO | PIURA | PUNO | SAN MARTIN | TACNA | TUMBES | UCAYALI,"RENOVACION POPULAR | PARTIDO POR EL ENTENDIMIENTO, RECUPERACION Y LA UNIFICACION DEL PERU"
3034,ALIANZA RENOVACION POPULAR Y TORO,ALIANZAS ELECTORALES,3040,RENOVACION POPULAR + ALIADOS,3,False,60,485,1,8,51,1,LIMA,RENOVACION POPULAR | MOVIMIENTO REGIONAL PATRIA JOVEN
3007,"PARTIDO POR EL ENTENDIMIENTO, RECUPERACION Y LA UNIFICACION DEL PERU",PARTIDOS POLITICOS,3040,RENOVACION POPULAR + ALIADOS,3,False,1,9,0,0,1,1,LIMA,
2171,RENOVACION TUMBESINA,MOVIMIENTOS REGIONALES O DEPARTAMENTALES,2171,RENOVACION TUMBESINA,1,True,12,109,1,3,8,1,TUMBES,
2927,SALVEMOS AL PERU,PARTIDOS POLITICOS,2927,SALVEMOS AL PERU,1,True,51,501,2,8,41,10,AREQUIPA | CAJAMARCA | CALLAO | CUSCO | LA LIBERTAD | LIMA | PIURA | PUNO | TACNA | UCAYALI,
2881,SOCIOS POR ANCASH,MOVIMIENTOS REGIONALES O DEPARTAMENTALES,2881,SOCIOS POR ANCASH,1,True,9,128,1,2,6,1,ANCASH,
2998,UN CAMINO DIFERENTE,PARTIDOS POLITICOS,2998,UN CAMINO DIFERENTE,1,True,19,181,0,3,16,4,AMAZONAS | CAJAMARCA | LA LIBERTAD | LIMA,
2958,UNIDOS POR TACNA,MOVIMIENTOS REGIONALES O DEPARTAMENTALES,2958,UNIDOS POR TACNA,1,True,10,103,1,3,6,1,TACNA,
2722,UNION REGIONAL,MOVIMIENTOS REGIONALES O DEPARTAMENTALES,2722,UNION REGIONAL,1,True,30,271,1,6,23,1,SAN MARTIN,
2917,VAMOS MOQUEGUA,MOVIMIENTOS REGIONALES O DEPARTAMENTALES,2917,VAMOS MOQUEGUA,1,True,1,22,1,0,0,1,MOQUEGUA,
2988,VISION PERU,PARTIDOS POLITICOS,2988,VISION PERU,1,True,72,1199,15,45,12,17,AMAZONAS | AREQUIPA | AYACUCHO | CAJAMARCA | CUSCO | HUANUCO | JUNIN | LA LIBERTAD | LAMBAYEQUE | LIMA | MOQUEGUA | PASCO | PIURA | SAN MARTIN | TACNA | TUMBES | UCAYALI,
2970,VIVA PUNO,MOVIMIENTOS REGIONALES O DEPARTAMENTALES,2970,VIVA PUNO,1,True,8,72,0,2,6,1,PUNO,
2744,YO AREQUIPA,MOVIMIENTOS REGIONALES O DEPARTAMENTALES,2744,YO AREQUIPA,1,True,21,226,1,4,16,1,AREQUIPA,
