party_code,candidate_code,candidate_name,votes
0002,000000,SOLO POR LA LISTA,216376
0002,000001,LIDIO ARTURO GARCIA TURBAY,175388
0002,000005,YESSID ENRIQUE PULGAR DAZA,146507
0002,000017,MARIA EUGENIA LOPERA MONSALVE,126934
0002,000004,ALIX YIRLEY VARGAS TORRADO,123731
0002,000006,GERSSON VARGAS VALDELEON,122361
0002,000012,CAMILO ANDRES TORRES VILLALBA,122025
0002,000099,LEONARDO DE JESUS GALLEGO ARROYAVE,115073
0002,000010,OSCAR HERNAN SANCHEZ LEON,105089
0002,000008,HECTOR OLIMPO ESPINOSA OLIVER,96310
0002,000002,FABIO RAUL AMIN SALEME,95082
0002,000011,SANTIAGO MONTOYA MONTOYA,88962
0002,000015,ALVARO HENRY MONEDERO RIVERA,88319
0002,000007,LAURA ESTER FORTICH SANCHEZ,84607
0002,000003,RICHARD ALFONSO AGUILAR VILLA,73867
0002,000020,ALEJANDRO CARLOS CHACON CAMARGO,72345
0002,000013,JAIME ENRIQUE DURAN BARRERA,69852
0002,000009,HORACIO JOSE SERPA MONCADA,65469
0002,000050,DIEGO PATIÑO AMARILES,63693
0002,000100,MARIA PAZ GAVIRIA MUÑOZ,56943
0002,000014,ALEJANDRO ALBERTO VEGA PEREZ,36555
0002,000022,JUAN CARLOS LOZADA VARGAS,34465
0002,000033,JELITZA FERNANDA RESTREPO AVILA,7761
0002,000055,CESAR AUGUSTO LOPEZ MORALES,4682
0002,000016,JUANITA DE LOS ANGELES ARIZA GUZMAN,4444
0002,000025,DANIEL GEOVANY NEIRA RIOS,3129
0002,000040,AURA VANESSA AGUILAR MORENO,2413
0002,000019,EUGENIA SERRANO PRADA,2335
0002,000027,EDUARDO JESUS SANCHEZ GIRALDO,2321
0002,000051,GLORIA ELENA MESA CEBALLOS,2290
0002,000024,CAMILO BORRERO MARTINEZ,2215
0002,000077,MARYOLISABIN ZAMBRANO CAMACHO,2120
0002,000090,ANA MARCELA LUCERO MOLINA,2118
0002,000018,ANA ISABEL URANGO SOTELO,2046
0002,000098,SEBASTIAN TRUJILLO OSORIO,1885
0002,000021,SANDRA MARTINEZ LEGUIZAMON,1821
0002,000026,JESSICA DAYAN SUAREZ RUBIANO,1806
0002,000054,EDGAR JOSE RUIZ DORANTES,1700
0002,000028,LEYDI MILENA JIMENEZ CARRILLO,1684
0002,000037,CRISTINA DEL ROSARIO CABRERA MENDEZ,1653
0002,000052,JOSE DOMINGO CASTILLO TORRES,1646
0002,000029,ERWIN JESUS LECHUGA HEREDIA,1644
0002,000097,JAMES STEVE CANIZALES SERRANO,1622
0002,000049,SANDRA MILENA GUTIERREZ PRADA,1504
0002,000041,LUZ ALBA DIOSA SILVA,1488
0002,000042,RODRIGO VARGAS VIVAS,1463
0002,000039,ANGIE MALLERLINE MEDINA ROJAS,1361
0002,000088,CARLOS ALBERTO CORREDOR ANGULO,1297
0002,000030,KELY JOHANA SERRANO DUARTE,1279
0002,000053,EDILMA CASTAÑEDA PINEDA,1278
0002,000072,EDITH ANDREA MARTINEZ TOVAR,1249
0002,000023,JOSE JAMES OSPINA MURILLO,1225
0002,000038,JENNY PAOLA GARCIA MACIAS,1165
0002,000044,DIANA VANESSA RINCON VERGEL,1155
0002,000068,DAYANA MARISTEL SERRANO TORRES,1130
0002,000061,JACQUELIN QUESADA MONTIEL,1019
0002,000066,BEATRIZ ELENA YEPES GOMEZ,961
0002,000057,RAMON RICARDO MARTINEZ MARTINEZ,952
0002,000069,EDILSA DEL SOCORRO TORRES OSORIO,911
0002,000096,VALENTINA CORREA RESTREPO,910
0002,000070,LUZ MARINA ROMERO MOTTA,907
0002,000062,ANA CECILIA VARGAS FORERO,886
0002,000091,ROSALBINA VALENCIA GRACIANO,848
0002,000043,GERMAN CASTRO VEGA,835
0002,000064,PLUBIO GUDBERTO NIÑO NIÑO,829
0002,000031,ANDRES CAMILO CASTRO MURCIA,785
0002,000089,BLANCA LUZ ESTRADA ALDANA,708
0002,000065,CARLOS ANDRES DIAZ RAMIREZ,705
0002,000056,LUIS ALBERTO MORENO VALENZUELA,694
0002,000032,NATALY ANDREA CASTIBLANCO PACHECO,692
0002,000073,CINDY VANESSA RIVAS MORENO,688
0002,000063,YESSICA PAOLA JUNCO RAYO,642
0002,000092,JUAN GUILLERMO CANO URIBE,641
0002,000093,ALVARO SANTIAGO PEREZ BUITRAGO,629
0002,000074,DIANA MARCELA MAYA AGUDELO,608
0002,000076,DANIEL ARMANDO CHICAIZA COSME,590
0002,000087,AIDA TERESA GARNICA CASTILLO,578
0002,000060,CAMILO HUMBERTO OLANO ORTIZ,567
0002,000075,ANA FLOR ALBA VILLAMIL OSMA,556
0002,000067,YURANY QUIROGA CRUZ,545
0002,000034,MARIO ANDRES GALAN GALAN,542
0002,000071,CARIN ASTRID LESMES SAAVEDRA,539
0002,000095,LUIS FERNANDO REYES ALFARO,537
0002,000094,JEDSENIA AMARIZ PACHECO,534
0002,000045,JORGE ALBERTO DE LA ESPRIELLA ARGUMEDO,482
0002,000085,MARIA CRISTINA CUBILLOS CHAVES,389
0002,000036,LUIS CEPEDA CIFUENTES,388
0002,000080,ADRIANA MILENA SANCHEZ VASQUEZ,382
0002,000078,KAREN ANDREA MORENO RAMIREZ,375
0002,000086,BLANCA GLADIS BERNAL ESCOBAR,360
0002,000046,JOSE ORLANDO SANCHEZ TORRES,346
0002,000059,MARIANA AYALA PONTE,332
0002,000035,SILVIA PATRICIA BARRIOS CARREÑO,331
0002,000079,CLAUDIA PATRICIA ROJAS RAMIREZ,330
0002,000047,JOSE NURBY DUCUARA GOMEZ,303
0002,000083,MARYI ALEJANDRA RODRIGUEZ FONSECA,272
0002,000058,NINA MAYERLY GOMEZ GUERRERO,259
0002,000081,ALEIDA GONZALEZ HINCAPIE,253
0002,000048,ZENON ANGULO ANGULO,224
0002,000082,MARTHA MARIN SUAREZ,223
0002,000084,ANA ELVIA FELIX FUQUEN,213
0003,000000,SOLO POR LA LISTA,182596
0003,000002,NADYA GEORGETTE BLEL SCAFF,178907
0003,000100,WADITH ALBERTO MANZUR IMBETT,134914
0003,000004,DANIEL RESTREPO CARMONA,122380
0003,000001,DAVID ALEJANDRO BARGUIL ASSIS,106114
0003,000003,MIGUEL ANGEL BARRETO CASTILLO,95166
0003,000012,DIELA LILIANA BENAVIDES SOLARTE,93046
0003,000007,MARCOS DANIEL PINEDA GARCIA,88065
0003,000014,LUIS EDUARDO DIAZ MATEUS,85365
0003,000010,JUAN CARLOS GARCIA GOMEZ,80836
0003,000025,SANTIAGO BARRETO TRIANA,79020
0003,000013,JOHNNATAN ALEXIS TAMAYO USUGA,77533
0003,000015,ARMANDO ANTONIO ZABARAIN D ARCE,62856
0003,000005,GERMAN ALCIDES BLANCO ALVAREZ,56726
0003,000011,JUAN CARLOS WILLS OSPINA,47225
0003,000008,JUAN DIEGO GOMEZ JIMENEZ,45721
0003,000006,SOLEDAD TAMAYO TAMAYO,41657
0003,000009,HERNAN FRANCISCO ANDRADE SERRANO,39463
0003,000088,YULY COLMENARES APONTE,32854
0003,000057,OSCAR MAURICIO GIRALDO HERNANDEZ,27695
0003,000021,VIVIANA PATRICIA BLELL CERVANTES,26153
0003,000090,EDWIN JAVIER BRITO GARCIA,24713
0003,000020,JUAN CAMILO VELEZ LONDOÑO,19445
0003,000055,MARIA CLARA RAMIREZ FERRO,16357
0003,000099,DANIEL MORENO MOTTA,9564
0003,000017,LUZ DALY GONZALEZ CRUZADO,3954
0003,000077,LUIS ALEJANDRO TOVAR ARIAS,3296
0003,000016,RAFAEL ANDRES NAVARRO CRANE,3098
0003,000026,ADRIANA RODRIGUEZ SANCHEZ,2660
0003,000049,JOSE ORLANDO CARRILLO,2528
0003,000023,ALBERTO DEVIA ESCOBAR,2330
0003,000054,CARLOS YOVANNI GORDILLO VARGAS,2286
0003,000050,NATALIA MORALES URQUIJO,2179
0003,000051,HAROLD MILTON VALENCIA RUGE,2079
0003,000024,KAREN ALICIA DE VILLEROS BERMUDEZ,2078
0003,000027,ALEXANDER BARRUETO RODRIGUEZ,1981
0003,000040,MYRIAM LEON GARCIA,1883
0003,000022,ALBA ROCIO ROMERO GARCIA,1877
0003,000052,LUIS ALCIBIADES HERNANDEZ CASTELLANOS,1865
0003,000076,PEDRO DUARTE GONZALEZ,1855
0003,000053,CARLOS ARMANDO SUSSMAN PEÑA,1785
0003,000030,RICARDO ANDRES ROA CASTELLANOS,1768
0003,000037,SYLVIA JULIANA ARCINIEGAS GOMEZ,1711
0003,000074,HECTOR MARINO ANGULO CAICEDO,1702
0003,000028,JOSE EDUARDO QUIROGA BARRIGA,1602
0003,000019,ABELARDO RAFAEL MEZA HERAZO,1592
0003,000039,ANDRES FERNANDO VASQUEZ VARGAS,1587
0003,000041,ALBERTO CANO DEMPSEY,1575
0003,000042,IRINA ROSA VEGA VERGARA,1518
0003,000044,LUIS ENRIQUE DIAZ GARCIA,1447
0003,000029,MAURICIO FERNANDEZ FRANCO,1417
0003,000056,ERIKA RAMIREZ ARISTIZABAL,1415
0003,000098,NELLY DELFINA FORERO RINCON,1323
0003,000018,MARLY YURLEY RODRIGUEZ HERRERA,1272
0003,000087,FANY ESMERALDA GARZON CIFUENTES,1219
0003,000038,JAIRO ROBERTO RODRIGUEZ DELGADO,1202
0003,000043,JOHAN RAFAEL MACIAS MACIAS,1186
0003,000091,LUZ STELLA RIVEROS ROZO,1074
0003,000097,MARY LILIANA MURCIA FRANCO,1063
0003,000067,GERMAN ARMANDO GARCIA ROA,1059
0003,000066,EDWAR JALABE DIAZ,1011
0003,000089,JENNIFER ALEXANDRA BUITRAGO PEÑA,1001
0003,000070,MARIA DEL PILAR GONZALEZ HOYOS,958
0003,000072,WILMAN ACUÑA MONTOYA,910
0003,000082,JORGE ALIRIO RAYO LOZADA,883
0003,000062,RODRIGO GRAJALES VALENCIA,843
0003,000064,RICARDO MOSQUERA CAICEDO,843
0003,000045,NELSON REMIGIO VEGA VEGA,842
0003,000086,MARIA CONSUELO SUAREZ RAMOS,831
0003,000081,FLOR ELIZABETH CALLE ORTIZ,810
0003,000068,CIRO ALFONSO GALVIS MUÑOZ,798
0003,000094,YOBANY OROZCO VALENCIANO,790
0003,000031,BRAYAN STIVEN REALPE URIBE,769
0003,000065,GLADYS HELENA ORTIZ FLOREZ,757
0003,000080,HAROLD ALBERTO ACOSTA ORTEGA,747
0003,000069,NEHEMIAS CORDOBA GONZALEZ,721
0003,000075,GERSON AUGUSTO RAMIREZ TERAN,714
0003,000063,MAURICIO DIAZ ARELLANO,706
0003,000033,SWIGGY NUGETH ESPITIA YABRUDY,637
0003,000092,EFRAIN ALBERTO AGAMEZ MONTES,635
0003,000032,JOSE MANUEL ROMERO LAGO,605
0003,000096,MARTHA JUDITH ARIAS VARGAS,575
0003,000093,CECILIA ARISTIZABAL MORA,558
0003,000035,KATHERINE GALAN JIMENEZ,551
0003,000095,SHADEA CAROLINA MALAVER CACERES,544
0003,000058,LINA BEATRIZ ALVAREZ JIMENEZ,528
0003,000060,RUBEN DARIO GIRALDO CARVAJAL,519
0003,000034,HECTOR JAVIER DELGADILLO ARENAS,477
0003,000078,ANDREA CAROLINA MORENO MORALES,471
0003,000046,ANDRES FELIPE CARO CARVAJAL,443
0003,000047,JOSE ABEL PAZ JULICUE,419
0003,000084,LACIDES CARMELO TRUJILLO CARRILLO,402
0003,000083,OSCAR ANTONIO BONILLA VARELA,401
0003,000079,DIANA CAROLINA PICO CARVAJAL,398
0003,000073,JUAN MANUEL QUIROGA DIAZ,373
0003,000059,ALIX DEL CARMEN RICARDO PEREZ,359
0003,000036,CATALINA ARANGO RABITZ,346
0003,000085,HERNAN RODRIGUEZ GOMEZ,340
0003,000048,JUAN DAVID ESCOBAR CUBIDES,311
0009,000000,SOLO POR LA LISTA,146563
0009,000013,NORMA HURTADO SANCHEZ,136036
0009,000100,JUAN CARLOS GARCES ROJAS,129051
0009,000007,WILMER RAMIRO CARRILLO MENDOZA,125356
0009,000003,ALFREDO RAFAEL DELUQUE ZULETA,113091
0009,000008,JOHN MOISES BESAILE FAYAD,107469
0009,000011,ANA PAOLA GARCIA SOTO,91939
0009,000099,MARIA IRMA NOREÑA ARBOLEDA,89327
0009,000006,ANTONIO JOSE CORREA JIMENEZ,84239
0009,000017,JOSE ALFREDO GNECCO ZULETA,72134
0009,000004,OSCAR EDUARDO APOLINAR MARTINEZ,71736
0009,000001,JUAN FELIPE LEMOS URIBE,71420
0009,000014,JULIO ELIAS CHAGUI FLOREZ,69608
0009,000010,JULIO ALBERTO ELIAS VIDAL,68853
0009,000002,JOSE DAVID NAME CARDOZO,68209
0009,000040,FREDDY CAMILO GOMEZ CASTRO,16698
0009,000050,LUIS CARLOS SEGURA RUBIANO,12190
0009,000005,CAMILO ANDRES VITAL HERNANDEZ,8110
0009,000009,JAVIER FERNANDEZ FRANCO,6360
0009,000012,LUZ MARGOTH ROJAS ABAUNZA,6243
0009,000025,ELKIN DAVID BUENO ALTAHONA,6169
0009,000015,MIGUEL ANGEL FLOREZ BUSTOS,4005
0009,000089,HUGO ALBERTO OSPINA AGUDELO,2752
0009,000070,FLORESMIRO ZARTA GUZMAN,1981
0009,000016,FABIAN ORLANDO RIVERA CARRILLO,1907
0009,000020,JORGE ANDRES CORDERO VARILLA,1647
0009,000031,YURY PAULINA CHAVARRO RAMOS,1647
0009,000098,NESTOR FELIPE GIRONZA CARDONA,1632
0009,000030,CLAUDIA LILIANA ORTIZ CASTILLO,1553
0009,000026,LESTER MANUEL ARGEL MELENDREZ,1239
0009,000090,DANIELA LASSO PERLAZA,1231
0009,000041,DIANA ESPERANZA ACUÑA GARCIA,1220
0009,000055,ALEJANDRO BAENA GIRALDO,1206
0009,000044,ANDREA ROMERO GUERRERO,1196
0009,000091,HARVEY ALEXANDER GALVIS ARIAS,1184
0009,000077,ANDRES OLMEDO GRUESO MARTINEZ,1162
0009,000027,JAVIER EDUARDO SANCHEZ RODRIGUEZ,1161
0009,000049,JOSE CRISTIAN LEON MOLINA,1140
0009,000068,MARIA EMA RODRIGUEZ MOSQUERA,1131
0009,000088,CAROLINA GUAÑARITA FLOREZ,1084
0009,000054,JULIAN ANDRES HENAO CHACON,1069
0009,000037,JEYSON DAVID RESTREPO URIBE,1027
0009,000018,WILLIAM MAURICIO JIMENEZ ROZO,1020
0009,000052,SANDRA ROCIO CARRASCAL VILLALBA,994
0009,000042,LEONARDO ALBERTO NUÑEZ PRIETO,980
0009,000051,SANDRA MILENA GUTIERREZ MURCIA,964
0009,000097,PATRICIA EUGENIA BLANCO FADUL,940
0009,000053,ELIANA PAOLA BETANCUR RAMOS,927
0009,000019,ANGELICA MARIA PEREIRA MUÑOZ,915
0009,000039,SEBASTIAN RINCON ZULUAGA,889
0009,000022,EDNA YANETH CORDERO MONTAÑA,885
0009,000029,MARIA EUGENIA JARABA MARTINEZ,880
0009,000023,JULIAN QUINTERO OSPINA,865
0009,000028,EDUAR ENRIQUE REYES MACIAS,859
0009,000058,JUAN PABLO SOLARTE CHAVES,831
0009,000038,ROBERT ENRIQUE ORTEGA SALCEDO,786
0009,000021,ANDRES ROJAS MARULANDA,768
0009,000043,RICARDO ANDRES JARAMILLO GUZMAN,728
0009,000096,LEIDY ALEJANDRA MURCIA BOTERO,705
0009,000066,CARMEN SOFIA LOPEZ PORTILLO,664
0009,000057,ROBERT PAUL VACA CONTRERAS,628
0009,000056,PABLO ANTONIO BUSTACARA LARGO,605
0009,000069,JESUS ANDRES PAVA MENDOZA,602
0009,000094,LADY JHOANNA RAMIREZ GIRALDO,597
0009,000073,GINETH PAOLA BLANCO CELY,592
0009,000072,LORENA CASTAÑO ARAGON,589
0009,000061,MARIA MIRTHA ROMERO SEGURA,575
0009,000033,LILIANA MARIA ESPITIA ROBLES,568
0009,000065,STEVE GIRALDO CORREA,562
0009,000032,MYRIAN AZUCENA RODRIGUEZ GALINDO,561
0009,000064,BIVIAN PATRICIA ROMERO PADILLA,554
0009,000024,GUSTAVO ADOLFO MARTINEZ ARCOS,553
0009,000080,CLAUDIA SOFIA LEMOS LEMOS,546
0009,000036,DAIRO ARIAS CARDENAS,494
0009,000063,NICOLAS GARCIA ZAPATA,480
0009,000067,ANGELA MARIA VARGAS RAMIREZ,474
0009,000045,JORGE MARIO ZAPATA GONZALEZ,463
0009,000046,WASLDISTRUDIS HURTADO MINOTTA,459
0009,000092,MARIA ELSY PADILLA MUÑOZ,456
0009,000076,JOSE LUIS MONTOYA COBO,427
0009,000062,CARMEN ELENA SUAREZ MUÑOZ,424
0009,000087,ELIZABETH MENESES DELGADO,421
0009,000074,SARA ECHEVERRI GUTIERREZ,418
0009,000093,DOLLY GIRALDO PEREZ,416
0009,000075,GUSTAVO ADOLFO CORRALES CORREA,412
0009,000071,SANDRA PATRICIA DEL SOCORRO ORTIZ VALENCIA,383
0009,000095,MARIA NAZARETH MARTINEZ GARCIA,350
0009,000034,MADELEINE LASCARRO RODRIGUEZ,338
0009,000035,CRISTIAN CAMILO GARCIA OSORIO,297
0009,000078,LIZETH JIMENA CARRION MARTINEZ,297
0009,000079,DIANA LORENA MAZO VILLEGAS,296
0009,000060,MANUEL OVIDIO JIMENEZ LOPEZ,293
0009,000086,JHONNY ANDRES ALZATE,290
0009,000081,OMAR ALBERTO SILVA JIMENEZ,284
0009,000085,GLORIA NANCY PADILLA ROMERO,258
0009,000084,VANESSA PALACIOS QUINTERO,241
0009,000047,HILBER OSWALDO RODRIGUEZ DELGADO,236
0009,000059,BARBARA CECILIA JARAMILLO MAYA,207
0009,000082,BLANCA SOFIA SAAVEDRA BECERRA,200
0009,000048,MARIA EDITH CASTELLANOS GARCIA,190
0009,000083,RAFAEL OLMANDO BRAVO BENITEZ,175
0010,000000,SOLO POR LA LISTA,3035715
0010,000001,ANDRES EDUARDO FORERO MOLINA,0
0010,000002,RAFAEL NIETO LOAIZA,0
0010,000003,CLAUDIA MARGARITA ZULETA MURGAS,0
0010,000004,HERNAN DARIO CADAVID MARQUEZ,0
0010,000005,JULIA CORREA NUTTIN,0
0010,000006,CARLOS MANUEL MEISEL VERGARA,0
0010,000007,CHRISTIAN MUNIR GARCES ALJURE,0
0010,000008,MARIA CLARA POSADA CAICEDO,0
0010,000009,HONORIO MIGUEL HENRIQUEZ PINEDO,0
0010,000010,JOSUE ALIRIO BARRERA RODRIGUEZ,0
0010,000011,ESTEBAN QUINTERO CARDONA,0
0010,000012,ENRIQUE CABRALES BAQUERO,0
0010,000013,OSCAR LEONARDO VILLAMIZAR MENESES,0
0010,000014,JUAN FERNANDO ESPINAL RAMIREZ,0
0010,000015,MARIA ANGELICA GUERRA LOPEZ,0
0010,000016,JUAN FERNANDO CAICEDO CALLEJAS,0
0010,000017,ZANDRA MARIA BERNAL RINCON,0
0010,000018,LIZETH ANDREA REINA BULLA,0
0010,000019,JOSE VICENTE CARREÑO CASTRO,0
0010,000020,MARELEN CASTILLO TORRES,0
0010,000021,MARIA CAROLINA RESTREPO CAÑAVERA,0
0010,000022,ESTEFANIA COLMENARES HERNANDEZ,0
0010,000023,LUCIA MARIA AMALIA SALGADO ROMERO,0
0010,000024,CAMILO GAVIRIA GUTIERREZ,0
0010,000025,ALVARO URIBE VELEZ,0
0010,000026,JORGE ALBERTO CORTES ALVAREZ,0
0010,000027,RAUL MUSSE PENCUE,0
0010,000028,MARCO ANTONIO VELILLA MORENO,0
0010,000029,OLMES DE JESUS ECHEVERRIA DE LA ROSA,0
0010,000030,LEIDY LORENA CORTES SALCEDO,0
0010,000031,CARLOS ANDRES TORO CASTAÑO,0
0010,000032,HUGO FERNEY BOLAÑOS,0
0010,000033,JAIME ALEJANDRO AMIN HERNANDEZ,0
0010,000034,CESAR DAVID WILCHES FONSECA,0
0010,000035,ELKIN ALFREDO GAITAN GOMEZ,0
0010,000036,PEDRO SOTO,0
0010,000037,MARIO HERNANDEZ ZAMBRANO,0
0010,000038,OLGA PATRICIA MIRANDA GOMEZ,0
0010,000039,MARIA GISELA MANRIQUE BORRERO,0
0010,000040,OMAR FERNANDO VALDERRAMA BAEZ,0
0010,000041,DAISY CRISTINA MARTINEZ LOPEZ,0
0010,000042,MIGUEL DAVID PERDOMO DURAN,0
0010,000043,JOSE NEMESIO MOSQUERA IBARGUEN,0
0010,000044,RODRIGO BENAVIDES BUCHELI,0
0010,000045,JORGE ARMANDO CORTES CABRERA,0
0010,000046,LUZ MARY SALGADO RODRIGUEZ,0
0010,000047,LUZ MARINA DUARTE ARENAS,0
0010,000048,CAROLINA ESCAMILLA PACHECO,0
0010,000049,RODRIGO ALBERTO MEJIA ARANGO,0
0010,000050,CARLOS FERNANDO VARGAS ROJAS,0
0010,000051,JORGE LUIS RAMON HOYOS USTA,0
0010,000052,JONATAN TAMAYO PEREZ,0
0010,000053,NASLY LEIDY MARTIN GARCIA,0
0010,000054,MAURICIO RUBIANO BELLO,0
0010,000055,MARIA LUCY BAUTISTA SALAMANCA,0
0010,000056,JOHN JAIRO LOPEZ BENITEZ,0
0010,000057,MARY ALEJANDRA FANDIÑO BRAVO,0
0010,000058,CAMILO DE BEDOUT HERRERA,0
0010,000059,DIEGO ANDRES MOLANO APONTE,0
0010,000060,CIDENIA ROVIRA ROJAS,0
0010,000061,MANUEL JOSE DE LA ROSA MANOTAS,0
0010,000062,LAURA VIVIANA VACA PERILLA,0
0010,000063,MARTHA ELENA PINTO DE HART,0
0010,000064,ALBERTO DE JESUS MONTOYA PUYANA,0
0017,000001,ENRIQUE GOMEZ MARTINEZ,139385
0017,000000,SOLO POR LA LISTA,128428
0017,000100,SARA JIMENA CASTELLANOS RODRIGUEZ,102184
0017,000010,GERMAN ANDRES RODRIGUEZ PRIETO,70049
0017,000008,JOHN ALEJANDRO BERMEO RODRIGUEZ,48513
0017,000003,JUAN CAMILO OSTOS ROMERO,27283
0017,000002,CARLOS FELIPE MEJIA MEJIA,26583
0017,000020,WILSON RUIZ OREJUELA,17411
0017,000099,FERNAN CAMILO FORTICH BARRIOS,17346
0017,000013,FRANKLIN JAIR PORTILLA TORO,12286
0017,000005,ALEJANDRO OSPINA ANGARITA,12185
0017,000011,JORGE EDUARDO MORA LOPEZ,11375
0017,000004,JUAN CARLOS SALAZAR URIBE,10740
0017,000009,CARLOS ALBERTO CUARTAS QUICENO,10271
0017,000006,TATIANA PAOLA VILLARREAL VELASQUEZ,6105
0017,000015,OSCAR FELIPE HEILBRON PRETELT,5495
0017,000007,RAMON ELIAS LOPEZ SABOGAL,5320
0017,000022,EDUARD BUITRAGO ACERO,5275
0017,000017,PEDRO SANTIAGO RODRIGUEZ BETANCOURT,3961
0017,000018,JOSE ANGEL ESPINOSA HENAO,3683
0017,000014,OLGA LUCIA CARO JACOME,3287
0017,000012,JAIME ANDRES BELTRAN MARTINEZ,2574
0017,000016,MARIA ANTONIA ESTUPIÑAN TELLEZ,2544
0017,000030,JOSE MILLER TOLEDO SANCHEZ,2526
0017,000077,GERMAN ALBEIRO CASTRO CASTRO,2451
0017,000050,LEONARDO CUERVO VEGA,2401
0017,000026,PEDRO PABLO CONTRERAS PINILLOS,2091
0017,000088,FERNANDO ANTONIO BASTO CORREA,1962
0017,000028,ANNY FARLEY MARTINEZ ARDILA,1681
0017,000025,MARIA NELCY CAMACHO PITA,1676
0017,000031,ZAYDA PATRICIA GARCIA BENITEZ,1561
0017,000033,CLAUDIA MARCELA UMAÑA APONTE,1449
0017,000032,MAGALY DEL SOCORRO GONZALEZ FORTUNATO,1339
0017,000021,ANDRES CICERI ANACONA,1247
0017,000072,ENRIQUE EDUARDO HERRERA ARAUJO,1244
0017,000090,JULIAN ANDRES ZAMUDIO GONZALEZ,1225
0017,000070,LINA MARCELA LONDOÑO OSORIO,1170
0017,000080,LAURA YADYRA OJEDA CAMACHO,1116
0017,000060,RICHARD MANCERA MANCERA,973
0017,000055,CARLOS EDUARDO PIMIENTA TATIS,936
0017,000049,DIANA SOCORRO PERAFAN HURTADO,933
0017,000034,PIEDAD BIENVENIDA SAFRA ARREGOCES,877
0017,000024,MONICA GINETH DIAZ GAITAN,870
0017,000023,ANDREA CATALINA ROSAS URREGO,829
0017,000044,CARLOS AUGUSTO VARGAS RODRIGUEZ,741
0017,000041,NANCY PATRICIA QUINTERO URREGO,543
0017,000036,MARTHA CECILIA ORTIZ RIVEROS,519
0017,000038,YAMILE ESTELA GALEANO QUINTERO,512
0017,000040,PAULA ANDREA CASTILLO ESLAVA,477
0017,000085,DORALBA TORRES LOPEZ,292
0018,000000,SOLO POR LA LISTA,27879
0018,000001,SOFIA ALEJANDRA GAVIRIA CORREA,0
0018,000002,OSCAR ENRIQUE ORTIZ GONZALEZ,0
0018,000003,DAVID RICARDO REYES CASTRO,0
0018,000004,JUAN CARLOS CARDENAS REY,0
0018,000005,BEATRIZ ELENA URIBE BOTERO,0
0018,000006,SILVERIO GOMEZ CARMONA,0
0018,000007,DEISY DORELLY GUANARO CHAVITA,0
0018,000008,JOHN FRAN PINCHAO BLANCO,0
0018,000009,OSCAR HORACIO FRANCO DURAN,0
0018,000010,INGRID BETANCOURT PULECIO,0
0018,000011,JULIA ELENA GUTIERREZ DE PIÑERES JALILIE,0
0018,000012,GERMAN ANTONIO MARMOLEJO RENTERIA,0
0018,000013,LUIS JAIME SALGAR VEGALARA,0
0018,000014,ANA ELOISA ZUÑIGA BONFANTE,0
0018,000015,ANDRES AUGUSTO CASTRO FORERO,0
0018,000016,JORGE ALBERTO DUQUE ZAPATA,0
0018,000018,CLAUDIA VASQUEZ MERCHAN,0
0018,000020,SANDRA XIMENA ROJAS GALLEGO,0
0018,000023,ALVARO AGUDELO MEDINA,0
0018,000024,YENNIFER ANDREA LUCUMI GOMEZ,0
0018,000025,NOLBERTO CARDOSO CASTRO,0
0018,000026,MERCEDES CIFUENTES GALINDO,0
0018,000027,MARTHA LETICIA SUAREZ ACUÑA,0
0018,000029,LUZ DARY OTERO DORIA,0
0018,000030,YOLANDA AREVALO PERDOMO,0
0018,000031,DIBIER SANCHEZ,0
0018,000032,DALLY JOHANA CASTILLO VERGEL,0
0018,000033,NERY POLANIA ARCINIEGAS,0
0018,000035,ALEXANDER VAQUIRO RODRIGUEZ,0
0018,000036,ALBA LUZ CARMONA CARMONA,0
0018,000037,ANA ISABEL CIFUENTES GALINDO,0
0018,000038,NORMA CONSTANZA AGUDELO RIVERA,0
0018,000039,HERIBERTO GONGORA VANEGAS,0
0018,000040,NILLY YULIANA REYES AGUDELO,0
0018,000041,LUZ MERY GALINDO GALINDO,0
0018,000042,DANERIS SOTELO GARZON,0
0018,000043,JUAN FERNANDO BETANCUR GONZALEZ,0
0018,000044,ADEL ALFREDO GONZALEZ GUZMAN,0
0018,000045,JOSE LUIS LEON MUNCA,0
0033,000000,SOLO POR LA LISTA,10755
0033,000001,NANCY STELLA VERGARA MUÑOZ,0
0033,000003,RAQUEL VICTORIA SIERRA CASSIANI,0
0033,000006,MARTHA CECILIA VERA,0
0033,000008,CARLOS ALBERTO GARCIA GRACIA,0
0033,000011,EISYS LINETH SALAMANCA RODRIGUEZ,0
0033,000014,VIVIANA MELISSA BELTRAN HOYOS,0
0033,000015,VIVIAN ESTEFANI LOZANO ARANGO,0
0033,000016,ALEJANDRA ZULUAGA FRANCO,0
0033,000019,BERNARDO SEGURA ORTIZ,0
0034,000000,SOLO POR LA LISTA,10754
0034,000001,LUIS ELIAS QUIROGA ARJONA,0
0034,000002,ALBA GERMANIA CORTES QUIJANO,0
0034,000003,MARIO RICARDO SANCHEZ TRONCOSO,0
0034,000004,JAVIER GRANADOS RIOS,0
0034,000005,JAIRO PEDRAZA COSTO,0
0034,000006,LUZ YENNY GONZALEZ MONTES,0
0034,000008,EDITH YOLIMA FERNANDEZ AFRICANO,0
0034,000009,CESAR AUGUSTO FERNANDEZ AFRICANO,0
0034,000011,HOLMAN EDUARDO SANCHEZ TAFUR,0
0034,000013,PATRICIA SABOGAL AMAYA,0
0034,000014,MARTHA LEONOR OCHOA RODRIGUEZ,0
0039,000001,JULIANA GUTIERREZ ZULUAGA,96438
0039,000000,SOLO POR LA LISTA,45046
0039,000002,ANDRES FELIPE BEDOYA RENDON,33606
0039,000007,WILDER ZAPATA TORRES,10446
0039,000003,NATALIA EUGENIA LOPEZ FUENTES,6413
0039,000005,ELIECER CAMACHO JIMENEZ,6154
0039,000006,SARA JARAMILLO GALLEGO,4003
0039,000008,DIEGO ANDRES HERNANDEZ MOSQUERA,3200
0039,000011,JUAN DIEGO MUÑOZ COSSIO,3063
0039,000017,ANGEL AUGUSTO SANCHEZ HERNANDEZ,2543
0039,000009,NELSON BARRERA ROA,2331
0039,000023,LUIS ERNESTO RIVERA ESCOBAR,2012
0039,000020,MARTHA ALICIA RESTREPO CORREA,1995
0039,000019,JORGE HUGO ARANGUREN OCAMPO,1380
0039,000018,JUAN ALEJANDRO ANGEL ARANGO,1349
0039,000012,LAURA MARCELA GAMBOA PATERNINA,1330
0039,000013,JHON ALEX MENDEZ VARGAS,1296
0039,000015,LIDA GREGORIA DRAGO CALY,1174
0039,000021,CLAUDIA EUSEBIA CESPEDES CAMPOS,1140
0039,000014,MARIA CATALINA RAMIREZ VELEZ,1105
0039,000022,SARA MARIA ARBELAEZ RAMIREZ,1046
0039,000016,GUSTAVO ALONSO PINEDO POLO,887
0040,000000,SOLO POR LA LISTA,105393
0040,000001,BETZY PATRICIA MARTINEZ ZAPATERO,0
0040,000002,FRANCISCO DANIEL GOMEZ ZULUAGA,0
0040,000003,JUAN FELIPE CARRILLO MORA,0
0040,000005,ADALIN SEPULVEDA LOZANO,0
0040,000006,MARIA CLAUDIA CANEDA BRUNAL,0
0040,000007,CARMEN MARIA CARRASCAL ALMENTERO,0
0040,000008,MONICA ALEJANDRA GOMEZ LAVERDE,0
0040,000009,ALVARO PIO VALENCIA VELEZ,0
0043,000002,ANA PAOLA AGUDELO GARCIA,101679
0043,000003,MANUEL ANTONIO VIRGUEZ PIRAQUIVE,99990
0043,000005,CARLOS EDUARDO GUEVARA VILLABON,80398
0043,000100,JENNIFER DALLEY PEDRAZA SANDOVAL,78550
0043,000000,SOLO POR LA LISTA,72615
0043,000006,MARIA LUCIA VILLALBA GOMEZ,59067
0043,000024,RAWDY REALES ROIS,55404
0043,000004,GLORIA ELSY DIAZ MARTINEZ,52265
0043,000008,JUAN FERNANDO REYES KURI,39689
0043,000090,OSCAR DAVID GALAN ESCALANTE,32926
0043,000011,RICARDO JOSE DIAZGRANADOS DEL CASTILLO,28749
0043,000001,JUAN SEBASTIAN GOMEZ GONZALES,28737
0043,000010,JORGE ENRIQUE ROBLEDO CASTILLO,28585
0043,000007,PEDRO JOANES LEYVA RIZZO,25501
0043,000013,JUAN JAVIER BAENA MERLANO,17873
0043,000012,FEDERICO JOSE RESTREPO POSADA,7166
0043,000050,JORGE HERNANDO LOZANO LARA,6599
0043,000025,HERNANDO ENRIQUE DANIEL GOMEZ GAVIRIA,5850
0043,000098,BERTILDA DOLORES ALMAZO PUSHAINA,5223
0043,000020,CHARLES FIGUEROA LOPERA,5100
0043,000099,CARLOS ALBERTO OSORIO CALDERON,4420
0043,000055,JORGE IVAN GOMEZ URREGO,3774
0043,000088,CARLOS ALBERTO MORALES DELGADO,3500
0043,000009,HAROLD DE JESUS MAESTRE MERCADO,3422
0043,000015,ALEJANDRO RUBIO SABOGAL,2632
0043,000041,JOSE FELIX MONTOYA SOTO,2440
0043,000014,WILSON COLLAZOS DIAZ,2417
0043,000082,CRISTOBAL ENRIQUE LOZANO CAICEDO,2276
0043,000028,JOHN JAIRO CRISTANCHO PARRA,2189
0043,000016,SANDRA STELLA FONSECA ARENAS,1615
0043,000026,HUGO ALEJANDRO VASQUEZ VARGAS,1598
0043,000044,JUAN BERNARDO SERRANO ARDILA,1597
0043,000030,NELYS MARIA GALLEGO QUIROGA,1569
0043,000017,PABLO ANTONIO BUSTOS SANCHEZ,1524
0043,000077,MARIA ELENA VELEZ OSPINO,1392
0043,000019,CARLOS ARTURO LOPEZ RIOS,1265
0043,000070,MANUEL NAVARRO MANCHEGO,1233
0043,000040,LUIS ALFREDO ALVAREZ RODRIGUEZ,1073
0043,000029,PATRICIO DE JESUS GAVIRIA PATIÑO,1054
0043,000091,MARTHA LUCIA LINARES IBARRA,871
0043,000052,WUILVER ADRIAN HERNANDEZ PATIÑO,863
0043,000027,CLAUDIA CRUZ VALLEJO,845
0043,000037,JOSE DOMINGO JULIO PRETELT,842
0043,000038,URIEL RAFAEL AVILA BARRIOS,831
0043,000066,AUGUSTO VERNEY FORERO REYES,798
0043,000092,CARLOS ANDRES NARANJO SIERRA,797
0043,000097,SANDRA PATRICIA CIFUENTES ORTIZ,797
0043,000057,GONZALO CARDENAS MAHECHA,796
0043,000023,MIREYA RAMIREZ PULIDO,795
0043,000022,MANUEL HUMBERTO RODRIGUEZ,752
0043,000051,MARIA MONICA SALGADO GAVIRIA,739
0043,000053,CARLOS ARNULFO JIMENEZ QUINTERO,701
0043,000042,YADIRES MARTINEZ RODRIGUEZ,693
0043,000054,LINA MARCELA PEÑA ZUBIRIA,693
0043,000049,NUBIA ESTHER COTRINA ROMERO,671
0043,000039,AMPARO MARIA SERPA ACEVEDO,647
0043,000079,RODRIGO CORTES BORRERO,639
0043,000033,ANASTASIA RUBIO BETANCOURT,608
0043,000018,YUDY ANDREA JARAMILLO AREIZA,589
0043,000061,JUAN CARLOS BERNAL PEREZ,579
0043,000096,ENRIQUE URIBE BOTERO,567
0043,000032,OSWALDO BERNAL GONZALEZ,548
0043,000062,OCTAVIO ANDRES YULES RESTREPO,529
0043,000072,ALEXANDER TORRES RAMIREZ,489
0043,000074,JUAN SEBASTIAN VALENZUELA OSPINA,484
0043,000080,JUAN GABRIEL HURTADO BARAHONA,447
0043,000056,HEINER DENIS LEAL POLICITIVO,440
0043,000034,ARNALDO HOYOS TRIBIÑO,431
0043,000021,ALMA NEDIS TOBIO IBARRA,412
0043,000064,YURANNY ANDREA NEIRA RODRIGUEZ,396
0043,000047,EDWIN YOBANY VIVAS PEREZ,379
0043,000071,NELLY AMPARO FLOREZ VEGA,354
0043,000043,JULIETH PATRICIA CIFUENTES PINZON,352
0043,000094,CRISTIAN MARINO SAMBONI,341
0043,000065,ANDRES MANUEL TORRES VARGAS,332
0043,000085,SERGIO ANTONIO ROJAS AVENDAÑO,328
0043,000031,BERTHALY VIAFARA,300
0043,000063,JENNY PATRICIA TAFUR LANCHEROS,295
0043,000067,LEIDY JOHANNA CARMONA CASTILLO,295
0043,000087,EDGAR ERNESTO ROBAYO GUERRERO,288
0043,000093,ALEXANDER VEGA RINCON,286
0043,000076,JOHANNA ALEXANDRA BAUTISTA MAZUTIER,279
0043,000075,ANDRES DANIEL NORIEGA SARMIENTO,264
0043,000078,LUIS EMILIO FONSECA SANTIAGO,263
0043,000035,LUIS YEFERSON FONSECA ALBARRACIN,261
0043,000073,FLOR NELSY ALBARRACIN VELANDIA,257
0043,000086,LEONARDO LOPEZ MEDINA,251
0043,000068,LIDY YAHIR CAMACHO TELLEZ,248
0043,000095,JUAN CARLOS CONTRERAS CACERES,237
0043,000069,FLOR ANGELA MORALES RIVERA,191
0043,000083,JORGE IVAN AREVALO PEREZ,188
0043,000045,NASLY ROCIO RESTAN COGOLLO,187
0043,000046,ERIKA SUGEY PINZON CARDENAS,177
0043,000059,JABZON LOZANO MOSQUERA,176
0043,000084,JUAN CARLOS NUÑEZ,163
0043,000058,GENI CONSTANZA GRANJA,154
0043,000036,EUBLOFIA AZENIT NUÑEZ BURGOS,141
0043,000081,JALID MUADH JENSSEN PEREZ LOSADA,140
0043,000060,JOHANA KATERINE BOCANEGRA GUTIERREZ,135
0043,000048,MARLENY COLORADO ESTRADA,99
0044,000007,EDGARDO MIGUEL ESPITIA CABRALES,128153
0044,000010,JOSE NICOLAS GOMEZ MEDINA,110193
0044,000000,SOLO POR LA LISTA,102224
0044,000003,SELMEN DAVID ARANA CANO,92294
0044,000005,DIDIER LOBO CHINCHILLA,90242
0044,000099,GONZALO DIMAS BAUTE GONZALEZ,83701
0044,000004,CARLOS MARIO FARELO DAZA,70503
0044,000012,NELSON JAVIER LOPEZ RODRIGUEZ,70157
0044,000002,BEATRIZ LORENA RIOS CUELLAR,63226
0044,000009,CARLOS HERNAN RODRIGUEZ NARANJO,62910
0044,000014,CESAR AUGUSTO LORDUY MALDONADO,49151
0044,000008,JOSE LUIS PEREZ OYUELA,38562
0044,000001,CARLOS FERNANDO MOTOA SOLARTE,37058
0044,000023,GERSEL LUIS PEREZ ALTAMIRANDA,36437
0044,000006,LINA MARIA GARRIDO MARTIN,30502
0044,000100,RODOLFO JOSE HERNANDEZ OLIVEROS,19432
0044,000055,HUGO ENRIQUE GARCIA BOHORQUEZ,16715
0044,000070,YONATAN BOTERO ALZATE,16677
0044,000020,CARLOS ENRIQUE FORERO SANCHEZ,12951
0044,000024,OSCAR HERNANDEZ GUALDRON,10382
0044,000050,RUMMENIGGE MONSALVE ALVAREZ,8190
0044,000098,HENRY FERNANDO LADINO GONZALEZ,6947
0044,000011,PAULINO RIASCOS RIASCOS,6273
0044,000088,JOSE DOMINGO GOYENECHE LANDINEZ,4263
0044,000062,JOSE MANUEL RIOS MORALES,4077
0044,000013,REINALDO DE JESUS SIERRA RAMIREZ,3938
0044,000044,DORA MARIA RODRIGUEZ TOBAR,3507
0044,000046,FABIAN DE JESUS HIGINIO GIRALDO,3057
0044,000090,IVAN SAMUEL PEÑA ANDRADE,2832
0044,000015,NUBIA CLEMENCIA ARIAS GONZALEZ,2715
0044,000040,JOSE MARIA VILLANUEVA RAMIREZ,2616
0044,000077,EDGAR OROZCO VICTORIA,2401
0044,000017,ADOLFO LEON CABRERA BASTIDAS,2363
0044,000025,LUIS ALEJANDRO SIZA URIBE,2291
0044,000022,ELKIN HERNANDO SALCEDO SANTOS,2077
0044,000054,WILLIAM FERNANDO ESTUPIÑAN GARCIA,1751
0044,000030,JONIS DARIO ECHEVERRI RAMIREZ,1747
0044,000045,ORLANDO BASTO TRIANA,1659
0044,000075,JOSE GREGORIO BOTELLO ORTEGA,1537
0044,000095,HECTOR GUILLERMO BERNAL MALPICA,1514
0044,000066,ADRIANA ROCIO CADENA CANCINO,1451
0044,000096,GUILLERMO ABRIL ABRIL,1318
0044,000027,ANDRES FELIPE CANO STERLING,1305
0044,000019,LUIS HERLINDO MENDIETA OVALLE,1218
0044,000018,JORGE IVAN CARDENAS GIRALDO,1171
0044,000056,JAIR PAUL SIERRA DIAZ,1165
0044,000051,ELIECER CRECENCIO QUIÑONES ANGULO,1146
0044,000097,LILIANA AREVALO VIDALES,1141
0044,000041,RAFAEL TORRES MARTINEZ,1134
0044,000052,FRANCISCO JAVIER ALVARADO NIÑO,1088
0044,000042,JOSE LIBARDO GUZMAN NARANJO,1070
0044,000021,ALVARO MIGUEL NAVAS PATRON,986
0044,000029,JAIME ANDRES CARREÑO,961
0044,000057,MARIA FERNANDA CHAVES,961
0044,000043,ANA CECILIA AGUIRRE BUITRAGO,957
0044,000053,GRACE MILENA GRANADOS HERNANDEZ,936
0044,000028,IDANIA MERCEDES ALFARO MARTINEZ,918
0044,000072,BLANCA LARRADA PALACIO,860
0044,000089,CESAR NORBERTO BARRERA AVILA,856
0044,000039,LEWIS EDUARDO JIMENEZ GARCIA,855
0044,000033,MILTON FERNANDO CUERVO PEREZ,817
0044,000035,LUIS ALBEIRO TORRES SOTO,793
0044,000026,MARIA FERNANDA ORTIZ MORA,789
0044,000038,OLGA INES RUBIANO CORREA,728
0044,000080,MAURICIO MORRIS OTALORA,719
0044,000068,LUIS FERNANDO VELAZQUEZ BUENO,704
0044,000031,FERNANDO TOLOZA COLORADO,700
0044,000060,JOSE ANGEL MESA PULGARIN,654
0044,000067,NOHORA MAYORGA ROMERO,628
0044,000091,JULLIE PAULIN ALFONSO GONZALEZ,620
0044,000065,INDIRA GONZALEZ ESTRADA,606
0044,000064,GLADYS LIDIA CORTES VALENCIA,590
0044,000069,HECTOR DAVID LINARES SALGADO,587
0044,000032,BLANCA NUBIA TAFUR GARCIA,568
0044,000094,JUAN CARLOS FLORIAN TRIANA,568
0044,000071,RODRIGO GUZMAN DAVILA,556
0044,000087,LUDYS DEL TRANSITO RODRIGUEZ LINERO,535
0044,000092,OSCAR RUBEN GARCIA BECERRA,514
0044,000036,MAURICIO BEJARANO ARANGO,511
0044,000063,CARLOS ANDRES CHAGUEZA ORTEGA,500
0044,000093,LUZ MARINA RAMIREZ BETANCOURT,477
0044,000076,ROCIO MARGOTH DIAZ GOMEZ,470
0044,000037,HILDA ROCIO GIRALDO CARDONA,411
0044,000034,MALLERLY KATHERINE MARTINEZ LINARES,400
0044,000074,GEORGINA RIVERA TORRES,393
0044,000079,MARIA EUGENIA MEJIA POLOCHE,386
0044,000078,MONICA MUÑOZ VELASCO,384
0044,000058,YUDY ELVIRA AYA TORO,379
0044,000047,DUMAR APONTE RAMIREZ,371
0044,000083,MAX PLANCK GOMEZ RODRIGUEZ,354
0044,000061,OLGA LUCIA RAMOS SAJONA,317
0044,000049,GERARDO SOTOMONTE ANGULO,308
0044,000059,NATALIA ISABEL RINCON GALVAN,303
0044,000086,CESAR AUGUSTO LOAIZA CAPERA,298
0044,000081,EDGAR RICARDO ARDILA GALEANO,279
0044,000082,LUIS GUILLERMO HOYOS MENESES,257
0044,000073,JULIAN ALONSO RESTREPO JARAMILLO,246
0044,000084,DEILLY MOSQUERA MENA,214
0044,000048,GLADIS ARIAS JIMENEZ,193
0044,000085,SINDY PAOLA OLIVEROS GAVIRIA,172
0055,000005,ALEJO VERGEL AREVALO,62305
0055,000003,OLGA MILENA FLOREZ SIERRA,57254
0055,000072,RONALD TENORIO FRANCO,45667
0055,000001,GUSTAVO GARCIA FIGUEROA,37723
0055,000000,SOLO POR LA LISTA,22556
0055,000037,DAVID BALLEN HERNANDEZ,20079
0055,000012,EDGAR ALFONSO GOMEZ ROMAN,15268
0055,000006,MARTHA ROCIO ALFONSO BERNAL,12639
0055,000008,KATIA MILENA OSPINO ACEVEDO,10266
0055,000002,FABIO ARIAS GIRALDO,7907
0055,000010,LUIS CARLOS LEAL ANGARITA,7716
0055,000071,MIGUEL ALARCON BLANCO,7106
0055,000044,LEONIDAS NAME GOMEZ,7032
0055,000088,NILSON ANTONIO LIZ MARIN,6122
0055,000004,DOMINGO JOSE AYALA ESPITIA,5951
0055,000070,EDILSON HUERFANO ORDOÑEZ,5731
0055,000013,ANGELICA MARIA MONSALVE GAVIRIA,5056
0055,000007,ARIEL ROSEBEL PALACIOS ANGULO,4118
0055,000055,VICTOR HUGO GOLU MONTENEGRO,4055
0055,000036,DANIS ANTONIO RENTERIA CHALA,3335
0055,000049,GORKY MUÑOZ CALDERON,3103
0055,000017,CARLOS ENRIQUE RIVAS SEGURA,2955
0055,000009,RAFAEL DAVID CUELLO RAMIREZ,2609
0055,000050,MARY LUZ HERRAN CARDENAS,2298
0055,000020,MAXIMO JOSE NORIEGA RODRIGUEZ,2152
0055,000029,BAYRON EDILSON FLOREZ PORTILLA,2052
0055,000100,FABIO VESGA GUZMAN,2032
0055,000027,RENE LEONARDO PUENTES VARGAS,1940
0055,000090,GIOVANNI VARELA ALBA,1913
0055,000051,WILLIAN FERNEY ALJURE MARTINEZ,1752
0055,000099,CARLOS ANDRES RIVERA CASTILLO,1723
0055,000092,JOHN JAIRO CORREA RODRIGUEZ,1645
0055,000015,JUAN DAVID DUQUE GARCIA,1548
0055,000016,GUILLERMO ANTONIO CARDONA MORENO,1315
0055,000073,YESSICA MARCELA CABEZA DEL TORO,1083
0055,000041,MAURICIO ANDRES VELEZ BEDOYA,1069
0055,000075,JORGE ALBERTO ROMERO CARDENAS,875
0055,000019,HERNANDO NIÑO RIVERA,718
0055,000011,ARTURO PALACIOS ORTEGA,700
0055,000028,SAMUEL ARTURO ROMERO SANMIGUEL,682
0055,000062,LUZ ISMELDA AREVALO QUIROGA,627
0055,000063,ANA CRISTINA MUÑOZ,622
0055,000014,ANGEL MIRO GARCIA,592
0055,000094,URIAS VELASQUEZ OSPINA,576
0055,000054,MARTHA YANET CARDENAS ORTIZ,553
0055,000022,HECTOR JAVIER GALINDO MORENO,532
0055,000074,MARIA ISABEL CORDOBA PANESSO,530
0055,000018,ALEJANDRO DE LIMA BOHMER,526
0055,000024,WILDER RENE CASTIBLANCO MANDON,429
0055,000089,CESAR HUGO CUEVAS QUINTERO,396
0055,000057,FARITH CASTRO QUINTERO,390
0055,000035,ARMANDO PEREZ ARAUJO,366
0055,000030,LUIS FERNANDO MUÑOZ LUJAN,332
0055,000079,OSWALDO VELASCO DAZA,329
0055,000080,MONICA RESTREPO RAMOS,329
0055,000048,GUSTAVO ADOLFO SANABRIA REY,328
0055,000077,ELIANA ROCIO ALVARADO CAMPOS,328
0055,000059,WILLIAM BARRETO MENDEZ,315
0055,000023,FREDY JULIAN CORTES URQUIJO,297
0055,000038,MARTHA ESTELLA DURANTE ALZATE,291
0055,000096,GUSTAVO ADOLFO CASTILLO VALENCIA,268
0055,000043,BLANCA LILIA HERRERA REINA,260
0055,000040,HECTOR FABIO LOAIZA CAICEDO,255
0055,000021,EBERTO ENRIQUE DIAZ MONTES,232
0055,000098,JAIME HERNAN GETIAL IPAZ,228
0055,000025,JOSE ALBEIRO VERGARA GUTIERREZ,217
0055,000034,DIANA PATRICIA CARRASQUILLA DENIS,212
0055,000056,MARIO DE JESUS ORTIZ BAÑOL,212
0055,000091,JAIME ARMANDO DOMINGUEZ ARZAYUS,212
0055,000086,ELSY MARIA MARMOLEJO GARCIA,191
0055,000085,CARLOS HERNANDO RODRIGUEZ BALLESTEROS,190
0055,000042,CATALINA BELEN BENAVIDES CORREA,188
0055,000052,RUTH ALEXANDRA ARDILA DE LAS SALAS,172
0055,000031,ROSA DELIA CASTILLO SANCHEZ,167
0055,000033,JAIME ANDRES GONZALEZ VEGA,167
0055,000046,NATALIA SORAYA GIRALDO VALLEJO,158
0055,000039,ELBERT IVAN DUQUE GUERRERO,150
0055,000066,LUIS ENRIQUE PERDOMO CUBIDES,148
0055,000053,PEDRO JAIR SANCHEZ TELLEZ,143
0055,000076,ANA ELISA IRAGORRI CASTRO,132
0055,000084,JOSE ANTONIO JIMENEZ VILLARRAGA,124
0055,000045,MARIA CONSUELO BARROSO PINTO,121
0055,000058,JONATHAN EDUARDO GAITAN SERRANO,121
0055,000061,JERITZA MERCHAN DIAZ,113
0055,000026,DORA LUQUERNA REYES,111
0055,000068,JAMES RICHARD WIEDMAN AMAYA,107
0055,000047,RAIZA DANIELA ARDILA CHAPARRO,81
0055,000067,STELLA ROSAS SILVA,81
0055,000064,JENY JOHANA MESA SUAREZ,79
0055,000093,GILBERTO CEDANO VILLABON,73
0055,000097,EDERSON NIÑO NAVARRO,71
0055,000078,ANA ROSA PINTO AFANADOR,68
0055,000087,JENNIFER SERNA VANEGAS,68
0055,000082,MARTA LILIANA RODAS CANO,65
0055,000095,TERESA JULITH SIMAHAN VALDERRAMA,63
0055,000083,CRISTIAN JAVIER HERNANDEZ PEREZ,56
0057,000000,SOLO POR LA LISTA,166070
0057,000100,JONATHAN FERNEY PULIDO HERNANDEZ,159956
0057,000039,LUIS CARLOS RUA SANCHEZ,121000
0057,000014,ANDREA PADILLA VILLARRAGA,108960
0057,000005,JOHN EDICKSON AMAYA RODRIGUEZ,104560
0057,000003,ARIEL FERNANDO AVILA MARTINEZ,89581
0057,000020,GUSTAVO ADOLFO MORENO HURTADO,88114
0057,000015,JOSE GUTEMBERG MACEA GOMEZ,73291
0057,000004,DUVALIER SANCHEZ ARANGO,72427
0057,000099,WILDER IBERSON ESCOBAR ORTIZ,67484
0057,000090,LUIS ALFONSO MEJIA NUÑEZ,63005
0057,000013,CARLOS EDUARDO ENRIQUEZ CAICEDO,62555
0057,000022,JAIRO ALBERTO CASTELLANOS SERRANO,58044
0057,000009,JORGE DAVID PASTRANA SAGRE,57931
0057,000007,OLGA LUCIA VELASQUEZ NIETO,56683
0057,000006,JUAN CARLOS BOCANEGRA CHACON,52000
0057,000016,ANTONIO LUIS ZABARAIN LOPEZ,47940
0057,000097,MIGUEL ANDRES FORERO BOLIVAR,45145
0057,000010,ANGELICA LISBETH LOZANO CORREA,37265
0057,000044,SOR BERENICE BEDOYA PEREZ,36230
0057,000038,ARLEY FERNANDO GOMEZ HERNANDEZ,32009
0057,000002,LUVI KATHERINE MIRANDA PEÑA,30085
0057,000087,EYDER MANUEL BENAVIDES AGUAS,25969
0057,000070,GISSELA PALACIOS MOSQUERA,25107
0057,000008,LEON FREDY MUÑOZ LOPERA,24030
0057,000001,LUIS EDUARDO GARZON,19810
0057,000055,CRISTIAN DANILO AVENDAÑO FINO,17520
0057,000026,EDWING FABIAN DIAZ PLATA,15799
0057,000025,ANDRES SANTIAGO LEON PINEDA,13953
0057,000094,ALAN JESUS EDMUNDO JARA URZOLA,11423
0057,000073,JUAN MANUEL CORTES DUEÑAS,10375
0057,000011,INTI RAUL ASPRILLA REYES,9036
0057,000029,JUAN RACHIF CABARCAS RAHMAN,6453
0057,000091,OSCAR IVAN PALACIO TAMAYO,4916
0057,000036,JOSE ALBEIRO CARDENAS LOPEZ,3688
0057,000050,LUIS MIGUEL GOMEZ COTES,2879
0057,000051,RUTH ANGELICA MENA FIGUEROA,2825
0057,000024,MANUEL ANTONIO GARCES GRANJA,2821
0057,000092,JUAN DAVID GOMEZ CAMACHO,2821
0057,000018,WILLIAM JOSE MARTINEZ SEJIN,2527
0057,000028,CARLOS JOSE NAVARRO ORTEGA,2464
0057,000066,CRISTIAN ADOLFO RIVAS DIAZ,2452
0057,000027,OSCAR MANUEL LOPEZ JARAMILLO,2366
0057,000054,ALMA JULIANA CRISTANCHO ACEVEDO,2192
0057,000040,JUAN CARLOS MUÑOZ DIAZ,2120
0057,000052,VICTOR ALFONSO BECERRA SALAZAR,2105
0057,000053,ANA ELIZABETH SANDOVAL MOJICA,2063
0057,000030,AYDA LUCIA GOMEZ URREGO,2061
0057,000077,MARIO ENRIQUE IBAÑEZ RAMIREZ,1905
0057,000033,AUGUSTO RICARDO MORENO CEPEDA,1869
0057,000019,FREDYS MANUEL SAAH ARROYO,1857
0057,000021,SANTIAGO EFRAIN JORY SALAZAR,1856
0057,000041,MONICA MARCELA BEJARANO VARON,1823
0057,000083,BRAYAN MONTOYA TOVAR,1810
0057,000032,MARTHA LUCIA TORRES ORJUELA,1525
0057,000042,JOHANNA ASTRID ZORRO VARGAS,1466
0057,000075,ALVARO HERNANDO VACA BELTRAN,1449
0057,000056,DERLY ALEJANDRA HERNANDEZ LUENGAS,1445
0057,000096,JOSE ERNESTO GUEVARA,1444
0057,000067,CARLOS ANDRES OVALLE MORA,1431
0057,000023,SANTIAGO BERNARDO MUÑOZ DIAZ,1391
0057,000043,WENDY ALEXANDRA TRUJILLO RAMIREZ,1388
0057,000031,MOISES ILDEFONSO CETRE CASTILLO,1373
0057,000063,DIVINA LUZ OBREDOR LUNA,1368
0057,000086,SEBASTIAN ROMERO RESTREPO,1352
0057,000098,MILA MARIA PAZ CAMPAZ,1316
0057,000095,MARCELA PATRICIA MARTINEZ PORTILLA,1305
0057,000034,NODIER MONTOYA ROMERO,1296
0057,000089,DANIELA PAOLA QUITO VELASCO,1267
0057,000045,NESTOR DANIEL GARCIA COLORADO,1231
0057,000057,ERIKA JANNETH CAMACHO BARRIOS,1207
0057,000079,DANIEL FERNANDO RUBIO MARQUEZ,1187
0057,000035,LUZ DARY VALLECILLA GARCIA,1074
0057,000064,HERNAN CASTELLANOS FORIGUA,1062
0057,000093,MARLY YANETH ORJUELA PEÑALOZA,1049
0057,000065,LINA MARIA MONTAÑEZ CRUZ,982
0057,000069,HERMAN LOZANO BAEZ,971
0057,000080,ONE VILLARRUEL RINCON,894
0057,000074,GERVASIO GARCES MORENO,887
0057,000068,FREDY JAVIER JIMENEZ ZARATE,846
0057,000085,GIZETTE MOSQUERA MOSQUERA,846
0057,000062,EUCLIDES RAFAEL ALSINA GRANADOS,823
0057,000072,FRANKLIN BARBOSA BERMUDEZ,782
0057,000048,DUBET ANTONIO MUÑOZ BEDOYA,749
0057,000060,PABLO ANTONIO TORRES RINCON,707
0057,000071,CARLOS ALBERTO SUAREZ ALVAREZ,703
0057,000076,JONATHAN ALEXANDER OSORIO CHACON,696
0057,000078,BLEYDI ROMERO RODRIGUEZ,691
0057,000047,PATRICIA VALENZUELA BUITRAGO,609
0057,000049,JULIETH XIMENA HURTADO PINILLA,608
0057,000084,MARIO ANDRES CARCAMO ANGULO,570
0057,000058,DALIA FERNANDA PINEDA AGUASACO,521
0057,000082,MARIA DEL CARMEN CLAVIJO GOMEZ,512
0057,000081,NATALIE PINO GONZALEZ,508
0057,000046,JORGE LUIS ADECHINY HERNANDEZ,500
0057,000061,JOSE DEL CARMEN ABRIL ABRIL,485
0057,000059,MARIA ADELAIDA GARAVITO VELASQUEZ,408
0092,000000,SOLO POR LA LISTA,4413636
0092,000001,DIANA CAROLINA CORCHO MEJIA,0
0092,000002,PEDRO HERNANDO FLOREZ PORRAS,0
0092,000003,CARMEN PATRICIA CAICEDO OMAR,0
0092,000004,WILSON NEBER ARIAS CASTILLO,0
0092,000005,LAURA CRISTINA AHUMADA GARCIA,0
0092,000006,WALTER ALFONSO RODRIGUEZ CHAPARRO,0
0092,000007,AIDA YOLANDA AVELLA ESQUIVEL,0
0092,000008,FERNEY SILVA IDROBO,0
0092,000009,YULY ESMERALDA HERNANDEZ SILVA,0
0092,000010,CARLOS ALBERTO BENAVIDES MORA,0
0092,000011,SANDRA CLAUDIA CHINDOY JAMIOY,0
0092,000012,JORGE ALEJANDRO OCAMPO GIRALDO,0
0092,000013,MARIA EUGENIA LONDOÑO OCAMPO,0
0092,000014,ALEX XAVIER FLOREZ HERNANDEZ,0
0092,000015,KAMELIA EDITH ZULUAGA NAVARRO,0
0092,000016,AGMETH JOSE ESCAF TIJERINO,0
0092,000017,YAINI ISABEL CONTRERAS JIMENEZ,0
0092,000018,CRISTIAN KEVIN GOMEZ PAZ,0
0092,000019,ISABEL CRISTINA ZULETA LOPEZ,0
0092,000020,MARTIN ALONSO CAICEDO CARABALI,0
0092,000021,DEISY JOHANA OSORIO MARQUEZ,0
0092,000022,DAVID RICARDO RACERO MAYORCA,0
0092,000023,DEYCI ALEJANDRA OMAÑA ORTIZ,0
0092,000024,ORLANDO MIGUEL DE LA HOZ GARCIA,0
0092,000025,MARY JURADO PALOMINO,0
0092,000026,ALBERTO MANUEL GASCON GIRALDO,0
0092,000027,ETNA TAMARA ARGOTE CALDERON,0
0092,000028,LUIS GUILLERMO PEREZ CASAS,0
0092,000029,COLOMBIA SOFIA VILLAMIL QUIROZ,0
0092,000030,ROBERT DAZA GUEVARA,0
0092,000031,JAEL QUIROGA CARRILLO,0
0092,000032,JULIO CESAR GONZALEZ QUICENO,0
0092,000033,NELLYS MARIA CADENA ROJAS,0
0092,000034,DAGOBERTO QUIROGA COLLAZOS,0
0092,000035,ORSINIA PATRICIA POLANCO JUSAYU,0
0092,000036,JORGE ANDRES CANCIMANCE LOPEZ,0
0092,000037,SANDRA YANETH JAIMES CRUZ,0
0092,000038,ALDO ESPINOSA RAPALINO,0
0092,000039,DORINA HERNANDEZ PALOMINO,0
0092,000040,FELICIANO VALENCIA MEDINA,0
0092,000041,ROSSIH AMIRA MARTINEZ SINISTERRA,0
0092,000042,OMAR ANDRES CAMACHO MORALES,0
0092,000043,ROSA DEL CARMEN PEREZ TOVAR,0
0092,000044,ALIRIO URIBE MUÑOZ,0
0092,000045,DORIS PATRICIA CARVAJAL LONDOÑO,0
0092,000046,EDGAR ROMERO MACIAS,0
0092,000047,CLEMENCIA CARABALI RODALLEGA,0
0092,000048,JARRINSON MARTINEZ COLLAZOS,0
0092,000049,ADRIANA MARIA RUIZ HENAO,0
0092,000050,PLUTARCO TAFUR,0
0092,000051,LEYLA MARLENY RINCON TRUJILLO,0
0092,000052,WILMAR FERNEY PARDO SANCHEZ,0
0092,000053,DIANA MARCELA GOMEZ CORREAL,0
0092,000054,DARIO FERNANDO ESCOBAR PEREZ,0
0092,000055,GLORIA LUCERO HERRERA CONTRERAS,0
0092,000056,ARTURO DE JESUS VILLA SERNA,0
0092,000057,JACQUELINE CASTILLO PEÑA,0
0092,000058,ELIECER GERARDO MORALES POLANCO,0
0092,000060,EDUARD GIOVANNY SARMIENTO HIDALGO,0
0092,000061,ANGELICA MARIA GUTIERREZ DAZA,0
0092,000062,JOSE DE JESUS CAMACHO GAMERO,0
0092,000063,LILIA CLEMENCIA SOLANO RAMIREZ,0
0092,000064,YORDY YUNDA PAJOY,0
0092,000065,DIANA CAROLINA MEJIA OVIEDO,0
0092,000066,JAIME CALDERON HERRERA,0
0092,000067,CATALINA DEL SOCORRO PEREZ PEREZ,0
0092,000068,VALENTIN DE LA BARRERA BARRIOS,0
0092,000070,OSCAR JULIO RINCON HERNANDEZ,0
0092,000072,JORGE IVAN VELEZ CALVO,0
0092,000073,MARY ANNE ANDREA PERDOMO GUTIERREZ,0
0092,000074,HORACIO CORREA GARRIDO,0
0092,000075,ROSALBA CARDALES SUAREZ,0
0092,000076,JUAN FELIPE RODRIGUEZ VELEZ,0
0092,000077,LINIBETH CRUZ BAQUERO,0
0092,000078,ANDRES FELIPE RIOS GIRALDO,0
0092,000079,MYRIAM TAMARA CARRERO,0
0092,000081,RUBY STELLA MORALES SIERRA,0
0092,000083,NINFA HERRERA DOMINGUEZ,0
0092,000084,LUIS ENRIQUE FLOREZ AGAMEZ,0
0092,000085,CLEMENTINA RAMIREZ,0
0092,000086,MIGUEL VILLANUEVA VARGAS,0
0092,000087,NUBIA ENRIQUEZ HERNANDEZ,0
0092,000088,MIGUEL HERNAN HERNANDEZ SANCHEZ,0
0092,000089,ALICIA RAMOS PACHECO,0
0092,000090,GERMAN ENRIQUE BAUTISTA JAIMES,0
0092,000091,YAQUELINE ORELLANO PACHECO,0
0092,000092,LUIS GUILLERMO DUARTE ESCOBAR,0
0092,000093,STALIN ANTONIO BALLESTEROS GARCIA,0
0092,000094,MIGUEL HERNANDO MORENO ARCINIEGAS,0
0092,000095,ROLANDO QUINTERO RAMIREZ,0
0092,000096,ALONSO FERNANDEZ GOMEZ,0
0092,000097,JUAN MANUEL MURILLO MARTINEZ,0
0092,000098,ORLANDO RAFAEL MERCADO VALETA,0
0092,000099,ALEXANDER CHALA SAENZ,0
0092,000100,JOSE ANTONIO TAMARA LEON,0
0170,000000,SOLO POR LA LISTA,31725
0170,000004,NELSON JAVIER ALARCON SUAREZ,17382
0170,000003,SANDRA RAMIREZ LOBO SILVA,10505
0170,000001,GLORIA AMPARO DE LAS MERCEDES GAITAN JARAMILLO,7548
0170,000005,DELLMA GUERRERO FLOREZ,3939
0170,000100,MARIO FERNEY HERNANDEZ MORENO,3611
0170,000011,CRUZ FELIPE MORANTES RINCON,3055
0170,000002,LUIS EDUARDO DE LA HOZ LOPEZ,2635
0170,000007,ALEXANDER ANGULO ORDOÑEZ,2487
0170,000010,DANIEL EMILIO MENDOZA LEAL,2383
0170,000008,ANIBAL JOSE LLANOS DE LA CRUZ,2370
0170,000006,TARSICIO RIVERA MUÑOZ,1996
0170,000012,MACEDONIO MENA VALENCIA,1854
0170,000030,ROBERTO LUIS VILLEGAS CUELLO,1467
0170,000019,MOISES GUARIN POVEDA,1272
0170,000013,LUIS CARLOS RUIZ CHUD,1212
0170,000009,NELSON JOSE FUENTES BALLESTA,1183
0170,000037,FRANK ARIEL PETRO MADERA,1147
0170,000015,ALGEMIRO BASTIDAS MARTINEZ,1005
0170,000014,ANLENIS ROSA RANGEL VIDES,992
0170,000017,ORLANDO NIÑO VILLAMIZAR,823
0170,000044,ROSA MARCELA FUQUENE MEDINA,741
0170,000027,MARIA NELA DIAZ MARTINEZ,679
0170,000020,YALILE QUIÑONEZ OBANDO,667
0170,000016,OCTAVIO LOPEZ SIERRA,528
0170,000025,JOHANNA CAROLINA CARDENAS PARRA,501
0170,000026,ROSAURA GUTIERREZ MADRIGAL,479
0170,000055,FABIO ALEJANDRO ROJAS RESTREPO,463
0170,000028,ROSA CRISTINA MORA VILLARREAL,457
0170,000040,JOSE RICARDO LANDAETA LOPEZ,457
0170,000050,PAULA ANDREA OSPINA,429
0170,000029,DAGOBERTO RICO MORALES,424
0170,000031,FERNANDO ARDILA ARIAS,417
0170,000049,ARTURO MANUEL BERMUDEZ MARTINEZ,403
0170,000039,LEANDRO GUTIERREZ MOLINA,385
0170,000042,ALEJANDRO EDILSON ORTIZ RAMOS,383
0170,000041,LIZETH MARIANA PEÑA NIÑO,355
0170,000063,ROBERTO MAYORGA MAYORGA,340
0170,000061,SANDRA ANGULO MINA,319
0170,000022,EDILBERTO ENRIQUE LICONA BUELVAS,314
0170,000024,HERNANDO ARDILA GONZALEZ,310
0170,000038,GINA MARCELA OSUNA OLIVEROS,306
0170,000043,MARIA DE LOS REMEDIOS CHILEGUIT PANA,306
0170,000064,CARLOS GERMAN DIAZ DIAZ,306
0170,000018,CARLOS HUMBERTO RUIZ RAMIREZ,304
0170,000045,RUBEN DARIO LOZADA BARROS,290
0170,000085,DIEGO ARMANDO RUBIANO GUZMAN,283
0170,000051,MAIRA MARIA YANCE ARAUJO,267
0170,000052,MANUEL ANGEL GONZALEZ CRUZ,265
0170,000036,LIZ ALEJANDRA AVILA RODRIGUEZ,262
0170,000057,HERNANDO NARANJO BAYONA,256
0170,000023,ELIZABET AGUILAR RAMIREZ,251
0170,000062,LUIS ENRIQUE HERNANDEZ CARO,231
0170,000054,RICARDO MONROY BENITEZ,220
0170,000058,MATHEO AUGUSTO RINCON GALVIS,188
0170,000053,DAVID SANTIAGO REYES OSORIO,183
0170,000060,PATRICIA RIVERA,175
0170,000056,FREDY ARMANDO CULMA APARICIO,169
0170,000033,JOSE ARISTARCO SIERRA PEREZ,168
0170,000032,DIANA LUCIA CAMACHO DIAZ,134
0170,000046,SIDNEY SANCHEZ ROJAS,112
0170,000034,FERNANDO BAUTISTA CASTAÑEDA,105
0170,000035,ERIKA QUIÑONEZ CONTRERAS,99
0170,000059,NAGUIB ALEXANDER QUESADA MARTINEZ,72
0170,000047,WILSON BURITICA GIRALDO,67
0170,000048,PEDRO TORRES HURTADO,61
