mesa_code,puesto_code,error
1700001010005000001,1700001010005,Server disconnected
0700008000001000016,0700008000001,Server disconnected
1200825000000000043,1200825000000,Server disconnected
1500247020008000002,1500247020008,Expecting value: line 1 column 1 (char 0)
3100001250003000006,3100001250003,HTTP 500
3100001180004000020,3100001180004,Expecting value: line 1 column 1 (char 0)
3100001250003000022,3100001250003,Server disconnected
2700019040007000006,2700019040007,Server disconnected
1300009000000000024,1300009000000,Server disconnected
0500001140001000005,0500001140001,Server disconnected
0900124010001000012,0900124010001,Server disconnected
0500001140001000033,0500001140001,Expecting value: line 1 column 1 (char 0)
3100001150004000009,3100001150004,Server disconnected
16000010800A9000002,16000010800A9,Expecting value: line 1 column 1 (char 0)
2800001010001000009,2800001010001,Expecting value: line 1 column 1 (char 0)
1600001080064000004,1600001080064,Expecting value: line 1 column 1 (char 0)
1100025990043000003,1100025990043,HTTP 500
0500001140002000026,0500001140002,HTTP 500
1600001100013000007,1600001100013,Server disconnected
1500064000001000025,1500064000001,HTTP 500
1600001120015000003,1600001120015,HTTP 500
1500217000002000001,1500217000002,Server disconnected
1500094010007000006,1500094010007,Expecting value: line 1 column 1 (char 0)
1300052000000000012,1300052000000,Server disconnected
1100025990042000002,1100025990042,Server disconnected
0300052050001000006,0300052050001,Server disconnected
1500007000000000013,1500007000000,Expecting value: line 1 column 1 (char 0)
1600001040014000025,1600001040014,Expecting value: line 1 column 1 (char 0)
4400001990076000001,4400001990076,HTTP 500
3100121010003000013,3100121010003,Expecting value: line 1 column 1 (char 0)
1100001010002000031,1100001010002,HTTP 500
2800001010003000022,2800001010003,Expecting value: line 1 column 1 (char 0)
2100001020006000015,2100001020006,HTTP 500
0700079020002000034,0700079020002,Server disconnected
3100001230003000018,3100001230003,Server disconnected
2500001080005000028,2500001080005,Server disconnected
1500040000000000017,1500040000000,Server disconnected
1500052000000000007,1500052000000,Server disconnected
3100034050002000001,3100034050002,Server disconnected
1600001050013000018,1600001050013,Server disconnected
1500040000000000016,1500040000000,Server disconnected
2300080990050000002,2300080990050,HTTP 500
1300037990023000002,1300037990023,Server disconnected
2700160040001000014,2700160040001,Server disconnected
1600001090005000006,1600001090005,Server disconnected
3100001170001000024,3100001170001,Server disconnected
0100280990006000003,0100280990006,Server disconnected
1500070000000000003,1500070000000,"400, message='Expected HTTP/, RTSP/ or ICE/:\n\n  b\'<!DOCTYPE HTML PUBLIC ""-//W3C//DTD HTML 4.01 Transitional//EN"" ""htt"
1500076010005000016,1500076010005,Expecting value: line 1 column 1 (char 0)
1500139020001000026,1500139020001,Expecting value: line 1 column 1 (char 0)
1500097000000000006,1500097000000,HTTP 500
1500112000000000001,1500112000000,HTTP 500
3100064010003000004,3100064010003,Server disconnected
0500059990055000001,0500059990055,Server disconnected
1600001040024000003,1600001040024,Server disconnected
3100064010003000006,3100064010003,Server disconnected
3100079900001000010,3100079900001,Server disconnected
2500001070003000017,2500001070003,Server disconnected
2500001070003000012,2500001070003,Server disconnected
1500112000000000027,1500112000000,Server disconnected
0100121060001000004,0100121060001,Server disconnected
0100121060001000012,0100121060001,Server disconnected
1300013990009000006,1300013990009,Server disconnected
1300019010001000004,1300019010001,Server disconnected
1600001160014000012,1600001160014,Server disconnected
1300022990019000001,1300022990019,"400, message='Expected HTTP/, RTSP/ or ICE/:\n\n  b\'<!DOCTYPE HTML PUBLIC ""-//W3C//DTD HTML 4.01 Transitional//EN"" ""htt"
0100049040006000033,0100049040006,Server disconnected
0300001190001000055,0300001190001,HTTP 500
1500239010001000009,1500239010001,"400, message='Expected HTTP/, RTSP/ or ICE/:\n\n  b\'<!DOCTYPE HTML PUBLIC ""-//W3C//DTD HTML 4.01 Transitional//EN"" ""htt"
3100079040002000007,3100079040002,HTTP 500
1500132000000000004,1500132000000,Server disconnected
2700019010002000002,2700019010002,HTTP 500
3100001070002000035,3100001070002,Server disconnected
2700091030001000025,2700091030001,HTTP 500
1100001060003000005,1100001060003,HTTP 500
1500085990002000003,1500085990002,Server disconnected
2400001110004000028,2400001110004,Server disconnected
2500001090002000025,2500001090002,Server disconnected
1600001190001000036,1600001190001,Server disconnected
1600001040002000015,1600001040002,Server disconnected
1900001010004000005,1900001010004,Server disconnected
3100064030002000010,3100064030002,Server disconnected
1900001010004000017,1900001010004,Server disconnected
0900001090001000012,0900001090001,Expecting value: line 1 column 1 (char 0)
2100052020002000006,2100052020002,HTTP 500
0700079010006000015,0700079010006,Expecting value: line 1 column 1 (char 0)
2100052020002000022,2100052020002,Expecting value: line 1 column 1 (char 0)
1600001080099000004,1600001080099,Expecting value: line 1 column 1 (char 0)
1500198000000000004,1500198000000,Expecting value: line 1 column 1 (char 0)
1500198000000000008,1500198000000,Server disconnected
3100001090004000005,3100001090004,Expecting value: line 1 column 1 (char 0)
2900001080001000009,2900001080001,Server disconnected
1500205000000000007,1500205000000,Server disconnected
3100064020003000011,3100064020003,Server disconnected
3100001130001000006,3100001130001,"400, message='Expected HTTP/, RTSP/ or ICE/:\n\n  b\'<!DOCTYPE HTML PUBLIC ""-//W3C//DTD HTML 4.01 Transitional//EN"" ""htt"
1500247030003000003,1500247030003,Server disconnected
1500247030003000005,1500247030003,Server disconnected
0300001090002000004,0300001090002,Server disconnected
8800380050081000011,8800380050081,Server disconnected
2900001060001000012,2900001060001,Expecting value: line 1 column 1 (char 0)
0300013010001000011,0300013010001,Server disconnected
1500076020004000021,1500076020004,Server disconnected
1500247030007000014,1500247030007,Server disconnected
1300032990070000003,1300032990070,Server disconnected
0500076020002000007,0500076020002,Server disconnected
1200200010002000015,1200200010002,Server disconnected
3100001060004000019,3100001060004,Expecting value: line 1 column 1 (char 0)
0500001100001000012,0500001100001,"400, message='Expected HTTP/, RTSP/ or ICE/:\n\n  b\'"",""apecan2"":"""",""vot"":""0"",""pvot"":""0%"",""carg"":""0"",""pref"":""1"",""empate"""
0900001110004000016,0900001110004,HTTP 500
1500115000001000026,1500115000001,Server disconnected
1500160020007000006,1500160020007,Server disconnected
1200001020004000001,1200001020004,HTTP 500
1300001050004000005,1300001050004,Server disconnected
1600001070002000018,1600001070002,Expecting value: line 1 column 1 (char 0)
1500283000000000007,1500283000000,Server disconnected
1500079000001000023,1500079000001,Server disconnected
1500169010005000009,1500169010005,Server disconnected
0300001200004000003,0300001200004,Server disconnected
0100088010004000012,0100088010004,Server disconnected
3100106020004000003,3100106020004,Server disconnected
1600001070002000028,1600001070002,Server disconnected
0300001200004000047,0300001200004,Server disconnected
0700079020005000015,0700079020005,Server disconnected
0100001160005000005,0100001160005,Server disconnected
1500316000000000002,1500316000000,Server disconnected
2700001150001000030,2700001150001,Server disconnected
0500009990017000002,0500009990017,Server disconnected
1300025990005000001,1300025990005,Server disconnected
3100106020004000004,3100106020004,Server disconnected
2900001990033000004,2900001990033,Expecting value: line 1 column 1 (char 0)
1600001190014000011,1600001190014,Server disconnected
1600001050005000015,1600001050005,Server disconnected
1500319000000000007,1500319000000,Server disconnected
2500001040003000018,2500001040003,Server disconnected
1600001190014000021,1600001190014,Expecting value: line 1 column 1 (char 0)
1600001050005000040,1600001050005,Expecting value: line 1 column 1 (char 0)
1500239010002000007,1500239010002,Expecting value: line 1 column 1 (char 0)
1300001050003000002,1300001050003,Server disconnected
1600001050005000043,1600001050005,Server disconnected
1500323000000000004,1500323000000,Server disconnected
1300001050003000024,1300001050003,Server disconnected
2900046020002000002,2900046020002,Server disconnected
4000001010001000022,4000001010001,Server disconnected
0100230000000000006,0100230000000,Server disconnected
0900001130003000018,0900001130003,Server disconnected
4800010030001000021,4800010030001,HTTP 500
3100001270005000006,3100001270005,HTTP 500
4000001020002000024,4000001020002,Server disconnected
1500214990009000001,1500214990009,HTTP 500
2500061900001000019,2500061900001,"400, message='Expected HTTP/, RTSP/ or ICE/:\n\n  b\':""DIAZ GAITAN"",""nomcan2"":"""",""apecan2"":"""",""vot"":""0"",""pvot"":""0%"",""car"
2400025100002000011,2400025100002,Server disconnected
2900001070008000013,2900001070008,Server disconnected
3100001270005000023,3100001270005,HTTP 500
0300004010001000002,0300004010001,Expecting value: line 1 column 1 (char 0)
1600001010014000019,1600001010014,Server disconnected
1500202000001000018,1500202000001,Server disconnected
0300004010001000016,0300004010001,HTTP 500
1500202000001000021,1500202000001,Server disconnected
1600001190023000016,1600001190023,Server disconnected
3100001230002000005,3100001230002,HTTP 500
1500160010006000006,1500160010006,"400, message='Expected HTTP/, RTSP/ or ICE/:\n\n  b\'<!DOCTYPE HTML PUBLIC ""-//W3C//DTD HTML 4.01 Transitional//EN"" ""htt"
1500232000002000005,1500232000002,HTTP 500
1500247040001000005,1500247040001,Expecting value: line 1 column 1 (char 0)
0500073990013000002,0500073990013,Server disconnected
3100001130004000001,3100001130004,HTTP 500
5200001030005000006,5200001030005,Server disconnected
3100001130004000018,3100001130004,HTTP 500
3100001130004000027,3100001130004,Server disconnected
1200001020001000026,1200001020001,Server disconnected
1200001990070000009,1200001990070,HTTP 500
2700193000002000006,2700193000002,Server disconnected
1500088020002000002,1500088020002,"400, message='Expected HTTP/, RTSP/ or ICE/:\n\n  b\'<!DOCTYPE HTML PUBLIC ""-//W3C//DTD HTML 4.01 Transitional//EN"" ""htt"
2300001060007000004,2300001060007,Expecting value: line 1 column 1 (char 0)
0100035040002000002,0100035040002,Server disconnected
3100001240004000035,3100001240004,HTTP 500
0900001100005000003,0900001100005,Expecting value: line 1 column 1 (char 0)
1200001020003000006,1200001020003,Server disconnected
8800360010082000002,8800360010082,Server disconnected
1700048000000000015,1700048000000,Expecting value: line 1 column 1 (char 0)
2500100010001000002,2500100010001,HTTP 500
1600001110084000011,1600001110084,Expecting value: line 1 column 1 (char 0)
2500100010001000012,2500100010001,Expecting value: line 1 column 1 (char 0)
2400025030002000006,2400025030002,Server disconnected
1900007000000000002,1900007000000,Server disconnected
1600001150010000008,1600001150010,Server disconnected
1900007000000000015,1900007000000,Expecting value: line 1 column 1 (char 0)
1500340010001000026,1500340010001,Server disconnected
8800360400082000003,8800360400082,Server disconnected
1900007000000000014,1900007000000,Server disconnected
1300037990049000001,1300037990049,Server disconnected
1500340010003000017,1500340010003,Server disconnected
1900010000000000039,1900010000000,Server disconnected
2500001100001000015,2500001100001,Expecting value: line 1 column 1 (char 0)
0500084990053000001,0500084990053,Expecting value: line 1 column 1 (char 0)
1600001190026000002,1600001190026,Expecting value: line 1 column 1 (char 0)
1600001190026000014,1600001190026,Server disconnected
1900016000000000001,1900016000000,Server disconnected
1500076020002000002,1500076020002,Server disconnected
1500340010007000003,1500340010007,HTTP 500
1900019000000000008,1900019000000,HTTP 500
2500054010004000005,2500054010004,Server disconnected
1900025000000000007,1900025000000,HTTP 500
4400001990070000005,4400001990070,Expecting value: line 1 column 1 (char 0)
0100013020002000002,0100013020002,Server disconnected
0100088020004000010,0100088020004,Server disconnected
4400007990050000003,4400007990050,Server disconnected
0700277020006000006,0700277020006,Server disconnected
2300001040002000016,2300001040002,Expecting value: line 1 column 1 (char 0)
5200001120002000005,5200001120002,Expecting value: line 1 column 1 (char 0)
0700277020003000012,0700277020003,"400, message='Expected HTTP/, RTSP/ or ICE/:\n\n  b\'n"":""OSCAR LEONARDO"",""apecan"":""VILLAMIZAR MENESES"",""nomcan2"":"""",""ape"
0100247010001000005,0100247010001,Server disconnected
0100139000000000005,0100139000000,Server disconnected
0100139000000000028,0100139000000,timeout
3100001190003000008,3100001190003,timeout
3100106010001000003,3100106010001,timeout
0100214020002000003,0100214020002,"400, message='Expected HTTP/, RTSP/ or ICE/:\n\n  b\'<!DOCTYPE HTML PUBLIC ""-//W3C//DTD HTML 4.01 Transitional//EN"" ""htt"
3100001190003000015,3100001190003,Server disconnected
2500100020003000033,2500100020003,Server disconnected
1500055020003000013,1500055020003,Server disconnected
0100214030004000002,0100214030004,"400, message='Expected HTTP/, RTSP/ or ICE/:\n\n  b\'161977"",""nomcan"":""MARIA EUGENIA"",""apecan"":""LONDO\\xc3\\x91O OCAMPO"""
1900047000000000032,1900047000000,Server disconnected
4000005010002000001,4000005010002,Server disconnected
1500218000001000017,1500218000001,Server disconnected
0100214030004000019,0100214030004,Expecting value: line 1 column 1 (char 0)
4000005010002000012,4000005010002,HTTP 500
1200001020008000008,1200001020008,Server disconnected
3100001260004000026,3100001260004,Server disconnected
2400025030001000023,2400025030001,Expecting value: line 1 column 1 (char 0)
2400001100006000012,2400001100006,Server disconnected
3100079070004000015,3100079070004,Server disconnected
3100079100004000006,3100079100004,Server disconnected
2500001070002000008,2500001070002,Expecting value: line 1 column 1 (char 0)
2500100010004000010,2500100010004,Server disconnected
1900058000000000016,1900058000000,Server disconnected
4000005010003000011,4000005010003,HTTP 500
3100001150002000019,3100001150002,Server disconnected
3100001150002000029,3100001150002,Server disconnected
0100151040002000018,0100151040002,Server disconnected
2500061020004000007,2500061020004,Server disconnected
2500001050006000009,2500001050006,Expecting value: line 1 column 1 (char 0)
2500001020002000007,2500001020002,"400, message='Expected HTTP/, RTSP/ or ICE/:\n\n  b\'<!DOCTYPE HTML PUBLIC ""-//W3C//DTD HTML 4.01 Transitional//EN"" ""htt"
1900074000000000007,1900074000000,"400, message='Expected HTTP/, RTSP/ or ICE/:\n\n  b\'<!DOCTYPE HTML PUBLIC ""-//W3C//DTD HTML 4.01 Transitional//EN"" ""htt"
2700001130004000015,2700001130004,Expecting value: line 1 column 1 (char 0)
4400001020004000009,4400001020004,Server disconnected
0100049090001000002,0100049090001,Expecting value: line 1 column 1 (char 0)
1600001120006000008,1600001120006,Expecting value: line 1 column 1 (char 0)
1900076000000000024,1900076000000,Expecting value: line 1 column 1 (char 0)
3100001900001000018,3100001900001,Server disconnected
3100001900001000016,3100001900001,Server disconnected
1900088000000000007,1900088000000,HTTP 500
0100001320002000017,0100001320002,Server disconnected
1200150010001000011,1200150010001,Server disconnected
2700001030003000003,2700001030003,Server disconnected
2700001030003000026,2700001030003,Server disconnected
0100001020001000018,0100001020001,Server disconnected
8800155050083000002,8800155050083,Server disconnected
0300001010001000026,0300001010001,Server disconnected
0100214020001000016,0100214020001,Server disconnected
1900094000000000014,1900094000000,Expecting value: line 1 column 1 (char 0)
4800018000001000012,4800018000001,Expecting value: line 1 column 1 (char 0)
0100001160003000005,0100001160003,Server disconnected
2400025100001000013,2400025100001,Server disconnected
2100013000000000016,2100013000000,HTTP 500
2100020000000000005,2100020000000,HTTP 500
5000090990050000002,5000090990050,Server disconnected
1500247020004000021,1500247020004,Server disconnected
2700001180001000031,2700001180001,Server disconnected
8800355650083000001,8800355650083,HTTP 500
0100001050008000002,0100001050008,Server disconnected
2100030000000000020,2100030000000,Server disconnected
0100130000000000009,0100130000000,HTTP 500
0100001050008000022,0100001050008,"400, message='Expected HTTP/, RTSP/ or ICE/:\n\n  b\'<!DOCTYPE HTML PUBLIC ""-//W3C//DTD HTML 4.01 Transitional//EN"" ""htt"
2300001050004000003,2300001050004,Server disconnected
0500001200002000022,0500001200002,Server disconnected
0100001260003000013,0100001260003,Server disconnected
0100001260003000014,0100001260003,Server disconnected
0500001200002000021,0500001200002,Server disconnected
0100031010002000007,0100031010002,Server disconnected
1600001160018000009,1600001160018,Server disconnected
1600001140004000018,1600001140004,Server disconnected
2100040000000000016,2100040000000,Server disconnected
0100031010002000006,0100031010002,Server disconnected
0500044990020000001,0500044990020,Server disconnected
2300001050004000008,2300001050004,Server disconnected
5200001070001000007,5200001070001,HTTP 500
0100214030003000003,0100214030003,Server disconnected
0100214030003000002,0100214030003,Server disconnected
2500001080008000001,2500001080008,Server disconnected
2100048000000000014,2100048000000,"400, message='Expected HTTP/, RTSP/ or ICE/:\n\n  b\'odcan"":""25"",""cedula"":""1105670628"",""nomcan"":""DANIEL GEOVANY"",""apecan"
2600001050001000012,2600001050001,HTTP 500
2500001060006000020,2500001060006,"400, message='Expected HTTP/, RTSP/ or ICE/:\n\n  b\'la"":""25161977"",""nomcan"":""MARIA EUGENIA"",""apecan"":""LONDO\\xc3\\x91O "
0100001180004000016,0100001180004,Expecting value: line 1 column 1 (char 0)
2100070000000000006,2100070000000,HTTP 500
0100001010001000004,0100001010001,Server disconnected
0500076020001000007,0500076020001,Server disconnected
0900001030003000002,0900001030003,HTTP 500
1600001180020000001,1600001180020,Server disconnected
1600001060002000001,1600001060002,HTTP 500
1600001060002000023,1600001060002,"400, message='Expected HTTP/, RTSP/ or ICE/:\n\n  b\'Domain-Polici{""elec"":""1"",""amb"":""1600001060002000023"",""tope"":""3"",""nu"
0100035010002000013,0100035010002,Expecting value: line 1 column 1 (char 0)
2900001040001000007,2900001040001,Server disconnected
0300037010003000001,0300037010003,HTTP 500
2100079000000000028,2100079000000,Server disconnected
2100079000000000039,2100079000000,Server disconnected
0900103020001000004,0900103020001,Server disconnected
1100007990066000001,1100007990066,Server disconnected
0100001240003000003,0100001240003,Server disconnected
0100001110002000023,0100001110002,Expecting value: line 1 column 1 (char 0)
2400001030005000007,2400001030005,HTTP 500
3100001990048000002,3100001990048,Server disconnected
0100001230001000018,0100001230001,HTTP 500
2300037000001000007,2300037000001,Server disconnected
6400023020002000015,6400023020002,Server disconnected
1300061000001000035,1300061000001,Expecting value: line 1 column 1 (char 0)
1600001080026000005,1600001080026,Server disconnected
0100076000001000005,0100076000001,Server disconnected
2300039000000000004,2300039000000,Server disconnected
1600001080026000016,1600001080026,Server disconnected
1500100000001000025,1500100000001,Server disconnected
2300041000000000021,2300041000000,Server disconnected
1600001100050000006,1600001100050,Server disconnected
2600001100002000015,2600001100002,Server disconnected
0100001130002000001,0100001130002,HTTP 500
1600001090034000014,1600001090034,Server disconnected
1600001080002000044,1600001080002,HTTP 500
0100001130002000009,0100001130002,Server disconnected
2300047000000000002,2300047000000,Expecting value: line 1 column 1 (char 0)
0100181000000000014,0100181000000,Server disconnected
1200001050007000009,1200001050007,Server disconnected
0100181000000000015,0100181000000,HTTP 500
1300010990021000004,1300010990021,Server disconnected
2300049000000000006,2300049000000,Expecting value: line 1 column 1 (char 0)
2300019990025000003,2300019990025,Expecting value: line 1 column 1 (char 0)
2300055000000000004,2300055000000,Server disconnected
1600001080057000002,1600001080057,HTTP 500
0100001150005000011,0100001150005,Server disconnected
2600001100002000048,2600001100002,Server disconnected
2700082040004000001,2700082040004,Server disconnected
1600001080043000009,1600001080043,Server disconnected
2900001100003000007,2900001100003,Expecting value: line 1 column 1 (char 0)
3100001110002000013,3100001110002,Server disconnected
0100001150005000060,0100001150005,Server disconnected
0300052040003000002,0300052040003,Server disconnected
0100001150006000003,0100001150006,Server disconnected
1600001080044000002,1600001080044,Server disconnected
0100001250005000007,0100001250005,HTTP 500
1600001080054000004,1600001080054,Expecting value: line 1 column 1 (char 0)
2300085000000000012,2300085000000,HTTP 500
2700001050001000038,2700001050001,Server disconnected
2300088000000000009,2300088000000,Server disconnected
8800815350002000013,8800815350002,Expecting value: line 1 column 1 (char 0)
1200608010001000017,1200608010001,HTTP 500
2800280990096000001,2800280990096,HTTP 500
2300095000000000018,2300095000000,Server disconnected
2800001040001000001,2800001040001,Expecting value: line 1 column 1 (char 0)
4400020000002000006,4400020000002,Expecting value: line 1 column 1 (char 0)
2700121020003000001,2700121020003,HTTP 500
3100001020001000005,3100001020001,Server disconnected
2700145000001000017,2700145000001,Server disconnected
2300106000000000012,2300106000000,Server disconnected
0100265000000000010,0100265000000,Server disconnected
0100265000000000012,0100265000000,Server disconnected
8800360400007000001,8800360400007,Server disconnected
0100016000002000021,0100016000002,Server disconnected
3100019050001000031,3100019050001,Server disconnected
8800360400009000003,8800360400009,Expecting value: line 1 column 1 (char 0)
2300109000000000021,2300109000000,Server disconnected
3100001020001000055,3100001020001,Server disconnected
3100022020001000003,3100022020001,Expecting value: line 1 column 1 (char 0)
3100022020001000011,3100022020001,Server disconnected
0100073000000000010,0100073000000,Expecting value: line 1 column 1 (char 0)
3100022020001000014,3100022020001,HTTP 500
2700045010001000014,2700045010001,HTTP 500
0700181020001000007,0700181020001,Server disconnected
8800250030002000020,8800250030002,Server disconnected
2700045020001000014,2700045020001,Server disconnected
0100145000000000003,0100145000000,Server disconnected
2500061010006000011,2500061010006,Server disconnected
1600001100064000004,1600001100064,HTTP 500
2500093010001000030,2500093010001,Server disconnected
2300124000000000005,2300124000000,Server disconnected
4000025020001000003,4000025020001,Server disconnected
2400008000002000011,2400008000002,Expecting value: line 1 column 1 (char 0)
1600001070039000015,1600001070039,"400, message='Expected HTTP/, RTSP/ or ICE/:\n\n  b\'<!DOCTYPE HTML PUBLIC ""-//W3C//DTD HTML 4.01 Transitional//EN"" ""htt"
3100049020001000003,3100049020001,Expecting value: line 1 column 1 (char 0)
0100106030002000004,0100106030002,Server disconnected
2400086020002000006,2400086020002,Server disconnected
1600001020015000019,1600001020015,HTTP 500
0100001130001000029,0100001130001,HTTP 500
1600001110054000029,1600001110054,HTTP 500
1500109020003000001,1500109020003,HTTP 500
4800016990045000014,4800016990045,Server disconnected
2300145000000000004,2300145000000,Server disconnected
4600040010001000013,4600040010001,HTTP 500
0100061000000000013,0100061000000,Server disconnected
1300010010002000005,1300010010002,Server disconnected
1300010010002000007,1300010010002,Server disconnected
0100001110007000007,0100001110007,Server disconnected
1300010010002000019,1300010010002,Expecting value: line 1 column 1 (char 0)
4800001010001000019,4800001010001,Server disconnected
2400070000000000009,2400070000000,Expecting value: line 1 column 1 (char 0)
3100001270003000013,3100001270003,Server disconnected
2700001180003000006,2700001180003,Expecting value: line 1 column 1 (char 0)
2800300010001000002,2800300010001,Expecting value: line 1 column 1 (char 0)
3100001080006000014,3100001080006,HTTP 500
4800001010005000011,4800001010005,Server disconnected
4800001010005000012,4800001010005,Expecting value: line 1 column 1 (char 0)
1700015990085000002,1700015990085,Expecting value: line 1 column 1 (char 0)
0100214010003000002,0100214010003,Server disconnected
1300001040007000004,1300001040007,Server disconnected
4600040020002000005,4600040020002,HTTP 500
3100001010006000001,3100001010006,Server disconnected
1200001050004000005,1200001050004,HTTP 500
0100001220004000002,0100001220004,Server disconnected
0900001120003000012,0900001120003,HTTP 500
3100028010001000010,3100028010001,Server disconnected
2300079000001000010,2300079000001,Server disconnected
2800040020004000013,2800040020004,Expecting value: line 1 column 1 (char 0)
4800011010001000001,4800011010001,HTTP 500
2500036000000000009,2500036000000,Expecting value: line 1 column 1 (char 0)
0100235020001000009,0100235020001,HTTP 500
2700001170001000014,2700001170001,Expecting value: line 1 column 1 (char 0)
3100001210002000004,3100001210002,HTTP 500
1300058010002000011,1300058010002,Server disconnected
2400001020002000017,2400001020002,HTTP 500
2400001020002000021,2400001020002,"400, message='Expected HTTP/, RTSP/ or ICE/:\n\n  b\'""pvot"":""0%"",""carg"":""0"",""pref"":""1"",""empate"":""0""},{""amb"":""15002470600"
0100133010001000016,0100133010001,Server disconnected
1500247060003000009,1500247060003,Server disconnected
1300037990013000008,1300037990013,Expecting value: line 1 column 1 (char 0)
2500001050007000003,2500001050007,Server disconnected
1300058010003000002,1300058010003,Server disconnected
0100088010007000016,0100088010007,Server disconnected
3100001050006000004,3100001050006,Server disconnected
2500055000000000008,2500055000000,Expecting value: line 1 column 1 (char 0)
1600001190059000037,1600001190059,HTTP 500
0100166020001000007,0100166020001,Server disconnected
1300001990039000006,1300001990039,Server disconnected
2700013020003000006,2700013020003,Server disconnected
1600001070019000012,1600001070019,HTTP 500
4400001010008000001,4400001010008,Server disconnected
0300001260003000019,0300001260003,HTTP 500
4600001990019000001,4600001990019,"400, message='Expected HTTP/, RTSP/ or ICE/:\n\n  b\'<!DOCTYPE HTML PUBLIC ""-//W3C//DTD HTML 4.01 Transitional//EN"" ""htt"
0300001230003000017,0300001230003,HTTP 500
0300001260003000026,0300001260003,Server disconnected
2500001020003000017,2500001020003,Server disconnected
1600001110099000013,1600001110099,Server disconnected
0100270990020000006,0100270990020,Server disconnected
0300001260003000028,0300001260003,Server disconnected
0300001160003000013,0300001160003,Server disconnected
0100049040003000007,0100049040003,Server disconnected
0300001160003000012,0300001160003,Server disconnected
6400028990035000002,6400028990035,Server disconnected
0300007020001000002,0300007020001,Server disconnected
2600025000000000015,2600025000000,Server disconnected
2600040000000000001,2600040000000,HTTP 500
7200006990012000003,7200006990012,Server disconnected
2800001020002000010,2800001020002,Server disconnected
2800001020002000012,2800001020002,Expecting value: line 1 column 1 (char 0)
1600001150013000019,1600001150013,Server disconnected
0300001320002000021,0300001320002,Server disconnected
3100106050003000006,3100106050003,Server disconnected
2400001040002000002,2400001040002,Expecting value: line 1 column 1 (char 0)
2500001030002000023,2500001030002,Expecting value: line 1 column 1 (char 0)
0300001350002000003,0300001350002,HTTP 500
1500169010001000013,1500169010001,Server disconnected
3100106060002000035,3100106060002,Server disconnected
0300001350002000011,0300001350002,Server disconnected
1200200020002000018,1200200020002,Server disconnected
0300001350002000010,0300001350002,Server disconnected
2900001090002000010,2900001090002,"400, message='Expected HTTP/, RTSP/ or ICE/:\n\n  b\'<!DOCTYPE HTML PUBLIC ""-//W3C//DTD HTML 4.01 Transitional//EN"" ""htt"
2700040000000000001,2700040000000,HTTP 500
3100001060001000014,3100001060001,Server disconnected
2700043000000000009,2700043000000,Server disconnected
1300019990021000001,1300019990021,Server disconnected
1500328020001000004,1500328020001,HTTP 500
3100001050008000004,3100001050008,Server disconnected
2700052000000000009,2700052000000,Server disconnected
4000001030003000010,4000001030003,HTTP 500
0500043990025000001,0500043990025,Server disconnected
2900109990006000001,2900109990006,Expecting value: line 1 column 1 (char 0)
1100001020002000003,1100001020002,"400, message='Expected HTTP/, RTSP/ or ICE/:\n\n  b\'<!DOCTYPE HTML PUBLIC ""-//W3C//DTD HTML 4.01 Transitional//EN"" ""htt"
8800360570005000005,8800360570005,Server disconnected
1100001020002000001,1100001020002,Server disconnected
0300001210002000030,0300001210002,Server disconnected
4800011020001000005,4800011020001,Server disconnected
2700058000000000021,2700058000000,Server disconnected
0300052030003000010,0300052030003,Server disconnected
1100001020002000026,1100001020002,HTTP 500
3100091990025000001,3100091990025,Server disconnected
1300001010002000019,1300001010002,Expecting value: line 1 column 1 (char 0)
0100103030003000013,0100103030003,"400, message='Expected HTTP/, RTSP/ or ICE/:\n\n  b\'<!DOCTYPE HTML PUBLIC ""-//W3C//DTD HTML 4.01 Transitional//EN"" ""htt"
1500055900001000026,1500055900001,Expecting value: line 1 column 1 (char 0)
2700074000000000013,2700074000000,Server disconnected
1600001180035000007,1600001180035,Server disconnected
1300022020003000008,1300022020003,Server disconnected
8800170050005000001,8800170050005,Server disconnected
0300052120001000030,0300052120001,Server disconnected
8800355050006000002,8800355050006,Server disconnected
0300052120001000036,0300052120001,Server disconnected
0300052120001000043,0300052120001,HTTP 500
0300043020003000009,0300043020003,Server disconnected
4400001040002000005,4400001040002,Server disconnected
2800040990046000001,2800040990046,Expecting value: line 1 column 1 (char 0)
0100214010002000003,0100214010002,Server disconnected
0100214010002000022,0100214010002,Server disconnected
2900079020002000003,2900079020002,Server disconnected
1600001090003000048,1600001090003,Server disconnected
1600001090003000039,1600001090003,Server disconnected
2700001020002000020,2700001020002,HTTP 500
1600001090027000030,1600001090027,HTTP 500
2700001140004000018,2700001140004,HTTP 500
2100095990028000009,2100095990028,Server disconnected
2300001070006000008,2300001070006,Server disconnected
0100121080002000003,0100121080002,Server disconnected
2300001030001000007,2300001030001,HTTP 500
0700277020001000001,0700277020001,Server disconnected
2700163000000000008,2700163000000,Server disconnected
0700001020001000005,0700001020001,Server disconnected
1600001190024000030,1600001190024,Expecting value: line 1 column 1 (char 0)
0700277020001000025,0700277020001,Expecting value: line 1 column 1 (char 0)
1600001190024000037,1600001190024,Expecting value: line 1 column 1 (char 0)
0300001330004000014,0300001330004,HTTP 500
5000001010002000001,5000001010002,Server disconnected
8800360590002000003,8800360590002,Server disconnected
8800360590005000003,8800360590005,Server disconnected
0300001240002000011,0300001240002,Server disconnected
1600001040028000026,1600001040028,Server disconnected
4800001020003000005,4800001020003,Expecting value: line 1 column 1 (char 0)
0300001240001000020,0300001240001,Server disconnected
3100019040003000011,3100019040003,Server disconnected
3100001280004000003,3100001280004,Server disconnected
2100001010003000028,2100001010003,HTTP 500
2700221000000000009,2700221000000,HTTP 500
4600320990015000001,4600320990015,Expecting value: line 1 column 1 (char 0)
3100001990014000018,3100001990014,Server disconnected
1600001130005000023,1600001130005,Expecting value: line 1 column 1 (char 0)
5200001140002000014,5200001140002,Server disconnected
2800001010004000016,2800001010004,Server disconnected
2800060990076000002,2800060990076,Server disconnected
0300022010003000006,0300022010003,Server disconnected
2800020000000000005,2800020000000,Server disconnected
3100106990026000012,3100106990026,HTTP 500
1300058010001000007,1300058010001,Server disconnected
5200005010004000009,5200005010004,Server disconnected
2100079990009000008,2100079990009,Server disconnected
0100001230005000004,0100001230005,Expecting value: line 1 column 1 (char 0)
5200035990002000003,5200035990002,Server disconnected
1600001190025000027,1600001190025,Server disconnected
3100001210005000004,3100001210005,Server disconnected
1200075010005000002,1200075010005,Server disconnected
5200035990002000004,5200035990002,Server disconnected
1300022990015000001,1300022990015,Server disconnected
3100001320002000012,3100001320002,HTTP 500
1600001070010000007,1600001070010,HTTP 500
3100001320002000025,3100001320002,Server disconnected
1600001090015000010,1600001090015,Server disconnected
2800048000000000042,2800048000000,Server disconnected
2800049000000000009,2800049000000,Server disconnected
0700238000000000012,0700238000000,Server disconnected
2800049990070000001,2800049990070,Server disconnected
0500001050005000002,0500001050005,Server disconnected
1100061000001000031,1100061000001,Server disconnected
1300001030006000016,1300001030006,Server disconnected
0300001180001000027,0300001180001,HTTP 500
1300001010006000007,1300001010006,Expecting value: line 1 column 1 (char 0)
1600001110005000039,1600001110005,HTTP 500
1600001170002000002,1600001170002,Expecting value: line 1 column 1 (char 0)
1600001080029000016,1600001080029,Expecting value: line 1 column 1 (char 0)
1300022990025000001,1300022990025,Server disconnected
1600001170002000007,1600001170002,Expecting value: line 1 column 1 (char 0)
1500244000002000010,1500244000002,Server disconnected
0500073990055000001,0500073990055,Server disconnected
2800120000000000010,2800120000000,Expecting value: line 1 column 1 (char 0)
0100001200002000041,0100001200002,Expecting value: line 1 column 1 (char 0)
0300001200003000016,0300001200003,HTTP 500
0300022020003000010,0300022020003,Server disconnected
3100001990053000002,3100001990053,Server disconnected
2800001060002000005,2800001060002,Expecting value: line 1 column 1 (char 0)
2800001060002000028,2800001060002,"400, message='Expected HTTP/, RTSP/ or ICE/:\n\n  b\'2"":"""",""vot"":""0"",""pvot"":""0%"",""carg"":""0"",""pref"":""1"",""empate"":""0""},{""a"
1600001180010000007,1600001180010,Server disconnected
2500001100004000005,2500001100004,Server disconnected
0500001990073000004,0500001990073,HTTP 500
1600001080040000017,1600001080040,Server disconnected
1600001080040000025,1600001080040,Server disconnected
1900022020002000014,1900022020002,Server disconnected
1500247040004000016,1500247040004,Server disconnected
3100079100003000005,3100079100003,"400, message='Expected HTTP/, RTSP/ or ICE/:\n\n  b\'dula"":""25161977"",""nomcan"":""MARIA EUGENIA"",""apecan"":""LONDO\\xc3\\x91"
1500109010001000006,1500109010001,Server disconnected
0100211990070000002,0100211990070,Server disconnected
1500076020007000007,1500076020007,Server disconnected
1300020000001000006,1300020000001,Server disconnected
2600050010001000002,2600050010001,Server disconnected
1600001070050000008,1600001070050,Server disconnected
2100001040001000010,2100001040001,Server disconnected
0300022020002000012,0300022020002,Server disconnected
1600001100037000003,1600001100037,Expecting value: line 1 column 1 (char 0)
0300022020002000026,0300022020002,Server disconnected
2900016000000000007,2900016000000,Server disconnected
3100079100003000015,3100079100003,Server disconnected
1600001100037000011,1600001100037,HTTP 500
1600001110058000033,1600001110058,HTTP 500
4800011020002000016,4800011020002,Expecting value: line 1 column 1 (char 0)
1600001100058000005,1600001100058,Server disconnected
1600001100058000008,1600001100058,Server disconnected
0700277020002000004,0700277020002,Expecting value: line 1 column 1 (char 0)
4800001020001000019,4800001020001,"400, message='Expected HTTP/, RTSP/ or ICE/:\n\n  b\'Domain-Polici{""elec"":""1"",""amb"":""4800001020001000019"",""tope"":""3"",""nu"
2900034000000000018,2900034000000,Expecting value: line 1 column 1 (char 0)
2900034000000000038,2900034000000,"400, message='Expected HTTP/, RTSP/ or ICE/:\n\n  b\'"",""cedula"":""25161977"",""nomcan"":""MARIA EUGENIA"",""apecan"":""LONDO\\xc3"
0100218030004000006,0100218030004,Server disconnected
2900034000000000032,2900034000000,Server disconnected
0300013020003000006,0300013020003,Server disconnected
2300079990005000002,2300079990005,Server disconnected
1200075020004000009,1200075020004,HTTP 500
2100001070002000005,2100001070002,Server disconnected
2100001070002000006,2100001070002,Server disconnected
2400001990005000013,2400001990005,HTTP 500
2400001010004000001,2400001010004,Server disconnected
2100001070002000023,2100001070002,Server disconnected
1500076020010000016,1500076020010,Expecting value: line 1 column 1 (char 0)
2100055990009000009,2100055990009,Server disconnected
1500076020010000020,1500076020010,Server disconnected
2900070000000000039,2900070000000,Server disconnected
3100082010001000005,3100082010001,Expecting value: line 1 column 1 (char 0)
0300046010002000021,0300046010002,Server disconnected
23001399900B2000001,23001399900B2,Server disconnected
0300037010001000002,0300037010001,Server disconnected
2900087000000000002,2900087000000,Server disconnected
3100001260002000010,3100001260002,Server disconnected
0300001240004000018,0300001240004,Server disconnected
0100121100004000025,0100121100004,Server disconnected
2900087000000000013,2900087000000,Server disconnected
1600001190034000003,1600001190034,Server disconnected
3100001260002000025,3100001260002,Server disconnected
1600001110090000002,1600001110090,Server disconnected
1600001110087000008,1600001110087,Server disconnected
1600001110031000047,1600001110031,Server disconnected
2300001010005000009,2300001010005,Server disconnected
0100049900002000006,0100049900002,Server disconnected
0300001250001000018,0300001250001,Server disconnected
1600001070070000001,1600001070070,HTTP 500
5200001070004000013,5200001070004,Server disconnected
2900089000000000037,2900089000000,Server disconnected
2900091000000000009,2900091000000,HTTP 500
2900091000000000008,2900091000000,"400, message='Expected HTTP/, RTSP/ or ICE/:\n\n  b\'<!DOCTYPE HTML PUBLIC ""-//W3C//DTD HTML 4.01 Transitional//EN"" ""htt"
1700001010007000001,1700001010007,Server disconnected
1600001070070000014,1600001070070,Server disconnected
2900091000000000002,2900091000000,Server disconnected
3100001330001000030,3100001330001,Server disconnected
3100091980001000001,3100091980001,Server disconnected
1700001980001000001,1700001980001,Server disconnected
2900094000000000011,2900094000000,Server disconnected
2100073990001000001,2100073990001,Server disconnected
5200048990060000001,5200048990060,HTTP 500
2900052000002000008,2900052000002,Server disconnected
0300001380002000014,0300001380002,Server disconnected
0500001990071000002,0500001990071,HTTP 500
1600001110020000006,1600001110020,"400, message='Expected HTTP/, RTSP/ or ICE/:\n\n  b\'dula"":""41321675"",""nomcan"":""CECILIA"",""apecan"":""ARISTIZABAL MORA"",""no"
0900001030001000017,0900001030001,Server disconnected
1600001110020000011,1600001110020,Server disconnected
0500001990021000001,0500001990021,Server disconnected
2900103000000000035,2900103000000,Server disconnected
0700079010002000003,0700079010002,"400, message='Expected HTTP/, RTSP/ or ICE/:\n\n  b\'"":""0""},{""amb"":""2900076020002000001"",""codcan"":""25"",""cedula"":""1019077"
1200410010001000022,1200410010001,Expecting value: line 1 column 1 (char 0)
2400001020004000010,2400001020004,Expecting value: line 1 column 1 (char 0)
0700079020001000002,0700079020001,Server disconnected
0700079020001000010,0700079020001,Server disconnected
2100016020006000005,2100016020006,Server disconnected
0100001210001000026,0100001210001,Server disconnected
1600001160001000025,1600001160001,Server disconnected
1500292020001000011,1500292020001,Server disconnected
0100001260004000004,0100001260004,Server disconnected
2700082040005000009,2700082040005,HTTP 500
0100001130003000001,0100001130003,Server disconnected
2500001080006000013,2500001080006,Server disconnected
2700082040005000022,2700082040005,Server disconnected
1500247990005000003,1500247990005,HTTP 500
2400025060001000016,2400025060001,Server disconnected
2500001080007000010,2500001080007,Server disconnected
2500001080007000009,2500001080007,Server disconnected
1600001190013000012,1600001190013,"400, message='Expected HTTP/, RTSP/ or ICE/:\n\n  b\'<!DOCTYPE HTML PUBLIC ""-//W3C//DTD HTML 4.01 Transitional//EN"" ""htt"
0100001010003000002,0100001010003,Server disconnected
2300031990005000001,2300031990005,Server disconnected
2400001060005000004,2400001060005,Server disconnected
0300043010001000010,0300043010001,Expecting value: line 1 column 1 (char 0)
0300052100006000003,0300052100006,Server disconnected
1300049990005000008,1300049990005,Server disconnected
2900058010001000005,2900058010001,Expecting value: line 1 column 1 (char 0)
0300052040002000015,0300052040002,Server disconnected
2400062000002000006,2400062000002,Expecting value: line 1 column 1 (char 0)
2500093990060000002,2500093990060,Expecting value: line 1 column 1 (char 0)
1600001080027000007,1600001080027,HTTP 500
1600001110026000004,1600001110026,Server disconnected
3100106030002000002,3100106030002,"400, message='Expected HTTP/, RTSP/ or ICE/:\n\n  b\'N"",""apecan"":""AREVALO PEREZ"",""nomcan2"":"""",""apecan2"":"""",""vot"":""0"",""pv"
3100079020004000021,3100079020004,"400, message='Expected HTTP/, RTSP/ or ICE/:\n\n  b\'a"":""25161977"",""nomcan"":""MARIA EUGENIA"",""apecan"":""LONDO\\xc3\\x91O O"
3100001040001000015,3100001040001,Server disconnected
0500037990017000002,0500037990017,Server disconnected
0100035020001000013,0100035020001,Server disconnected
1600001090026000001,1600001090026,Server disconnected
0300001120002000017,0300001120002,Server disconnected
0100035020002000010,0100035020002,Server disconnected
0100001170001000015,0100001170001,Server disconnected
6800001990019000001,6800001990019,Server disconnected
0700067020002000019,0700067020002,Server disconnected
0300001120002000014,0300001120002,Server disconnected
6800013990050000002,6800013990050,Server disconnected
0100035020002000015,0100035020002,Server disconnected
0100001170001000020,0100001170001,Server disconnected
3100025000000000035,3100025000000,Server disconnected
1600001110030000005,1600001110030,Server disconnected
3100055010003000006,3100055010003,Server disconnected
0100001310003000034,0100001310003,Server disconnected
1300013990012000001,1300013990012,Server disconnected
0300001120003000023,0300001120003,HTTP 500
3100040000000000005,3100040000000,Server disconnected
0900124020003000004,0900124020003,Server disconnected
0300052050002000006,0300052050002,Server disconnected
1600001020006000010,1600001020006,Server disconnected
3100079070002000010,3100079070002,Server disconnected
0300052050002000002,0300052050002,Server disconnected
3100040000000000010,3100040000000,Server disconnected
1600001100044000005,1600001100044,Server disconnected
2800160020002000006,2800160020002,Server disconnected
0100013010001000009,0100013010001,Server disconnected
1100001010001000010,1100001010001,Server disconnected
2400008000001000005,2400008000001,Server disconnected
0300052090003000010,0300052090003,Server disconnected
0100013010001000008,0100013010001,Server disconnected
0300052010002000006,0300052010002,Server disconnected
0100289000000000012,0100289000000,Server disconnected
2300039990060000001,2300039990060,Server disconnected
2500061020003000017,2500061020003,Expecting value: line 1 column 1 (char 0)
0100055990001000006,0100055990001,HTTP 500
4400001030003000014,4400001030003,Server disconnected
2300001020001000029,2300001020001,Server disconnected
3100052000000000012,3100052000000,Expecting value: line 1 column 1 (char 0)
3100058000000000036,3100058000000,Server disconnected
0300013030002000010,0300013030002,Server disconnected
8800305020002000001,8800305020002,Server disconnected
1600001080005000016,1600001080005,Expecting value: line 1 column 1 (char 0)
2800220990069000002,2800220990069,Expecting value: line 1 column 1 (char 0)
0500001200001000044,0500001200001,Expecting value: line 1 column 1 (char 0)
3100085000000000002,3100085000000,Expecting value: line 1 column 1 (char 0)
1100058000001000011,1100058000001,HTTP 500
2500076990004000001,2500076990004,HTTP 500
0100001150003000011,0100001150003,Server disconnected
1600001060011000001,1600001060011,Expecting value: line 1 column 1 (char 0)
1600001100030000007,1600001100030,Server disconnected
0500028990029000002,0500028990029,Server disconnected
1600001120024000007,1600001120024,HTTP 500
0100121020003000004,0100121020003,HTTP 500
3100100000000000011,3100100000000,HTTP 500
1300010020002000025,1300010020002,"400, message='Expected HTTP/, RTSP/ or ICE/:\n\n  b\'""empate"":""0""},{""amb"":""1200001030001000018"",""codcan"":""20"",""cedula"":"""
3100100000000000002,3100100000000,Expecting value: line 1 column 1 (char 0)
1100022990004000001,1100022990004,Expecting value: line 1 column 1 (char 0)
0100035010001000014,0100035010001,Expecting value: line 1 column 1 (char 0)
3100103000001000012,3100103000001,HTTP 500
1600001050018000018,1600001050018,Expecting value: line 1 column 1 (char 0)
0100001120008000002,0100001120008,Expecting value: line 1 column 1 (char 0)
2100016010005000002,2100016010005,HTTP 500
0100205010001000007,0100205010001,Expecting value: line 1 column 1 (char 0)
0100001260001000034,0100001260001,HTTP 500
0100192000001000047,0100192000001,Server disconnected
4000015000000000005,4000015000000,HTTP 500
4800016990020000008,4800016990020,Server disconnected
1300001020001000016,1300001020001,Server disconnected
0300001310001000011,0300001310001,Server disconnected
1100025990005000002,1100025990005,Server disconnected
0100192000001000057,0100192000001,Server disconnected
2500001030004000029,2500001030004,Server disconnected
0100034000000000007,0100034000000,Server disconnected
1600001100086000003,1600001100086,Server disconnected
1600001100057000026,1600001100057,HTTP 500
0300052070004000013,0300052070004,Server disconnected
3100001250002000003,3100001250002,Server disconnected
2300121990001000003,2300121990001,Server disconnected
2100016020004000017,2100016020004,Server disconnected
0100091000000000020,0100091000000,Server disconnected
4400005000000000039,4400005000000,Server disconnected
0500118990001000001,0500118990001,Expecting value: line 1 column 1 (char 0)
2100012990020000004,2100012990020,HTTP 500
1700040990013000001,1700040990013,Expecting value: line 1 column 1 (char 0)
1600001060030000004,1600001060030,Server disconnected
0100172990001000002,0100172990001,Server disconnected
2300139030004000005,2300139030004,Server disconnected
2300139030004000013,2300139030004,Server disconnected
3100001190006000009,3100001190006,Server disconnected
3100001190006000016,3100001190006,Server disconnected
1500169020008000008,1500169020008,Server disconnected
1500094020011000001,1500094020011,Server disconnected
1900061010008000001,1900061010008,"400, message='Expected HTTP/, RTSP/ or ICE/:\n\n  b\'an"":""OSCAR LEONARDO"",""apecan"":""VILLAMIZAR MENESES"",""nomcan2"":"""",""ap"
1600001100056000006,1600001100056,Server disconnected
1300001990031000003,1300001990031,Server disconnected
1600001110078000013,1600001110078,Server disconnected
0100035040003000009,0100035040003,HTTP 500
2100016020007000017,2100016020007,Server disconnected
2100025990011000001,2100025990011,Server disconnected
16000010800A7000010,16000010800A7,Server disconnected
2100010010002000008,2100010010002,Server disconnected
1600001070015000007,1600001070015,"400, message='Expected HTTP/, RTSP/ or ICE/:\n\n  b\'<!DOCTYPE HTML PUBLIC ""-//W3C//DTD HTML 4.01 Transitional//EN"" ""htt"
1100028990049000001,1100028990049,Server disconnected
0100049110002000032,0100049110002,Server disconnected
1600001070015000016,1600001070015,HTTP 500
0100121090002000016,0100121090002,Server disconnected
0100035020003000008,0100035020003,Server disconnected
2700167990030000001,2700167990030,Server disconnected
2400013990065000002,2400013990065,HTTP 500
0100151900001000008,0100151900001,Expecting value: line 1 column 1 (char 0)
0100001140003000021,0100001140003,Expecting value: line 1 column 1 (char 0)
1300043000001000011,1300043000001,Server disconnected
0500001020001000024,0500001020001,Server disconnected
0100001320003000012,0100001320003,Server disconnected
1500340020005000012,1500340020005,Server disconnected
0300001140003000011,0300001140003,HTTP 500
4800006000000000010,4800006000000,Server disconnected
1600001190045000009,1600001190045,HTTP 500
0900115990001000001,0900115990001,"400, message='Expected HTTP/, RTSP/ or ICE/:\n\n  b\'Set-Cook{""elec"":""1"",""amb"":""0900115990001000001"",""tope"":""3"",""numact"""
0100121100002000017,0100121100002,Server disconnected
0100058020001000006,0100058020001,Expecting value: line 1 column 1 (char 0)
1600001120008000012,1600001120008,HTTP 500
0100058020001000011,0100058020001,Expecting value: line 1 column 1 (char 0)
2400001070002000007,2400001070002,Server disconnected
1600001080001000016,1600001080001,Server disconnected
0100217990002000001,0100217990002,Server disconnected
0100079000000000004,0100079000000,Server disconnected
5200010000000000020,5200010000000,HTTP 500
1600001010001000009,1600001010001,Server disconnected
1600001040008000028,1600001040008,Server disconnected
1600001040008000023,1600001040008,Server disconnected
2800001010002000016,2800001010002,Server disconnected
1600001050012000004,1600001050012,Server disconnected
1600001010025000012,1600001010025,HTTP 500
2800049990093000001,2800049990093,Server disconnected
1300034990020000001,1300034990020,Server disconnected
0100121090004000020,0100121090004,Server disconnected
1600001080016000008,1600001080016,Server disconnected
1600001190029000028,1600001190029,Server disconnected
4600001020005000002,4600001020005,HTTP 500
1600001080016000032,1600001080016,Expecting value: line 1 column 1 (char 0)
0100290000001000015,0100290000001,HTTP 500
1600001080019000021,1600001080019,Expecting value: line 1 column 1 (char 0)
1600001160015000020,1600001160015,Server disconnected
1900055990002000003,1900055990002,Server disconnected
0100241000000000024,0100241000000,Server disconnected
1300009990011000002,1300009990011,Server disconnected
2600001080002000010,2600001080002,Server disconnected
1600001080019000043,1600001080019,Server disconnected
2600001080002000016,2600001080002,Server disconnected
2100070990017000003,2100070990017,HTTP 500
1600001120010000006,1600001120010,Expecting value: line 1 column 1 (char 0)
0500001990003000010,0500001990003,Server disconnected
5200045000000000012,5200045000000,HTTP 500
0300001070001000024,0300001070001,Server disconnected
4800002990040000004,4800002990040,Server disconnected
0100262990007000001,0100262990007,Server disconnected
8800435050084000002,8800435050084,Server disconnected
3100106990004000002,3100106990004,Server disconnected
1300052990001000001,1300052990001,Server disconnected
1300007000001000008,1300007000001,Server disconnected
3100079090003000014,3100079090003,Server disconnected
0300001070001000033,0300001070001,Server disconnected
0100187990005000001,0100187990005,Server disconnected
0900127990002000001,0900127990002,Server disconnected
2400078000002000006,2400078000002,HTTP 500
2100095990049000007,2100095990049,"400, message='Expected HTTP/, RTSP/ or ICE/:\n\n  b\'<!DOCTYPE HTML PUBLIC ""-//W3C//DTD HTML 4.01 Transitional//EN"" ""htt"
2600001040001000001,2600001040001,"400, message='Expected HTTP/, RTSP/ or ICE/:\n\n  b\'<!DOCTYPE HTML PUBLIC ""-//W3C//DTD HTML 4.01 Transitional//EN"" ""htt"
1600001010017000017,1600001010017,Expecting value: line 1 column 1 (char 0)
4600880020001000015,4600880020001,Server disconnected
0100121040002000025,0100121040002,HTTP 500
5200050000000000034,5200050000000,HTTP 500
1300049000002000016,1300049000002,HTTP 500
1600001180058000001,1600001180058,Server disconnected
5200055000000000006,5200055000000,Server disconnected
5200050000000000051,5200050000000,Server disconnected
1100082990017000001,1100082990017,Server disconnected
0100001320001000023,0100001320001,Server disconnected
1600001110011000025,1600001110011,HTTP 500
0100013990005000007,0100013990005,Server disconnected
1600001070073000001,1600001070073,Expecting value: line 1 column 1 (char 0)
5200060000001000003,5200060000001,HTTP 500
0100001320004000008,0100001320004,Expecting value: line 1 column 1 (char 0)
1600001100021000009,1600001100021,HTTP 500
1600001110039000014,1600001110039,Server disconnected
5200074000000000003,5200074000000,Server disconnected
1600001100042000034,1600001100042,Server disconnected
0900076020001000014,0900076020001,Server disconnected
1600001100042000043,1600001100042,Expecting value: line 1 column 1 (char 0)
0900076020001000028,0900076020001,HTTP 500
1600001190046000032,1600001190046,HTTP 500
0100178030001000013,0100178030001,Expecting value: line 1 column 1 (char 0)
0100022000000000016,0100022000000,HTTP 500
1600001110089000023,1600001110089,Server disconnected
0900001030005000014,0900001030005,Server disconnected
1600001110089000035,1600001110089,Server disconnected
0500001130004000020,0500001130004,Server disconnected
0500001130004000019,0500001130004,Server disconnected
0100280990014000008,0100280990014,Server disconnected
0100148000000000001,0100148000000,Expecting value: line 1 column 1 (char 0)
0300001370001000001,0300001370001,HTTP 500
1600001190021000001,1600001190021,HTTP 500
1600001070001000031,1600001070001,Server disconnected
6400018000001000009,6400018000001,Server disconnected
0700250000000000003,0700250000000,HTTP 500
1300010990040000002,1300010990040,HTTP 500
1600001110017000014,1600001110017,Server disconnected
2100012990035000005,2100012990035,Server disconnected
1600001110017000032,1600001110017,Server disconnected
1600001110017000035,1600001110017,Expecting value: line 1 column 1 (char 0)
1900001020001000021,1900001020001,HTTP 500
3100055990033000001,3100055990033,Server disconnected
2100016020002000012,2100016020002,Server disconnected
1700016990001000001,1700016990001,Expecting value: line 1 column 1 (char 0)
1700016990001000002,1700016990001,Server disconnected
6800001000001000003,6800001000001,Expecting value: line 1 column 1 (char 0)
1200410020001000015,1200410020001,"400, message='Expected HTTP/, RTSP/ or ICE/:\n\n  b\'<!DOCTYPE HTML PUBLIC ""-//W3C//DTD HTML 4.01 Transitional//EN"" ""htt"
1600001100001000035,1600001100001,HTTP 500
1600001100001000037,1600001100001,"400, message='Expected HTTP/, RTSP/ or ICE/:\n\n  b\'{""elec"":""1"",""amb"":""1600001100001000037"",""tope"":""-1"",""numact"":""0"",""n"
1200001050001000002,1200001050001,HTTP 500
0900001130005000004,0900001130005,Server disconnected
7200006000000000005,7200006000000,HTTP 500
2700169990028000008,2700169990028,Server disconnected
2700045990001000002,2700045990001,Expecting value: line 1 column 1 (char 0)
0300052030001000014,0300052030001,Server disconnected
1600001110028000003,1600001110028,Server disconnected
0300052030001000015,0300052030001,Server disconnected
1600001070021000017,1600001070021,Server disconnected
1600001010031000008,1600001010031,Server disconnected
0100001080001000009,0100001080001,Server disconnected
0300052100002000003,0300052100002,Server disconnected
0500007990001000002,0500007990001,Server disconnected
3100106900001000008,3100106900001,Expecting value: line 1 column 1 (char 0)
2600050020001000024,2600050020001,Server disconnected
3100001320004000004,3100001320004,Server disconnected
6400018990040000002,6400018990040,"400, message='Expected HTTP/, RTSP/ or ICE/:\n\n  b\'\\\'unsafe-inlin{""elec"":""1"",""amb"":""6400018990040000002"",""tope"":""3"","
8800250100002000022,8800250100002,Server disconnected
1600001080006000005,1600001080006,Server disconnected
1100007990075000001,1100007990075,Server disconnected
0100280010001000018,0100280010001,Server disconnected
1600001070022000033,1600001070022,HTTP 500
0500001190004000006,0500001190004,Expecting value: line 1 column 1 (char 0)
1900061020003000014,1900061020003,Server disconnected
6400025990015000001,6400025990015,HTTP 500
1600001190070000003,1600001190070,HTTP 500
2500100010002000004,2500100010002,Server disconnected
1600001110057000014,1600001110057,HTTP 500
1300037990075000001,1300037990075,Server disconnected
2300001050003000022,2300001050003,Server disconnected
0100151020001000028,0100151020001,Server disconnected
2800040990075000002,2800040990075,Server disconnected
0100151020001000048,0100151020001,Server disconnected
0700001010002000013,0700001010002,Server disconnected
2500064010001000008,2500064010001,Server disconnected
1600001900001000158,1600001900001,HTTP 500
1600001120001000008,1600001120001,Server disconnected
1600001010028000013,1600001010028,Server disconnected
2100010990001000005,2100010990001,Server disconnected
3100076990011000001,3100076990011,HTTP 500
1600001900001000196,1600001900001,Expecting value: line 1 column 1 (char 0)
3100001320005000004,3100001320005,Server disconnected
5200049990060000001,5200049990060,Server disconnected
3100064040002000006,3100064040002,Server disconnected
2800300990089000001,2800300990089,HTTP 500
2300001990024000007,2300001990024,Server disconnected
0700079020003000009,0700079020003,Expecting value: line 1 column 1 (char 0)
1600001900001000219,1600001900001,Server disconnected
1100086990020000001,1100086990020,Server disconnected
3100001320005000016,3100001320005,Server disconnected
1600001900001000238,1600001900001,HTTP 500
3100001990065000001,3100001990065,Server disconnected
1100088990021000002,1100088990021,Server disconnected
0300019000000000002,0300019000000,"400, message='Expected HTTP/, RTSP/ or ICE/:\n\n  b\'"",""codcan"":""5"",""cedula"":""12566890"",""nomcan"":""DIDIER"",""apecan"":""LOBO"
0100270010001000009,0100270010001,Server disconnected
8800355030002000015,8800355030002,Server disconnected
1900001060004000001,1900001060004,Server disconnected
2800260010002000002,2800260010002,Server disconnected
2700001110001000006,2700001110001,Server disconnected
0300019000000000004,0300019000000,Server disconnected
0100001200001000027,0100001200001,Server disconnected
1500244990001000001,1500244990001,Server disconnected
1900001060004000015,1900001060004,HTTP 500
0300052030005000002,0300052030005,Expecting value: line 1 column 1 (char 0)
1600001110086000028,1600001110086,Server disconnected
1600001170001000008,1600001170001,Server disconnected
8800355700002000006,8800355700002,"400, message='Expected HTTP/, RTSP/ or ICE/:\n\n  b\'an"":""40"",""cedula"":""35600781"",""nomcan"":""AURA VANESSA"",""apecan"":""AGUI"
5200001090001000011,5200001090001,Server disconnected
0300040000000000002,0300040000000,HTTP 500
5200001010001000019,5200001010001,HTTP 500
0900001990002000001,0900001990002,Server disconnected
1600001190054000005,1600001190054,Server disconnected
0300040000000000019,0300040000000,Server disconnected
1600001110027000031,1600001110027,HTTP 500
1300022990009000007,1300022990009,Expecting value: line 1 column 1 (char 0)
3100106040002000007,3100106040002,Expecting value: line 1 column 1 (char 0)
3100001990026000001,3100001990026,HTTP 500
8800815050006000002,8800815050006,Expecting value: line 1 column 1 (char 0)
1600001130007000001,1600001130007,HTTP 500
2700094990005000001,2700094990005,"400, message='Expected HTTP/, RTSP/ or ICE/:\n\n  b\'<!DOCTYPE HTML PUBLIC ""-//W3C//DTD HTML 4.01 Transitional//EN"" ""htt"
0300016990021000003,0300016990021,Server disconnected
1500247050007000005,1500247050007,Expecting value: line 1 column 1 (char 0)
2900058020001000001,2900058020001,Expecting value: line 1 column 1 (char 0)
0500005000000000010,0500005000000,Expecting value: line 1 column 1 (char 0)
2700037990001000002,2700037990001,Expecting value: line 1 column 1 (char 0)
3100001020003000009,3100001020003,Expecting value: line 1 column 1 (char 0)
3100001020003000010,3100001020003,Expecting value: line 1 column 1 (char 0)
0900034990002000003,0900034990002,HTTP 500
0100151060003000010,0100151060003,Expecting value: line 1 column 1 (char 0)
4000025010001000005,4000025010001,HTTP 500
0500013000000000002,0500013000000,Server disconnected
2400001100005000013,2400001100005,Expecting value: line 1 column 1 (char 0)
1600001070008000021,1600001070008,Expecting value: line 1 column 1 (char 0)
1600001070008000032,1600001070008,Server disconnected
0900001060002000023,0900001060002,Server disconnected
2300079990080000002,2300079990080,HTTP 500
1600001060006000030,1600001060006,HTTP 500
1600001060006000026,1600001060006,Server disconnected
0300052060004000011,0300052060004,Server disconnected
2300079990080000003,2300079990080,Server disconnected
0500014000000000005,0500014000000,Server disconnected
1600001160040000014,1600001160040,Server disconnected
2400025020004000008,2400025020004,Server disconnected
1200225010001000009,1200225010001,Server disconnected
8800330050002000017,8800330050002,Server disconnected
0100178020002000018,0100178020002,Server disconnected
0500001140003000020,0500001140003,Server disconnected
0500018000000000008,0500018000000,Server disconnected
1600001140006000019,1600001140006,HTTP 500
2400001050002000040,2400001050002,HTTP 500
1600001100018000019,1600001100018,Expecting value: line 1 column 1 (char 0)
1600001110047000022,1600001110047,HTTP 500
2600001020001000001,2600001020001,Expecting value: line 1 column 1 (char 0)
7200006990042000001,7200006990042,HTTP 500
1600001100019000012,1600001100019,Expecting value: line 1 column 1 (char 0)
0300001030004000027,0300001030004,HTTP 500
1600001100017000005,1600001100017,HTTP 500
2400001990096000004,2400001990096,Expecting value: line 1 column 1 (char 0)
0100280020001000003,0100280020001,HTTP 500
1900061990015000005,1900061990015,Expecting value: line 1 column 1 (char 0)
0100187990001000001,0100187990001,HTTP 500
1100001030001000014,1100001030001,HTTP 500
0500084000000000015,0500084000000,Server disconnected
3100049010004000014,3100049010004,Server disconnected
2900001070007000002,2900001070007,HTTP 500
2400001030002000001,2400001030002,"400, message='Expected HTTP/, RTSP/ or ICE/:\n\n  b\'161977"",""nomcan"":""MARIA EUGENIA"",""apecan"":""LONDO\\xc3\\x91O OCAMPO"""
6000001020003000013,6000001020003,Expecting value: line 1 column 1 (char 0)
1600001070068000004,1600001070068,Server disconnected
1600001070068000006,1600001070068,Server disconnected
1500247010003000005,1500247010003,Server disconnected
4400009000001000003,4400009000001,HTTP 500
4400009000001000011,4400009000001,Expecting value: line 1 column 1 (char 0)
0300001050001000038,0300001050001,HTTP 500
1600001110035000034,1600001110035,Expecting value: line 1 column 1 (char 0)
2900001060003000021,2900001060003,HTTP 500
0500001220002000017,0500001220002,Expecting value: line 1 column 1 (char 0)
0500094000000000044,0500094000000,Server disconnected
2900001060003000033,2900001060003,Expecting value: line 1 column 1 (char 0)
0500095000000000003,0500095000000,Server disconnected
2400046020001000010,2400046020001,HTTP 500
1600001150009000007,1600001150009,Expecting value: line 1 column 1 (char 0)
1600001160008000006,1600001160008,Server disconnected
0500001040002000004,0500001040002,Server disconnected
1500247040002000006,1500247040002,Expecting value: line 1 column 1 (char 0)
0500001050001000025,0500001050001,HTTP 500
2500093990040000010,2500093990040,Expecting value: line 1 column 1 (char 0)
0500097000000000015,0500097000000,Expecting value: line 1 column 1 (char 0)
2700121010001000003,2700121010001,Expecting value: line 1 column 1 (char 0)
2300142010001000012,2300142010001,Server disconnected
0500124000000000002,0500124000000,Server disconnected
1600001110092000005,1600001110092,Server disconnected
1200800000000000010,1200800000000,HTTP 500
3100034010006000005,3100034010006,Server disconnected
1600001060009000005,1600001060009,Server disconnected
2500001100003000028,2500001100003,Server disconnected
2700001060001000012,2700001060001,Server disconnected
01000019900A6000004,01000019900A6,Expecting value: line 1 column 1 (char 0)
1600001040037000002,1600001040037,Server disconnected
2400001990022000003,2400001990022,HTTP 500
0500001190002000010,0500001190002,Server disconnected
0100001010008000014,0100001010008,HTTP 500
3100001130005000009,3100001130005,HTTP 500
0900049020002000003,0900049020002,Server disconnected
1200001060002000015,1200001060002,Server disconnected
1600001060009000034,1600001060009,HTTP 500
2400001100003000012,2400001100003,Server disconnected
1100034990031000002,1100034990031,Server disconnected
4800016990015000010,4800016990015,Server disconnected
1300019990005000005,1300019990005,Expecting value: line 1 column 1 (char 0)
0700046000000000012,0700046000000,Server disconnected
1100034000000000008,1100034000000,Server disconnected
0700055000000000003,0700055000000,Server disconnected
1300043000002000007,1300043000002,Server disconnected
1900034990005000001,1900034990005,Expecting value: line 1 column 1 (char 0)
1500169010009000004,1500169010009,Server disconnected
0100049010006000015,0100049010006,Server disconnected
1600001120025000016,1600001120025,Server disconnected
5200074990040000011,5200074990040,Server disconnected
5200074990040000010,5200074990040,Server disconnected
1300001060001000011,1300001060001,Server disconnected
0700068000000000003,0700068000000,Server disconnected
0300058990005000003,0300058990005,Server disconnected
1500109010002000016,1500109010002,Server disconnected
2900001110002000008,2900001110002,Server disconnected
0700077000000000002,0700077000000,Expecting value: line 1 column 1 (char 0)
0300052080003000003,0300052080003,Expecting value: line 1 column 1 (char 0)
2800001040003000003,2800001040003,HTTP 500
3100001180006000023,3100001180006,HTTP 500
1500160020008000009,1500160020008,Server disconnected
0700088000000000013,0700088000000,HTTP 500
5400007990017000004,5400007990017,HTTP 500
8800355030086000004,8800355030086,HTTP 500
1700001010003000023,1700001010003,Server disconnected
3100061000001000017,3100061000001,Server disconnected
1200415990012000001,1200415990012,Server disconnected
0100151010001000024,0100151010001,HTTP 500
2500001040008000025,2500001040008,Server disconnected
1100091990087000001,1100091990087,Server disconnected
0100001100003000004,0100001100003,Expecting value: line 1 column 1 (char 0)
0700100000000000034,0700100000000,Expecting value: line 1 column 1 (char 0)
5200001060002000016,5200001060002,HTTP 500
8800330100086000001,8800330100086,Server disconnected
0700100000000000033,0700100000000,Server disconnected
0100231000000000003,0100231000000,Server disconnected
0700106000000000004,0700106000000,Expecting value: line 1 column 1 (char 0)
8800465050086000005,8800465050086,HTTP 500
2900001080009000007,2900001080009,Expecting value: line 1 column 1 (char 0)
2400001030006000003,2400001030006,Server disconnected
0100127000001000025,0100127000001,Server disconnected
1600001130014000005,1600001130014,Server disconnected
1600001130014000011,1600001130014,Server disconnected
8800355050086000010,8800355050086,Server disconnected
1600001040055000003,1600001040055,Server disconnected
1300022990002000001,1300022990002,Server disconnected
1900034010003000017,1900034010003,HTTP 500
0700130000000000005,0700130000000,HTTP 500
8800250030086000002,8800250030086,Server disconnected
4000005990071000002,4000005990071,Server disconnected
3100001200003000031,3100001200003,Expecting value: line 1 column 1 (char 0)
0500097990003000001,0500097990003,Server disconnected
1300001050005000001,1300001050005,Expecting value: line 1 column 1 (char 0)
8800380050086000011,8800380050086,Server disconnected
1500340020008000003,1500340020008,HTTP 500
1500340020008000008,1500340020008,HTTP 500
1900001060002000005,1900001060002,Server disconnected
0700160000000000001,0700160000000,Expecting value: line 1 column 1 (char 0)
1300028990003000005,1300028990003,Expecting value: line 1 column 1 (char 0)
0700058990001000001,0700058990001,HTTP 500
3100001030005000003,3100001030005,Expecting value: line 1 column 1 (char 0)
0700160000000000054,0700160000000,Server disconnected
23001399900D1000001,23001399900D1,Server disconnected
1200001990092000003,1200001990092,Expecting value: line 1 column 1 (char 0)
0500097990050000002,0500097990050,Server disconnected
3100001080005000009,3100001080005,HTTP 500
0100001080005000007,0100001080005,Expecting value: line 1 column 1 (char 0)
2800080990070000003,2800080990070,Server disconnected
1500094020010000013,1500094020010,Server disconnected
0700166000000000014,0700166000000,Expecting value: line 1 column 1 (char 0)
2900001030007000005,2900001030007,Server disconnected
1600001030002000001,1600001030002,Expecting value: line 1 column 1 (char 0)
1200608010002000006,1200608010002,Server disconnected
2300139990022000001,2300139990022,Server disconnected
3100001040003000021,3100001040003,Expecting value: line 1 column 1 (char 0)
1600001190012000051,1600001190012,Expecting value: line 1 column 1 (char 0)
1300001020005000006,1300001020005,HTTP 500
5400001020002000015,5400001020002,Server disconnected
0700226000000000007,0700226000000,Server disconnected
1300001030002000027,1300001030002,Server disconnected
1600001020003000034,1600001020003,Server disconnected
3100010990026000001,3100010990026,Server disconnected
1500094990050000009,1500094990050,Expecting value: line 1 column 1 (char 0)
4800005990022000004,4800005990022,HTTP 500
4800005990022000008,4800005990022,HTTP 500
2700001060003000014,2700001060003,HTTP 500
2500001070008000002,2500001070008,Server disconnected
0900115990012000001,0900115990012,Expecting value: line 1 column 1 (char 0)
2500001070008000003,2500001070008,Expecting value: line 1 column 1 (char 0)
2900097990002000003,2900097990002,Expecting value: line 1 column 1 (char 0)
1600001080075000003,1600001080075,Server disconnected
3100031990040000001,3100031990040,"400, message='Expected HTTP/, RTSP/ or ICE/:\n\n  b\'<!DOCTYPE HTML PUBLIC ""-//W3C//DTD HTML 4.01 Transitional//EN"" ""htt"
0100160000000000011,0100160000000,Server disconnected
3100031990038000013,3100031990038,Server disconnected
1300010020001000013,1300010020001,Server disconnected
1600001100014000024,1600001100014,Server disconnected
1200075990096000001,1200075990096,Server disconnected
4600320990010000001,4600320990010,Server disconnected
2900040010002000001,2900040010002,HTTP 500
2900040010002000002,2900040010002,Expecting value: line 1 column 1 (char 0)
3100001990019000008,3100001990019,Server disconnected
1600001070064000005,1600001070064,Server disconnected
0500031000001000006,0500031000001,Server disconnected
1700001010002000023,1700001010002,Server disconnected
1900022010001000022,1900022010001,Server disconnected
2300091990005000001,2300091990005,HTTP 500
4600880010002000014,4600880010002,Expecting value: line 1 column 1 (char 0)
5200020000001000012,5200020000001,"400, message='Expected HTTP/, RTSP/ or ICE/:\n\n  b\'<!DOCTYPE HTML PUBLIC ""-//W3C//DTD HTML 4.01 Transitional//EN"" ""htt"
4400007990045000003,4400007990045,"400, message='Expected HTTP/, RTSP/ or ICE/:\n\n  b\'<!DOCTYPE HTML PUBLIC ""-//W3C//DTD HTML 4.01 Transitional//EN"" ""htt"
3100079010001000006,3100079010001,HTTP 500
0700307000000000026,0700307000000,Server disconnected
1600001150002000008,1600001150002,Expecting value: line 1 column 1 (char 0)
3100097020002000016,3100097020002,Server disconnected
0700313000000000003,0700313000000,Expecting value: line 1 column 1 (char 0)
1600001180021000021,1600001180021,HTTP 500
0100205020002000002,0100205020002,HTTP 500
16000010800A6000003,16000010800A6,Server disconnected
1600001150005000005,1600001150005,Server disconnected
8800250200002000008,8800250200002,Server disconnected
2600001090005000016,2600001090005,HTTP 500
8800360050002000009,8800360050002,HTTP 500
2800220020001000002,2800220020001,Server disconnected
5000001020002000016,5000001020002,Server disconnected
1600001150005000024,1600001150005,Server disconnected
2800220020001000001,2800220020001,Server disconnected
1600001150005000025,1600001150005,Server disconnected
0100001080003000017,0100001080003,HTTP 500
1600001080013000011,1600001080013,HTTP 500
1600001160029000001,1600001160029,HTTP 500
0700346000000000014,0700346000000,Server disconnected
0900001130001000017,0900001130001,Expecting value: line 1 column 1 (char 0)
3100001060002000025,3100001060002,HTTP 500
0900052000000000008,0900052000000,Server disconnected
0500079990005000001,0500079990005,Server disconnected
0100004000000000040,0100004000000,Server disconnected
3100034990033000012,3100034990033,Server disconnected
1600001130011000005,1600001130011,Server disconnected
0100049020006000032,0100049020006,HTTP 500
1500055010002000024,1500055010002,Server disconnected
3100124020001000020,3100124020001,Server disconnected
1600001030009000023,1600001030009,HTTP 500
0700277020005000027,0700277020005,Server disconnected
0100250010001000002,0100250010001,Server disconnected
1500247020001000005,1500247020001,HTTP 500
0100250010001000008,0100250010001,Server disconnected
1100064010001000006,1100064010001,Server disconnected
3100118990017000001,3100118990017,Server disconnected
4600001010003000010,4600001010003,Server disconnected
1500247020001000028,1500247020001,Server disconnected
2400001080001000033,2400001080001,HTTP 500
1700012990045000001,1700012990045,Server disconnected
0900115000000000019,0900115000000,Server disconnected
2300112990017000001,2300112990017,Server disconnected
2300067020001000031,2300067020001,Server disconnected
0100136000000000015,0100136000000,Server disconnected
0900120000000000001,0900120000000,Server disconnected
2700001120001000011,2700001120001,Server disconnected
2300067020001000028,2300067020001,Server disconnected
0300035990035000009,0300035990035,Server disconnected
2400001080004000004,2400001080004,Server disconnected
3100079020003000001,3100079020003,Server disconnected
0900004990003000002,0900004990003,Server disconnected
0100136000000000016,0100136000000,Server disconnected
2400001080004000005,2400001080004,Server disconnected
2700001120001000019,2700001120001,Server disconnected
1600001180015000010,1600001180015,Server disconnected
0900127000000000001,0900127000000,Server disconnected
1600001040004000009,1600001040004,HTTP 500
1600001010006000031,1600001010006,Server disconnected
0100106040001000002,0100106040001,Server disconnected
1100005000000000015,1100005000000,"400, message='Expected HTTP/, RTSP/ or ICE/:\n\n  b\'a"":""25161977"",""nomcan"":""MARIA EUGENIA"",""apecan"":""LONDO\\xc3\\x91O O"
1100005000000000024,1100005000000,Server disconnected
1600001070016000001,1600001070016,Server disconnected
1100006000000000016,1100006000000,Server disconnected
1100001050003000020,1100001050003,Expecting value: line 1 column 1 (char 0)
2400001100001000029,2400001100001,Server disconnected
1100007000000000009,1100007000000,Expecting value: line 1 column 1 (char 0)
1200900990042000002,1200900990042,Expecting value: line 1 column 1 (char 0)
3100079030004000021,3100079030004,Expecting value: line 1 column 1 (char 0)
1500067000001000024,1500067000001,HTTP 500
2600001070004000007,2600001070004,HTTP 500
0500070990005000005,0500070990005,Expecting value: line 1 column 1 (char 0)
1100022000000000023,1100022000000,Server disconnected
3100079020005000005,3100079020005,Expecting value: line 1 column 1 (char 0)
1600001060004000002,1600001060004,Expecting value: line 1 column 1 (char 0)
1200001900001000017,1200001900001,Server disconnected
0100133010002000024,0100133010002,HTTP 500
1600001040003000008,1600001040003,HTTP 500
1600001070032000004,1600001070032,Server disconnected
1100029000000000009,1100029000000,Expecting value: line 1 column 1 (char 0)
0900034010002000021,0900034010002,HTTP 500
1900001010002000030,1900001010002,Server disconnected
5200001900001000016,5200001900001,Server disconnected
0900013000001000014,0900013000001,Server disconnected
0900013000001000015,0900013000001,Server disconnected
2100031010002000003,2100031010002,Server disconnected
2500054020002000003,2500054020002,Server disconnected
2900073990025000003,2900073990025,HTTP 500
0500009990035000001,0500009990035,Server disconnected
1100060000000000001,1100060000000,Server disconnected
2300001060004000017,2300001060004,Server disconnected
0500001010002000010,0500001010002,Server disconnected
3100001020004000005,3100001020004,Server disconnected
0300049020001000010,0300049020001,HTTP 500
3100001020004000018,3100001020004,Server disconnected
1100070000000000004,1100070000000,Server disconnected
1100070000000000007,1100070000000,Server disconnected
1100070000000000005,1100070000000,Server disconnected
1600001080025000008,1600001080025,Expecting value: line 1 column 1 (char 0)
2700169000001000009,2700169000001,HTTP 500
2100016010001000004,2100016010001,HTTP 500
0900001040001000014,0900001040001,Server disconnected
0100218030002000016,0100218030002,Server disconnected
0500079020004000009,0500079020004,Server disconnected
0100151040001000013,0100151040001,HTTP 500
3100064020005000005,3100064020005,HTTP 500
1200170000000000021,1200170000000,Server disconnected
1500247060008000003,1500247060008,HTTP 500
2700160030001000008,2700160030001,Server disconnected
0300052100005000001,0300052100005,Server disconnected
0300052010001000004,0300052010001,HTTP 500
1200525990087000001,1200525990087,HTTP 500
0100001110008000008,0100001110008,HTTP 500
0100001110008000015,0100001110008,Expecting value: line 1 column 1 (char 0)
3100001250004000040,3100001250004,Server disconnected
01002809900A1000018,01002809900A1,Server disconnected
1300022010002000002,1300022010002,Server disconnected
1100046990013000001,1100046990013,Server disconnected
1300022010002000007,1300022010002,Server disconnected
0100070020002000022,0100070020002,Server disconnected
1200625000000000008,1200625000000,Server disconnected
0500001140004000007,0500001140004,Server disconnected
1100001010003000004,1100001010003,Server disconnected
1300001050002000011,1300001050002,Server disconnected
2100049020002000014,2100049020002,HTTP 500
1100029990050000002,1100029990050,HTTP 500
0100001240007000031,0100001240007,HTTP 500
4800001030006000023,4800001030006,Server disconnected
0100001140002000010,0100001140002,"400, message='Expected HTTP/, RTSP/ or ICE/:\n\n  b\':"""",""vot"":""2"",""pvot"":""1,24%"",""carg"":""0"",""pref"":""1"",""empate"":""0""},{"""
2500064020005000020,2500064020005,HTTP 500
2100001050001000004,2100001050001,Server disconnected
1600001080042000022,1600001080042,Server disconnected
1200720000000000022,1200720000000,HTTP 500
1500175000002000004,1500175000002,Server disconnected
