codigo_onpe,nombre,tipo_organizacion,nacional,color_claro,color_oscuro,metodo
jne-4,ACCION POPULAR,PARTIDOS POLITICOS,1,#8c1d2c,#c2405a,conocido
jne-2980,AHORA NACION - AN,PARTIDOS POLITICOS,1,#f08a8f,#f7b0b4,conocido
jne-3028,ALIANZA ELECTORAL VENCEREMOS,ALIANZAS ELECTORALES,0,#664082,#8b5dac,rueda
jne-2809,ALIANZA LIBERTAD MADREDIOSENSE,MOVIMIENTOS REGIONALES O DEPARTAMENTALES,0,#958d50,#b6ae7c,rueda
jne-1257,ALIANZA PARA EL PROGRESO,PARTIDOS POLITICOS,1,#1f5fd1,#4f8cff,conocido
jne-3036,ALIANZA REGIONAL POR EL PERU,ALIANZAS ELECTORALES,0,#824064,#ac5d88,rueda
jne-3034,ALIANZA RENOVACION POPULAR Y TORO,ALIANZAS ELECTORALES,1,#4fc1ec,#80d4f3,grupo:3040
jne-3032,APP - LA CHOLITA,ALIANZAS ELECTORALES,1,#1f5fd1,#4f8cff,grupo:1257
jne-3031,APP - TRABAJA AYACUCHO,ALIANZAS ELECTORALES,1,#1f5fd1,#4f8cff,grupo:1257
jne-142,"AREQUIPA, TRADICION Y FUTURO",MOVIMIENTOS REGIONALES O DEPARTAMENTALES,0,#50957b,#7cb6a0,rueda
jne-3038,ASI - JUNTOS POR EL PERU,ALIANZAS ELECTORALES,1,#8fd16a,#a8de8a,grupo:1264
jne-2173,AVANZA PAIS - PARTIDO DE INTEGRACION SOCIAL,PARTIDOS POLITICOS,1,#d6249f,#ea6cc4,conocido
jne-2984,BATALLA PERU,PARTIDOS POLITICOS,1,#507395,#7c99b6,rueda
jne-2982,COALICION TRANSFORMADORA TIERRA VERDE,PARTIDOS POLITICOS,1,#aa747f,#c3a2a9,rueda
jne-332,CONCERTACION PARA EL DESARROLLO REGIONAL - LIMA,MOVIMIENTOS REGIONALES O DEPARTAMENTALES,0,#408246,#5dac64,rueda
jne-3046,"COOPERACION, VERDAD Y HONRADEZ",ALIANZAS ELECTORALES,0,#6a5095,#927cb6,rueda
jne-2898,FE EN EL PERU,PARTIDOS POLITICOS,1,#aa9874,#c3b8a2,rueda
jne-2901,FRENTE POPULAR AGRICOLA FIA DEL PERU,PARTIDOS POLITICOS,1,#40827f,#5daca9,rueda
jne-2911,FRENTE REGIONAL TUPAC,MOVIMIENTOS REGIONALES O DEPARTAMENTALES,0,#955084,#b67ca7,rueda
jne-1393,FUERZA AREQUIPEÑA,MOVIMIENTOS REGIONALES O DEPARTAMENTALES,0,#8caa74,#b1c3a2,rueda
jne-3009,FUERZA CIUDADANA,PARTIDOS POLITICOS,1,#404b82,#5d6aac,rueda
jne-1366,FUERZA POPULAR,PARTIDOS POLITICOS,1,#f2831f,#ff8f2a,conocido
jne-1264,JUNTOS POR EL PERU,PARTIDOS POLITICOS,1,#8fd16a,#a8de8a,conocido
jne-2381,KAUSACHUN,MOVIMIENTOS REGIONALES O DEPARTAMENTALES,0,#6f4082,#955dac,rueda
jne-2933,LIBERTAD POPULAR,PARTIDOS POLITICOS,1,#959550,#b5b67c,rueda
jne-1388,MOVIMIENTO INDEPENDIENTE FUERZA REGIONAL,MOVIMIENTOS REGIONALES O DEPARTAMENTALES,0,#749aaa,#a2b9c3,rueda
jne-2432,MOVIMIENTO INDEPENDIENTE REGIONAL FUERZA TACNA,MOVIMIENTOS REGIONALES O DEPARTAMENTALES,0,#82405b,#ac5d7e,rueda
jne-2162,MOVIMIENTO INDEPENDIENTE REGIONAL HUANUCO PRIMERO,MOVIMIENTOS REGIONALES O DEPARTAMENTALES,0,#599550,#83b67c,rueda
jne-2951,MOVIMIENTO POLITICO REGIONAL CAJAMARCA RENACE,MOVIMIENTOS REGIONALES O DEPARTAMENTALES,0,#7d74aa,#a7a2c3,rueda
jne-2938,MOVIMIENTO POLITICO UNIDOS POR EL DESARROLLO DE HUANUCO - UDH,MOVIMIENTOS REGIONALES O DEPARTAMENTALES,0,#825e40,#ac825d,rueda
jne-40,MOVIMIENTO REGIONAL AMAZONENSE UNIDOS AL CAMPO,MOVIMIENTOS REGIONALES O DEPARTAMENTALES,0,#509584,#7cb6a8,rueda
jne-2307,MOVIMIENTO REGIONAL AREQUIPA AVANCEMOS,MOVIMIENTOS REGIONALES O DEPARTAMENTALES,0,#aa74a7,#c3a2c2,rueda
jne-2878,MOVIMIENTO REGIONAL VICTORIA AMAZONENSE,MOVIMIENTOS REGIONALES O DEPARTAMENTALES,0,#6c8240,#91ac5d,rueda
jne-2351,NUEVA ESPERANZA,MOVIMIENTOS REGIONALES O DEPARTAMENTALES,0,#506a95,#7c92b6,rueda
jne-2930,PARTIDO APRISTA PERUANO,PARTIDOS POLITICOS,1,#aa7478,#c3a2a4,rueda
jne-2941,PARTIDO CIVICO OBRAS,PARTIDOS POLITICOS,1,#40824e,#5dac6e,rueda
jne-3033,PARTIDO DE LOS TRABAJADORES Y EMPRENDEDORES PTE PERU - COMUNIDAD POLITICA INKA PERU,ALIANZAS ELECTORALES,0,#735095,#997cb6,rueda
jne-2961,PARTIDO DEL BUEN GOBIERNO,PARTIDOS POLITICOS,1,#aa9f74,#c3bca2,rueda
jne-2867,PARTIDO DEMOCRATA UNIDO PERU,PARTIDOS POLITICOS,1,#407c82,#5da5ac,rueda
jne-2895,PARTIDO DEMOCRATA VERDE,PARTIDOS POLITICOS,1,#0aa150,#2fd07a,logo
jne-14,PARTIDO DEMOCRATICO SOMOS PERU,PARTIDOS POLITICOS,1,#0f9b8e,#3fc9bb,operador
jne-3045,PARTIDO DEMOCRATICO SOMOS PERU,ALIANZAS ELECTORALES,1,#0f9b8e,#3fc9bb,operador
jne-2857,PARTIDO FRENTE DE LA ESPERANZA 2021,PARTIDOS POLITICOS,1,#6b8e23,#a3a83a,logo
jne-2840,PARTIDO MORADO,PARTIDOS POLITICOS,1,#6a3fa0,#9b74d0,conocido
jne-2956,PARTIDO PAIS PARA TODOS,PARTIDOS POLITICOS,1,#b8860b,#e0ab2e,conocido
jne-2869,PARTIDO PATRIOTICO DEL PERU,PARTIDOS POLITICOS,1,#8c9550,#aeb67c,rueda
jne-2979,PARTIDO POLITICO ADP,PARTIDOS POLITICOS,1,#7493aa,#a2b5c3,rueda
jne-2985,PARTIDO POLITICO INTEGRIDAD DEMOCRATICA,PARTIDOS POLITICOS,1,#824053,#ac5d74,rueda
jne-2218,PARTIDO POLITICO NACIONAL PERU LIBRE,PARTIDOS POLITICOS,1,#4a0b10,#7a3b2a,conocido
jne-2932,PARTIDO POLITICO PERU ACCION,PARTIDOS POLITICOS,1,#8474aa,#aca2c3,rueda
jne-2925,PARTIDO POLITICO PERU PRIMERO,PARTIDOS POLITICOS,1,#d7261e,#f0675f,conocido
jne-2921,PARTIDO POLITICO PRIN,PARTIDOS POLITICOS,1,#50958d,#7cb6af,rueda
jne-3001,PARTIDO POLITICO PUEBLO CONSCIENTE,PARTIDOS POLITICOS,1,#aa74a0,#c3a2bd,rueda
jne-3005,PARTIDO POLITICO TODO CON EL PUEBLO,PARTIDOS POLITICOS,1,#638240,#87ac5d,rueda
jne-2943,PARTIDO POPULAR CRISTIANO - PPC,PARTIDOS POLITICOS,1,#1e7b3c,#2a8a49,conocido
jne-3007,"PARTIDO POR EL ENTENDIMIENTO, RECUPERACION Y LA UNIFICACION DEL PERU",PARTIDOS POLITICOS,1,#4fc1ec,#80d4f3,grupo:3040
jne-2935,PARTIDO SICREO,PARTIDOS POLITICOS,1,#408256,#5dac78,rueda
jne-2944,PARTIDO UNIDAD Y PAZ,PARTIDOS POLITICOS,1,#7c5095,#a17cb6,rueda
jne-2924,PERU MODERNO,PARTIDOS POLITICOS,1,#aaa674,#c3c1a2,rueda
jne-2731,PODEMOS PERU,PARTIDOS POLITICOS,1,#1b2a6b,#a3acdb,conocido
jne-2931,"PRIMERO LA GENTE - COMUNIDAD, ECOLOGIA, LIBERTAD Y PROGRESO",PARTIDOS POLITICOS,1,#955072,#b67c99,rueda
jne-2967,PROGRESEMOS,PARTIDOS POLITICOS,1,#d4c400,#ede04a,logo
jne-3040,RENOVACION POPULAR PERU,ALIANZAS ELECTORALES,1,#4fc1ec,#80d4f3,conocido
jne-2171,RENOVACION TUMBESINA,MOVIMIENTOS REGIONALES O DEPARTAMENTALES,0,#956b50,#b6927c,rueda
jne-2927,SALVEMOS AL PERU,PARTIDOS POLITICOS,1,#74aa98,#a2c3b8,rueda
jne-2881,SOCIOS POR ANCASH,MOVIMIENTOS REGIONALES O DEPARTAMENTALES,0,#804082,#a95dac,rueda
jne-2998,UN CAMINO DIFERENTE,PARTIDOS POLITICOS,1,#839550,#a7b67c,rueda
jne-2958,UNIDOS POR TACNA,MOVIMIENTOS REGIONALES O DEPARTAMENTALES,0,#748caa,#a2b1c3,rueda
jne-2722,UNION REGIONAL,MOVIMIENTOS REGIONALES O DEPARTAMENTALES,0,#82404a,#ac5d6a,rueda
jne-2917,VAMOS MOQUEGUA,MOVIMIENTOS REGIONALES O DEPARTAMENTALES,0,#50955a,#7cb684,rueda
jne-2988,VISION PERU,PARTIDOS POLITICOS,1,#8b74aa,#b0a2c3,rueda
jne-2970,VIVA PUNO,MOVIMIENTOS REGIONALES O DEPARTAMENTALES,0,#826f40,#ac965d,rueda
jne-2744,YO AREQUIPA,MOVIMIENTOS REGIONALES O DEPARTAMENTALES,0,#509595,#7cb5b6,rueda
