departamento,provincia,consejeros_directos,consejeros_adicionales,consejeros_total
AMAZONAS,BAGUA,1,1,2
AMAZONAS,BONGARA,1,0,1
AMAZONAS,CHACHAPOYAS,1,0,1
AMAZONAS,CONDORCANQUI,1,1,2
AMAZONAS,LUYA,1,0,1
AMAZONAS,RODRIGUEZ DE MENDOZA,1,0,1
AMAZONAS,UTCUBAMBA,1,1,2
ANCASH,AIJA,1,0,1
ANCASH,ANTONIO RAIMONDI,1,0,1
ANCASH,ASUNCION,1,0,1
ANCASH,BOLOGNESI,1,0,1
ANCASH,CARHUAZ,1,1,2
ANCASH,CARLOS FERMIN FITZCARRALD,1,0,1
ANCASH,CASMA,1,0,1
ANCASH,CORONGO,1,0,1
ANCASH,HUARAZ,1,1,2
ANCASH,HUARI,1,1,2
ANCASH,HUARMEY,1,0,1
ANCASH,HUAYLAS,1,1,2
ANCASH,MARISCAL LUZURIAGA,1,0,1
ANCASH,OCROS,1,0,1
ANCASH,PALLASCA,1,0,1
ANCASH,POMABAMBA,1,0,1
ANCASH,RECUAY,1,0,1
ANCASH,SANTA,1,0,1
ANCASH,SIHUAS,1,0,1
ANCASH,YUNGAY,1,1,2
APURIMAC,ABANCAY,1,1,2
APURIMAC,ANDAHUAYLAS,1,1,2
APURIMAC,ANTABAMBA,1,0,1
APURIMAC,AYMARAES,1,0,1
APURIMAC,CHINCHEROS,1,1,2
APURIMAC,COTABAMBAS,1,1,2
APURIMAC,GRAU,1,0,1
AREQUIPA,AREQUIPA,1,5,6
AREQUIPA,CAMANA,1,0,1
AREQUIPA,CARAVELI,1,0,1
AREQUIPA,CASTILLA,1,1,2
AREQUIPA,CAYLLOMA,1,1,2
AREQUIPA,CONDESUYOS,1,0,1
AREQUIPA,ISLAY,1,0,1
AREQUIPA,LA UNION,1,1,2
AYACUCHO,CANGALLO,1,1,2
AYACUCHO,HUAMANGA,1,2,3
AYACUCHO,HUANCA SANCOS,1,0,1
AYACUCHO,HUANTA,1,1,2
AYACUCHO,LA MAR,1,1,2
AYACUCHO,LUCANAS,1,1,2
AYACUCHO,PARINACOCHAS,1,0,1
AYACUCHO,PAUCAR DEL SARA SARA,1,0,1
AYACUCHO,SUCRE,1,0,1
AYACUCHO,VICTOR FAJARDO,1,0,1
AYACUCHO,VILCAS HUAMAN,1,0,1
CAJAMARCA,CAJABAMBA,1,0,1
CAJAMARCA,CAJAMARCA,1,3,4
CAJAMARCA,CELENDIN,1,0,1
CAJAMARCA,CHOTA,1,1,2
CAJAMARCA,CONTUMAZA,1,1,2
CAJAMARCA,CUTERVO,1,1,2
CAJAMARCA,HUALGAYOC,1,0,1
CAJAMARCA,JAEN,1,1,2
CAJAMARCA,SAN IGNACIO,1,1,2
CAJAMARCA,SAN MARCOS,1,0,1
CAJAMARCA,SAN MIGUEL,1,0,1
CAJAMARCA,SAN PABLO,1,0,1
CAJAMARCA,SANTA CRUZ,1,0,1
CALLAO,CALLAO,1,3,4
CALLAO,VENTANILLA,1,2,3
CALLAO,BELLAVISTA,1,0,1
CALLAO,LA PERLA,1,0,1
CALLAO,CARMEN DE LA LEGUA-REYNOSO,1,0,1
CALLAO,LA PUNTA,1,0,1
CALLAO,MI PERU,1,0,1
CUSCO,ACOMAYO,1,0,1
CUSCO,ANTA,1,1,2
CUSCO,CALCA,1,1,2
CUSCO,CANAS,1,0,1
CUSCO,CANCHIS,1,1,2
CUSCO,CHUMBIVILCAS,1,1,2
CUSCO,CUSCO,1,2,3
CUSCO,ESPINAR,1,0,1
CUSCO,LA CONVENCION,1,1,2
CUSCO,PARURO,1,0,1
CUSCO,PAUCARTAMBO,1,1,2
CUSCO,QUISPICANCHI,1,1,2
CUSCO,URUBAMBA,1,0,1
HUANCAVELICA,ACOBAMBA,1,1,2
HUANCAVELICA,ANGARAES,1,1,2
HUANCAVELICA,CASTROVIRREYNA,1,0,1
HUANCAVELICA,CHURCAMPA,1,0,1
HUANCAVELICA,HUANCAVELICA,1,1,2
HUANCAVELICA,HUAYTARA,1,0,1
HUANCAVELICA,TAYACAJA,1,1,2
HUANUCO,AMBO,1,1,2
HUANUCO,DOS DE MAYO,1,1,2
HUANUCO,HUACAYBAMBA,1,0,1
HUANUCO,HUAMALIES,1,1,2
HUANUCO,HUANUCO,1,2,3
HUANUCO,LAURICOCHA,1,0,1
HUANUCO,LEONCIO PRADO,1,1,2
HUANUCO,MARANON,1,0,1
HUANUCO,PACHITEA,1,1,2
HUANUCO,PUERTO INCA,1,1,2
HUANUCO,YAROWILCA,1,1,2
ICA,CHINCHA,1,2,3
ICA,ICA,1,3,4
ICA,NASCA,1,0,1
ICA,PALPA,1,0,1
ICA,PISCO,1,1,2
JUNIN,CHANCHAMAYO,1,1,2
JUNIN,CHUPACA,1,0,1
JUNIN,CONCEPCION,1,0,1
JUNIN,HUANCAYO,1,4,5
JUNIN,JAUJA,1,0,1
JUNIN,JUNIN,1,0,1
JUNIN,SATIPO,1,1,2
JUNIN,TARMA,1,0,1
JUNIN,YAULI,1,0,1
LA LIBERTAD,TRUJILLO,1,5,6
LA LIBERTAD,ASCOPE,1,0,1
LA LIBERTAD,SANCHEZ CARRION,1,2,3
LA LIBERTAD,PACASMAYO,1,0,1
LA LIBERTAD,OTUZCO,1,0,1
LA LIBERTAD,CHEPEN,1,0,1
LA LIBERTAD,VIRU,1,0,1
LA LIBERTAD,PATAZ,1,2,3
LA LIBERTAD,SANTIAGO DE CHUCO,1,0,1
LA LIBERTAD,JULCAN,1,0,1
LA LIBERTAD,GRAN CHIMU,1,0,1
LA LIBERTAD,BOLIVAR,1,0,1
LAMBAYEQUE,CHICLAYO,1,4,5
LAMBAYEQUE,LAMBAYEQUE,1,2,3
LAMBAYEQUE,FERRENAFE,1,2,3
LIMA,HUAURA,1,1,2
LIMA,CANETE,1,1,2
LIMA,HUARAL,1,0,1
LIMA,BARRANCA,1,1,2
LIMA,HUAROCHIRI,1,1,2
LIMA,YAUYOS,1,1,2
LIMA,OYON,1,0,1
LIMA,CANTA,1,0,1
LIMA,CAJATAMBO,1,0,1
LORETO,ALTO AMAZONAS,1,1,2
LORETO,DATEM DEL MARANON,1,1,2
LORETO,LORETO,1,1,2
LORETO,MARISCAL RAMON CASTILLA,1,1,2
LORETO,MAYNAS,1,2,3
LORETO,PUTUMAYO,1,0,1
LORETO,REQUENA,1,1,2
LORETO,UCAYALI,1,1,2
MADRE DE DIOS,MANU,1,1,2
MADRE DE DIOS,TAHUAMANU,1,0,1
MADRE DE DIOS,TAMBOPATA,1,6,7
MOQUEGUA,GENERAL SANCHEZ CERRO,1,2,3
MOQUEGUA,ILO,1,2,3
MOQUEGUA,MARISCAL NIETO,1,3,4
PASCO,DANIEL ALCIDES CARRION,1,1,2
PASCO,OXAPAMPA,1,3,4
PASCO,PASCO,1,4,5
PIURA,PIURA,1,3,4
PIURA,SULLANA,1,1,2
PIURA,MORROPON,1,1,2
PIURA,TALARA,1,1,2
PIURA,AYABACA,1,1,2
PIURA,PAITA,1,1,2
PIURA,HUANCABAMBA,1,0,1
PIURA,SECHURA,1,0,1
PUNO,AZANGARO,1,1,2
PUNO,CARABAYA,1,1,2
PUNO,CHUCUITO,1,1,2
PUNO,EL COLLAO,1,1,2
PUNO,HUANCANE,1,0,1
PUNO,LAMPA,1,0,1
PUNO,MELGAR,1,0,1
PUNO,MOHO,1,0,1
PUNO,PUNO,1,1,2
PUNO,SAN ANTONIO DE PUTINA,1,0,1
PUNO,SAN ROMAN,1,2,3
PUNO,SANDIA,1,0,1
PUNO,YUNGUYO,1,0,1
SAN MARTIN,BELLAVISTA,1,0,1
SAN MARTIN,EL DORADO,1,0,1
SAN MARTIN,HUALLAGA,1,0,1
SAN MARTIN,LAMAS,1,1,2
SAN MARTIN,MARISCAL CACERES,1,0,1
SAN MARTIN,MOYOBAMBA,1,1,2
SAN MARTIN,PICOTA,1,0,1
SAN MARTIN,RIOJA,1,1,2
SAN MARTIN,SAN MARTIN,1,3,4
SAN MARTIN,TOCACHE,1,0,1
TACNA,TACNA,1,4,5
TACNA,JORGE BASADRE,1,0,1
TACNA,TARATA,1,1,2
TACNA,CANDARAVE,1,1,2
TUMBES,TUMBES,1,3,4
TUMBES,ZARUMILLA,1,1,2
TUMBES,CONTRALMIRANTE VILLAR,1,0,1
UCAYALI,ATALAYA,1,1,2
UCAYALI,CORONEL PORTILLO,1,4,5
UCAYALI,PADRE ABAD,1,1,2
UCAYALI,PURUS,1,1,2
