codigo_onpe,id_jne
93,4
94,3045
95,1257
96,1264
97,1366
98,2173
99,2218
100,2731
101,2840
102,2857
103,2867
104,2869
105,2895
106,2898
107,2901
108,2921
109,2924
110,2925
111,2927
112,2930
113,2931
114,2932
115,2933
116,2935
117,2941
118,2943
119,2944
120,2956
121,2961
122,2967
123,2980
124,2982
125,2984
126,2985
127,2988
129,2998
130,3001
131,3005
132,3009
135,3028
136,3033
137,3040
138,3046
139,40
140,2878
141,2881
142,142
143,1393
144,2307
145,2744
146,2951
148,2911
149,2162
150,2938
151,332
152,3032
153,3034
154,2809
155,2381
156,2917
158,1388
159,2970
160,3038
162,2722
163,2432
164,2958
165,2171
166,3036
167,2979
168,3007
169,3031
170,2351
