codigo_onpe,id_jne,nombre_onpe,nombre_jne,tipo_organizacion,departamentos_onpe,metodo,confianza
jne-4,4,ACCION POPULAR,ACCION POPULAR,PARTIDOS POLITICOS,23,provisional,baja
jne-2980,2980,AHORA NACION - AN,AHORA NACION - AN,PARTIDOS POLITICOS,23,provisional,baja
jne-3028,3028,ALIANZA ELECTORAL VENCEREMOS,ALIANZA ELECTORAL VENCEREMOS,ALIANZAS ELECTORALES,22,provisional,baja
jne-2809,2809,ALIANZA LIBERTAD MADREDIOSENSE,ALIANZA LIBERTAD MADREDIOSENSE,MOVIMIENTOS REGIONALES O DEPARTAMENTALES,1,provisional,baja
jne-1257,1257,ALIANZA PARA EL PROGRESO,ALIANZA PARA EL PROGRESO,PARTIDOS POLITICOS,24,provisional,baja
jne-3036,3036,ALIANZA REGIONAL POR EL PERU,ALIANZA REGIONAL POR EL PERU,ALIANZAS ELECTORALES,9,provisional,baja
jne-3034,3034,ALIANZA RENOVACION POPULAR Y TORO,ALIANZA RENOVACION POPULAR Y TORO,ALIANZAS ELECTORALES,1,provisional,baja
jne-3032,3032,APP - LA CHOLITA,APP - LA CHOLITA,ALIANZAS ELECTORALES,1,provisional,baja
jne-3031,3031,APP - TRABAJA AYACUCHO,APP - TRABAJA AYACUCHO,ALIANZAS ELECTORALES,1,provisional,baja
jne-142,142,"AREQUIPA, TRADICION Y FUTURO","AREQUIPA, TRADICION Y FUTURO",MOVIMIENTOS REGIONALES O DEPARTAMENTALES,1,provisional,baja
jne-3038,3038,ASI - JUNTOS POR EL PERU,ASI - JUNTOS POR EL PERU,ALIANZAS ELECTORALES,1,provisional,baja
jne-2173,2173,AVANZA PAIS - PARTIDO DE INTEGRACION SOCIAL,AVANZA PAIS - PARTIDO DE INTEGRACION SOCIAL,PARTIDOS POLITICOS,15,provisional,baja
jne-2984,2984,BATALLA PERU,BATALLA PERU,PARTIDOS POLITICOS,9,provisional,baja
jne-2982,2982,COALICION TRANSFORMADORA TIERRA VERDE,COALICION TRANSFORMADORA TIERRA VERDE,PARTIDOS POLITICOS,4,provisional,baja
jne-332,332,CONCERTACION PARA EL DESARROLLO REGIONAL - LIMA,CONCERTACION PARA EL DESARROLLO REGIONAL - LIMA,MOVIMIENTOS REGIONALES O DEPARTAMENTALES,1,provisional,baja
jne-3046,3046,"COOPERACION, VERDAD Y HONRADEZ","COOPERACION, VERDAD Y HONRADEZ",ALIANZAS ELECTORALES,5,provisional,baja
jne-2898,2898,FE EN EL PERU,FE EN EL PERU,PARTIDOS POLITICOS,10,provisional,baja
jne-2901,2901,FRENTE POPULAR AGRICOLA FIA DEL PERU,FRENTE POPULAR AGRICOLA FIA DEL PERU,PARTIDOS POLITICOS,23,provisional,baja
jne-2911,2911,FRENTE REGIONAL TUPAC,FRENTE REGIONAL TUPAC,MOVIMIENTOS REGIONALES O DEPARTAMENTALES,1,provisional,baja
jne-1393,1393,FUERZA AREQUIPEÑA,FUERZA AREQUIPEÑA,MOVIMIENTOS REGIONALES O DEPARTAMENTALES,1,provisional,baja
jne-3009,3009,FUERZA CIUDADANA,FUERZA CIUDADANA,PARTIDOS POLITICOS,4,provisional,baja
jne-1366,1366,FUERZA POPULAR,FUERZA POPULAR,PARTIDOS POLITICOS,15,provisional,baja
jne-1264,1264,JUNTOS POR EL PERU,JUNTOS POR EL PERU,PARTIDOS POLITICOS,16,provisional,baja
jne-2381,2381,KAUSACHUN,KAUSACHUN,MOVIMIENTOS REGIONALES O DEPARTAMENTALES,1,provisional,baja
jne-2933,2933,LIBERTAD POPULAR,LIBERTAD POPULAR,PARTIDOS POLITICOS,12,provisional,baja
jne-1388,1388,MOVIMIENTO INDEPENDIENTE FUERZA REGIONAL,MOVIMIENTO INDEPENDIENTE FUERZA REGIONAL,MOVIMIENTOS REGIONALES O DEPARTAMENTALES,1,provisional,baja
jne-2432,2432,MOVIMIENTO INDEPENDIENTE REGIONAL FUERZA TACNA,MOVIMIENTO INDEPENDIENTE REGIONAL FUERZA TACNA,MOVIMIENTOS REGIONALES O DEPARTAMENTALES,1,provisional,baja
jne-2162,2162,MOVIMIENTO INDEPENDIENTE REGIONAL HUANUCO PRIMERO,MOVIMIENTO INDEPENDIENTE REGIONAL HUANUCO PRIMERO,MOVIMIENTOS REGIONALES O DEPARTAMENTALES,1,provisional,baja
jne-2951,2951,MOVIMIENTO POLITICO REGIONAL CAJAMARCA RENACE,MOVIMIENTO POLITICO REGIONAL CAJAMARCA RENACE,MOVIMIENTOS REGIONALES O DEPARTAMENTALES,1,provisional,baja
jne-2938,2938,MOVIMIENTO POLITICO UNIDOS POR EL DESARROLLO DE HUANUCO - UDH,MOVIMIENTO POLITICO UNIDOS POR EL DESARROLLO DE HUANUCO - UDH,MOVIMIENTOS REGIONALES O DEPARTAMENTALES,1,provisional,baja
jne-40,40,MOVIMIENTO REGIONAL AMAZONENSE UNIDOS AL CAMPO,MOVIMIENTO REGIONAL AMAZONENSE UNIDOS AL CAMPO,MOVIMIENTOS REGIONALES O DEPARTAMENTALES,1,provisional,baja
jne-2307,2307,MOVIMIENTO REGIONAL AREQUIPA AVANCEMOS,MOVIMIENTO REGIONAL AREQUIPA AVANCEMOS,MOVIMIENTOS REGIONALES O DEPARTAMENTALES,1,provisional,baja
jne-2878,2878,MOVIMIENTO REGIONAL VICTORIA AMAZONENSE,MOVIMIENTO REGIONAL VICTORIA AMAZONENSE,MOVIMIENTOS REGIONALES O DEPARTAMENTALES,1,provisional,baja
jne-2351,2351,NUEVA ESPERANZA,NUEVA ESPERANZA,MOVIMIENTOS REGIONALES O DEPARTAMENTALES,1,provisional,baja
jne-2930,2930,PARTIDO APRISTA PERUANO,PARTIDO APRISTA PERUANO,PARTIDOS POLITICOS,14,provisional,baja
jne-2941,2941,PARTIDO CIVICO OBRAS,PARTIDO CIVICO OBRAS,PARTIDOS POLITICOS,8,provisional,baja
jne-3033,3033,PARTIDO DE LOS TRABAJADORES Y EMPRENDEDORES PTE PERU - COMUNIDAD POLITICA INKA PERU,PARTIDO DE LOS TRABAJADORES Y EMPRENDEDORES PTE PERU - COMUNIDAD POLITICA INKA PERU,ALIANZAS ELECTORALES,3,provisional,baja
jne-2961,2961,PARTIDO DEL BUEN GOBIERNO,PARTIDO DEL BUEN GOBIERNO,PARTIDOS POLITICOS,18,provisional,baja
jne-2867,2867,PARTIDO DEMOCRATA UNIDO PERU,PARTIDO DEMOCRATA UNIDO PERU,PARTIDOS POLITICOS,8,provisional,baja
jne-2895,2895,PARTIDO DEMOCRATA VERDE,PARTIDO DEMOCRATA VERDE,PARTIDOS POLITICOS,16,provisional,baja
jne-14,14,PARTIDO DEMOCRATICO SOMOS PERU,PARTIDO DEMOCRATICO SOMOS PERU,PARTIDOS POLITICOS,24,provisional,baja
jne-3045,3045,PARTIDO DEMOCRATICO SOMOS PERU,PARTIDO DEMOCRATICO SOMOS PERU,ALIANZAS ELECTORALES,1,provisional,baja
jne-2857,2857,PARTIDO FRENTE DE LA ESPERANZA 2021,PARTIDO FRENTE DE LA ESPERANZA 2021,PARTIDOS POLITICOS,12,provisional,baja
jne-2840,2840,PARTIDO MORADO,PARTIDO MORADO,PARTIDOS POLITICOS,14,provisional,baja
jne-2956,2956,PARTIDO PAIS PARA TODOS,PARTIDO PAIS PARA TODOS,PARTIDOS POLITICOS,16,provisional,baja
jne-2869,2869,PARTIDO PATRIOTICO DEL PERU,PARTIDO PATRIOTICO DEL PERU,PARTIDOS POLITICOS,11,provisional,baja
jne-2979,2979,PARTIDO POLITICO ADP,PARTIDO POLITICO ADP,PARTIDOS POLITICOS,2,provisional,baja
jne-2985,2985,PARTIDO POLITICO INTEGRIDAD DEMOCRATICA,PARTIDO POLITICO INTEGRIDAD DEMOCRATICA,PARTIDOS POLITICOS,5,provisional,baja
jne-2218,2218,PARTIDO POLITICO NACIONAL PERU LIBRE,PARTIDO POLITICO NACIONAL PERU LIBRE,PARTIDOS POLITICOS,15,provisional,baja
jne-2932,2932,PARTIDO POLITICO PERU ACCION,PARTIDO POLITICO PERU ACCION,PARTIDOS POLITICOS,6,provisional,baja
jne-2925,2925,PARTIDO POLITICO PERU PRIMERO,PARTIDO POLITICO PERU PRIMERO,PARTIDOS POLITICOS,24,provisional,baja
jne-2921,2921,PARTIDO POLITICO PRIN,PARTIDO POLITICO PRIN,PARTIDOS POLITICOS,9,provisional,baja
jne-3001,3001,PARTIDO POLITICO PUEBLO CONSCIENTE,PARTIDO POLITICO PUEBLO CONSCIENTE,PARTIDOS POLITICOS,10,provisional,baja
jne-3005,3005,PARTIDO POLITICO TODO CON EL PUEBLO,PARTIDO POLITICO TODO CON EL PUEBLO,PARTIDOS POLITICOS,10,provisional,baja
jne-2943,2943,PARTIDO POPULAR CRISTIANO - PPC,PARTIDO POPULAR CRISTIANO - PPC,PARTIDOS POLITICOS,16,provisional,baja
jne-3007,3007,"PARTIDO POR EL ENTENDIMIENTO, RECUPERACION Y LA UNIFICACION DEL PERU","PARTIDO POR EL ENTENDIMIENTO, RECUPERACION Y LA UNIFICACION DEL PERU",PARTIDOS POLITICOS,1,provisional,baja
jne-2935,2935,PARTIDO SICREO,PARTIDO SICREO,PARTIDOS POLITICOS,4,provisional,baja
jne-2944,2944,PARTIDO UNIDAD Y PAZ,PARTIDO UNIDAD Y PAZ,PARTIDOS POLITICOS,5,provisional,baja
jne-2924,2924,PERU MODERNO,PERU MODERNO,PARTIDOS POLITICOS,14,provisional,baja
jne-2731,2731,PODEMOS PERU,PODEMOS PERU,PARTIDOS POLITICOS,23,provisional,baja
jne-2931,2931,"PRIMERO LA GENTE - COMUNIDAD, ECOLOGIA, LIBERTAD Y PROGRESO","PRIMERO LA GENTE - COMUNIDAD, ECOLOGIA, LIBERTAD Y PROGRESO",PARTIDOS POLITICOS,7,provisional,baja
jne-2967,2967,PROGRESEMOS,PROGRESEMOS,PARTIDOS POLITICOS,17,provisional,baja
jne-3040,3040,RENOVACION POPULAR PERU,RENOVACION POPULAR PERU,ALIANZAS ELECTORALES,22,provisional,baja
jne-2171,2171,RENOVACION TUMBESINA,RENOVACION TUMBESINA,MOVIMIENTOS REGIONALES O DEPARTAMENTALES,1,provisional,baja
jne-2927,2927,SALVEMOS AL PERU,SALVEMOS AL PERU,PARTIDOS POLITICOS,10,provisional,baja
jne-2881,2881,SOCIOS POR ANCASH,SOCIOS POR ANCASH,MOVIMIENTOS REGIONALES O DEPARTAMENTALES,1,provisional,baja
jne-2998,2998,UN CAMINO DIFERENTE,UN CAMINO DIFERENTE,PARTIDOS POLITICOS,3,provisional,baja
jne-2958,2958,UNIDOS POR TACNA,UNIDOS POR TACNA,MOVIMIENTOS REGIONALES O DEPARTAMENTALES,1,provisional,baja
jne-2722,2722,UNION REGIONAL,UNION REGIONAL,MOVIMIENTOS REGIONALES O DEPARTAMENTALES,1,provisional,baja
jne-2917,2917,VAMOS MOQUEGUA,VAMOS MOQUEGUA,MOVIMIENTOS REGIONALES O DEPARTAMENTALES,1,provisional,baja
jne-2988,2988,VISION PERU,VISION PERU,PARTIDOS POLITICOS,9,provisional,baja
jne-2970,2970,VIVA PUNO,VIVA PUNO,MOVIMIENTOS REGIONALES O DEPARTAMENTALES,1,provisional,baja
jne-2744,2744,YO AREQUIPA,YO AREQUIPA,MOVIMIENTOS REGIONALES O DEPARTAMENTALES,1,provisional,baja
