ubigeo_distrito,ubigeo_provincia,ubigeo_departamento,nombre_distrito,nombre_provincia,nombre_departamento
010101,010100,010000,CHACHAPOYAS,CHACHAPOYAS,AMAZONAS
010102,010100,010000,ASUNCION,CHACHAPOYAS,AMAZONAS
010103,010100,010000,BALSAS,CHACHAPOYAS,AMAZONAS
010104,010100,010000,CHETO,CHACHAPOYAS,AMAZONAS
010105,010100,010000,CHILIQUIN,CHACHAPOYAS,AMAZONAS
010106,010100,010000,CHUQUIBAMBA,CHACHAPOYAS,AMAZONAS
010107,010100,010000,GRANADA,CHACHAPOYAS,AMAZONAS
010108,010100,010000,HUANCAS,CHACHAPOYAS,AMAZONAS
010109,010100,010000,LA JALCA,CHACHAPOYAS,AMAZONAS
010110,010100,010000,LEIMEBAMBA,CHACHAPOYAS,AMAZONAS
010111,010100,010000,LEVANTO,CHACHAPOYAS,AMAZONAS
010112,010100,010000,MAGDALENA,CHACHAPOYAS,AMAZONAS
010113,010100,010000,MARISCAL CASTILLA,CHACHAPOYAS,AMAZONAS
010114,010100,010000,MOLINOPAMPA,CHACHAPOYAS,AMAZONAS
010115,010100,010000,MONTEVIDEO,CHACHAPOYAS,AMAZONAS
010116,010100,010000,OLLEROS,CHACHAPOYAS,AMAZONAS
010117,010100,010000,QUINJALCA,CHACHAPOYAS,AMAZONAS
010118,010100,010000,SAN FRANCISCO DE DAGUAS,CHACHAPOYAS,AMAZONAS
010119,010100,010000,SAN ISIDRO DE MAINO,CHACHAPOYAS,AMAZONAS
010120,010100,010000,SOLOCO,CHACHAPOYAS,AMAZONAS
010121,010100,010000,SONCHE,CHACHAPOYAS,AMAZONAS
010201,010200,010000,LA PECA,BAGUA,AMAZONAS
010202,010200,010000,ARAMANGO,BAGUA,AMAZONAS
010203,010200,010000,COPALLIN,BAGUA,AMAZONAS
010204,010200,010000,EL PARCO,BAGUA,AMAZONAS
010205,010200,010000,BAGUA,BAGUA,AMAZONAS
010206,010200,010000,IMAZA,BAGUA,AMAZONAS
010301,010300,010000,JUMBILLA,BONGARA,AMAZONAS
010302,010300,010000,COROSHA,BONGARA,AMAZONAS
010303,010300,010000,CUISPES,BONGARA,AMAZONAS
010304,010300,010000,CHISQUILLA,BONGARA,AMAZONAS
010305,010300,010000,CHURUJA,BONGARA,AMAZONAS
010306,010300,010000,FLORIDA,BONGARA,AMAZONAS
010307,010300,010000,RECTA,BONGARA,AMAZONAS
010308,010300,010000,SAN CARLOS,BONGARA,AMAZONAS
010309,010300,010000,SHIPASBAMBA,BONGARA,AMAZONAS
010310,010300,010000,VALERA,BONGARA,AMAZONAS
010311,010300,010000,YAMBRASBAMBA,BONGARA,AMAZONAS
010312,010300,010000,JAZAN,BONGARA,AMAZONAS
010401,010400,010000,LAMUD,LUYA,AMAZONAS
010402,010400,010000,CAMPORREDONDO,LUYA,AMAZONAS
010403,010400,010000,COCABAMBA,LUYA,AMAZONAS
010404,010400,010000,COLCAMAR,LUYA,AMAZONAS
010405,010400,010000,CONILA,LUYA,AMAZONAS
010406,010400,010000,INGUILPATA,LUYA,AMAZONAS
010407,010400,010000,LONGUITA,LUYA,AMAZONAS
010408,010400,010000,LONYA CHICO,LUYA,AMAZONAS
010409,010400,010000,LUYA,LUYA,AMAZONAS
010410,010400,010000,LUYA VIEJO,LUYA,AMAZONAS
010411,010400,010000,MARIA,LUYA,AMAZONAS
010412,010400,010000,OCALLI,LUYA,AMAZONAS
010413,010400,010000,OCUMAL,LUYA,AMAZONAS
010414,010400,010000,PISUQUIA,LUYA,AMAZONAS
010415,010400,010000,SAN CRISTOBAL,LUYA,AMAZONAS
010416,010400,010000,SAN FRANCISCO DEL YESO,LUYA,AMAZONAS
010417,010400,010000,SAN JERONIMO,LUYA,AMAZONAS
010418,010400,010000,SAN JUAN DE LOPECANCHA,LUYA,AMAZONAS
010419,010400,010000,SANTA CATALINA,LUYA,AMAZONAS
010420,010400,010000,SANTO TOMAS,LUYA,AMAZONAS
010421,010400,010000,TINGO,LUYA,AMAZONAS
010422,010400,010000,TRITA,LUYA,AMAZONAS
010423,010400,010000,PROVIDENCIA,LUYA,AMAZONAS
010501,010500,010000,SAN NICOLAS,RODRIGUEZ DE MENDOZA,AMAZONAS
010502,010500,010000,COCHAMAL,RODRIGUEZ DE MENDOZA,AMAZONAS
010503,010500,010000,CHIRIMOTO,RODRIGUEZ DE MENDOZA,AMAZONAS
010504,010500,010000,HUAMBO,RODRIGUEZ DE MENDOZA,AMAZONAS
010505,010500,010000,LIMABAMBA,RODRIGUEZ DE MENDOZA,AMAZONAS
010506,010500,010000,LONGAR,RODRIGUEZ DE MENDOZA,AMAZONAS
010507,010500,010000,MILPUCC,RODRIGUEZ DE MENDOZA,AMAZONAS
010508,010500,010000,MARISCAL BENAVIDES,RODRIGUEZ DE MENDOZA,AMAZONAS
010509,010500,010000,OMIA,RODRIGUEZ DE MENDOZA,AMAZONAS
010510,010500,010000,SANTA ROSA,RODRIGUEZ DE MENDOZA,AMAZONAS
010511,010500,010000,TOTORA,RODRIGUEZ DE MENDOZA,AMAZONAS
010512,010500,010000,VISTA ALEGRE,RODRIGUEZ DE MENDOZA,AMAZONAS
010601,010600,010000,NIEVA,CONDORCANQUI,AMAZONAS
010602,010600,010000,RIO SANTIAGO,CONDORCANQUI,AMAZONAS
010603,010600,010000,EL CENEPA,CONDORCANQUI,AMAZONAS
010701,010700,010000,BAGUA GRANDE,UTCUBAMBA,AMAZONAS
010702,010700,010000,CAJARURO,UTCUBAMBA,AMAZONAS
010703,010700,010000,CUMBA,UTCUBAMBA,AMAZONAS
010704,010700,010000,EL MILAGRO,UTCUBAMBA,AMAZONAS
010705,010700,010000,JAMALCA,UTCUBAMBA,AMAZONAS
010706,010700,010000,LONYA GRANDE,UTCUBAMBA,AMAZONAS
010707,010700,010000,YAMON,UTCUBAMBA,AMAZONAS
020101,020100,020000,HUARAZ,HUARAZ,ANCASH
020102,020100,020000,INDEPENDENCIA,HUARAZ,ANCASH
020103,020100,020000,COCHABAMBA,HUARAZ,ANCASH
020104,020100,020000,COLCABAMBA,HUARAZ,ANCASH
020105,020100,020000,HUANCHAY,HUARAZ,ANCASH
020106,020100,020000,JANGAS,HUARAZ,ANCASH
020107,020100,020000,LA LIBERTAD,HUARAZ,ANCASH
020108,020100,020000,OLLEROS,HUARAZ,ANCASH
020109,020100,020000,PAMPAS GRANDE,HUARAZ,ANCASH
020110,020100,020000,PARIACOTO,HUARAZ,ANCASH
020111,020100,020000,PIRA,HUARAZ,ANCASH
020112,020100,020000,TARICA,HUARAZ,ANCASH
020201,020200,020000,AIJA,AIJA,ANCASH
020203,020200,020000,CORIS,AIJA,ANCASH
020205,020200,020000,HUACLLAN,AIJA,ANCASH
020206,020200,020000,LA MERCED,AIJA,ANCASH
020208,020200,020000,SUCCHA,AIJA,ANCASH
020301,020300,020000,CHIQUIAN,BOLOGNESI,ANCASH
020302,020300,020000,ABELARDO PARDO LEZAMETA,BOLOGNESI,ANCASH
020304,020300,020000,AQUIA,BOLOGNESI,ANCASH
020305,020300,020000,CAJACAY,BOLOGNESI,ANCASH
020310,020300,020000,HUAYLLACAYAN,BOLOGNESI,ANCASH
020311,020300,020000,HUASTA,BOLOGNESI,ANCASH
020313,020300,020000,MANGAS,BOLOGNESI,ANCASH
020315,020300,020000,PACLLON,BOLOGNESI,ANCASH
020317,020300,020000,SAN MIGUEL DE CORPANQUI,BOLOGNESI,ANCASH
020320,020300,020000,TICLLOS,BOLOGNESI,ANCASH
020321,020300,020000,ANTONIO RAYMONDI,BOLOGNESI,ANCASH
020322,020300,020000,CANIS,BOLOGNESI,ANCASH
020323,020300,020000,COLQUIOC,BOLOGNESI,ANCASH
020324,020300,020000,LA PRIMAVERA,BOLOGNESI,ANCASH
020325,020300,020000,HUALLANCA,BOLOGNESI,ANCASH
020401,020400,020000,CARHUAZ,CARHUAZ,ANCASH
020402,020400,020000,ACOPAMPA,CARHUAZ,ANCASH
020403,020400,020000,AMASHCA,CARHUAZ,ANCASH
020404,020400,020000,ANTA,CARHUAZ,ANCASH
020405,020400,020000,ATAQUERO,CARHUAZ,ANCASH
020406,020400,020000,MARCARA,CARHUAZ,ANCASH
020407,020400,020000,PARIAHUANCA,CARHUAZ,ANCASH
020408,020400,020000,SAN MIGUEL DE ACO,CARHUAZ,ANCASH
020409,020400,020000,SHILLA,CARHUAZ,ANCASH
020410,020400,020000,TINCO,CARHUAZ,ANCASH
020411,020400,020000,YUNGAR,CARHUAZ,ANCASH
020501,020500,020000,CASMA,CASMA,ANCASH
020502,020500,020000,BUENA VISTA ALTA,CASMA,ANCASH
020503,020500,020000,COMANDANTE NOEL,CASMA,ANCASH
020505,020500,020000,YAUTAN,CASMA,ANCASH
020601,020600,020000,CORONGO,CORONGO,ANCASH
020602,020600,020000,ACO,CORONGO,ANCASH
020603,020600,020000,BAMBAS,CORONGO,ANCASH
020604,020600,020000,CUSCA,CORONGO,ANCASH
020605,020600,020000,LA PAMPA,CORONGO,ANCASH
020606,020600,020000,YANAC,CORONGO,ANCASH
020607,020600,020000,YUPAN,CORONGO,ANCASH
020701,020700,020000,CARAZ,HUAYLAS,ANCASH
020702,020700,020000,HUALLANCA,HUAYLAS,ANCASH
020703,020700,020000,HUATA,HUAYLAS,ANCASH
020704,020700,020000,HUAYLAS,HUAYLAS,ANCASH
020705,020700,020000,MATO,HUAYLAS,ANCASH
020706,020700,020000,PAMPAROMAS,HUAYLAS,ANCASH
020707,020700,020000,PUEBLO LIBRE,HUAYLAS,ANCASH
020708,020700,020000,SANTA CRUZ,HUAYLAS,ANCASH
020709,020700,020000,YURACMARCA,HUAYLAS,ANCASH
020710,020700,020000,SANTO TORIBIO,HUAYLAS,ANCASH
020801,020800,020000,HUARI,HUARI,ANCASH
020802,020800,020000,CAJAY,HUARI,ANCASH
020803,020800,020000,CHAVIN DE HUANTAR,HUARI,ANCASH
020804,020800,020000,HUACACHI,HUARI,ANCASH
020805,020800,020000,HUACHIS,HUARI,ANCASH
020806,020800,020000,HUACCHIS,HUARI,ANCASH
020807,020800,020000,HUANTAR,HUARI,ANCASH
020808,020800,020000,MASIN,HUARI,ANCASH
020809,020800,020000,PAUCAS,HUARI,ANCASH
020810,020800,020000,PONTO,HUARI,ANCASH
020811,020800,020000,RAHUAPAMPA,HUARI,ANCASH
020812,020800,020000,RAPAYAN,HUARI,ANCASH
020813,020800,020000,SAN MARCOS,HUARI,ANCASH
020814,020800,020000,SAN PEDRO DE CHANA,HUARI,ANCASH
020815,020800,020000,UCO,HUARI,ANCASH
020816,020800,020000,ANRA,HUARI,ANCASH
020901,020900,020000,PISCOBAMBA,MARISCAL LUZURIAGA,ANCASH
020902,020900,020000,CASCA,MARISCAL LUZURIAGA,ANCASH
020903,020900,020000,LUCMA,MARISCAL LUZURIAGA,ANCASH
020904,020900,020000,FIDEL OLIVAS ESCUDERO,MARISCAL LUZURIAGA,ANCASH
020905,020900,020000,LLAMA,MARISCAL LUZURIAGA,ANCASH
020906,020900,020000,LLUMPA,MARISCAL LUZURIAGA,ANCASH
020907,020900,020000,MUSGA,MARISCAL LUZURIAGA,ANCASH
020908,020900,020000,ELEAZAR GUZMAN BARRON,MARISCAL LUZURIAGA,ANCASH
021001,021000,020000,CABANA,PALLASCA,ANCASH
021002,021000,020000,BOLOGNESI,PALLASCA,ANCASH
021003,021000,020000,CONCHUCOS,PALLASCA,ANCASH
021004,021000,020000,HUACASCHUQUE,PALLASCA,ANCASH
021005,021000,020000,HUANDOVAL,PALLASCA,ANCASH
021006,021000,020000,LACABAMBA,PALLASCA,ANCASH
021007,021000,020000,LLAPO,PALLASCA,ANCASH
021008,021000,020000,PALLASCA,PALLASCA,ANCASH
021009,021000,020000,PAMPAS,PALLASCA,ANCASH
021010,021000,020000,SANTA ROSA,PALLASCA,ANCASH
021011,021000,020000,TAUCA,PALLASCA,ANCASH
021101,021100,020000,POMABAMBA,POMABAMBA,ANCASH
021102,021100,020000,HUAYLLAN,POMABAMBA,ANCASH
021103,021100,020000,PAROBAMBA,POMABAMBA,ANCASH
021104,021100,020000,QUINUABAMBA,POMABAMBA,ANCASH
021201,021200,020000,RECUAY,RECUAY,ANCASH
021202,021200,020000,COTAPARACO,RECUAY,ANCASH
021203,021200,020000,HUAYLLAPAMPA,RECUAY,ANCASH
021204,021200,020000,MARCA,RECUAY,ANCASH
021205,021200,020000,PAMPAS CHICO,RECUAY,ANCASH
021206,021200,020000,PARARIN,RECUAY,ANCASH
021207,021200,020000,TAPACOCHA,RECUAY,ANCASH
021208,021200,020000,TICAPAMPA,RECUAY,ANCASH
021209,021200,020000,LLACLLIN,RECUAY,ANCASH
021210,021200,020000,CATAC,RECUAY,ANCASH
021301,021300,020000,CHIMBOTE,SANTA,ANCASH
021302,021300,020000,CACERES DEL PERU,SANTA,ANCASH
021303,021300,020000,MACATE,SANTA,ANCASH
021304,021300,020000,MORO,SANTA,ANCASH
021305,021300,020000,NEPEÑA,SANTA,ANCASH
021306,021300,020000,SAMANCO,SANTA,ANCASH
021307,021300,020000,SANTA,SANTA,ANCASH
021308,021300,020000,COISHCO,SANTA,ANCASH
021309,021300,020000,NUEVO CHIMBOTE,SANTA,ANCASH
021401,021400,020000,SIHUAS,SIHUAS,ANCASH
021402,021400,020000,ALFONSO UGARTE,SIHUAS,ANCASH
021403,021400,020000,CHINGALPO,SIHUAS,ANCASH
021404,021400,020000,HUAYLLABAMBA,SIHUAS,ANCASH
021405,021400,020000,QUICHES,SIHUAS,ANCASH
021406,021400,020000,SICSIBAMBA,SIHUAS,ANCASH
021407,021400,020000,ACOBAMBA,SIHUAS,ANCASH
021408,021400,020000,CASHAPAMPA,SIHUAS,ANCASH
021409,021400,020000,RAGASH,SIHUAS,ANCASH
021410,021400,020000,SAN JUAN,SIHUAS,ANCASH
021501,021500,020000,YUNGAY,YUNGAY,ANCASH
021502,021500,020000,CASCAPARA,YUNGAY,ANCASH
021503,021500,020000,MANCOS,YUNGAY,ANCASH
021504,021500,020000,MATACOTO,YUNGAY,ANCASH
021505,021500,020000,QUILLO,YUNGAY,ANCASH
021506,021500,020000,RANRAHIRCA,YUNGAY,ANCASH
021507,021500,020000,SHUPLUY,YUNGAY,ANCASH
021508,021500,020000,YANAMA,YUNGAY,ANCASH
021601,021600,020000,LLAMELLIN,ANTONIO RAIMONDI,ANCASH
021602,021600,020000,ACZO,ANTONIO RAIMONDI,ANCASH
021603,021600,020000,CHACCHO,ANTONIO RAIMONDI,ANCASH
021604,021600,020000,CHINGAS,ANTONIO RAIMONDI,ANCASH
021605,021600,020000,MIRGAS,ANTONIO RAIMONDI,ANCASH
021606,021600,020000,SAN JUAN DE RONTOY,ANTONIO RAIMONDI,ANCASH
021701,021700,020000,SAN LUIS,CARLOS FERMIN FITZCARRALD,ANCASH
021702,021700,020000,YAUYA,CARLOS FERMIN FITZCARRALD,ANCASH
021703,021700,020000,SAN NICOLAS,CARLOS FERMIN FITZCARRALD,ANCASH
021801,021800,020000,CHACAS,ASUNCION,ANCASH
021802,021800,020000,ACOCHACA,ASUNCION,ANCASH
021901,021900,020000,HUARMEY,HUARMEY,ANCASH
021902,021900,020000,COCHAPETI,HUARMEY,ANCASH
021903,021900,020000,HUAYAN,HUARMEY,ANCASH
021904,021900,020000,MALVAS,HUARMEY,ANCASH
021905,021900,020000,CULEBRAS,HUARMEY,ANCASH
022001,022000,020000,ACAS,OCROS,ANCASH
022002,022000,020000,CAJAMARQUILLA,OCROS,ANCASH
022003,022000,020000,CARHUAPAMPA,OCROS,ANCASH
022004,022000,020000,COCHAS,OCROS,ANCASH
022005,022000,020000,CONGAS,OCROS,ANCASH
022006,022000,020000,LLIPA,OCROS,ANCASH
022007,022000,020000,OCROS,OCROS,ANCASH
022008,022000,020000,SAN CRISTOBAL DE RAJAN,OCROS,ANCASH
022009,022000,020000,SAN PEDRO,OCROS,ANCASH
022010,022000,020000,SANTIAGO DE CHILCAS,OCROS,ANCASH
030101,030100,030000,ABANCAY,ABANCAY,APURIMAC
030102,030100,030000,CIRCA,ABANCAY,APURIMAC
030103,030100,030000,CURAHUASI,ABANCAY,APURIMAC
030104,030100,030000,CHACOCHE,ABANCAY,APURIMAC
030105,030100,030000,HUANIPACA,ABANCAY,APURIMAC
030106,030100,030000,LAMBRAMA,ABANCAY,APURIMAC
030107,030100,030000,PICHIRHUA,ABANCAY,APURIMAC
030108,030100,030000,SAN PEDRO DE CACHORA,ABANCAY,APURIMAC
030109,030100,030000,TAMBURCO,ABANCAY,APURIMAC
030201,030200,030000,CHALHUANCA,AYMARAES,APURIMAC
030202,030200,030000,CAPAYA,AYMARAES,APURIMAC
030203,030200,030000,CARAYBAMBA,AYMARAES,APURIMAC
030204,030200,030000,COLCABAMBA,AYMARAES,APURIMAC
030205,030200,030000,COTARUSE,AYMARAES,APURIMAC
030206,030200,030000,CHAPIMARCA,AYMARAES,APURIMAC
030207,030200,030000,IHUAYLLO,AYMARAES,APURIMAC
030208,030200,030000,LUCRE,AYMARAES,APURIMAC
030209,030200,030000,POCOHUANCA,AYMARAES,APURIMAC
030210,030200,030000,SAÑAYCA,AYMARAES,APURIMAC
030211,030200,030000,SORAYA,AYMARAES,APURIMAC
030212,030200,030000,TAPAIRIHUA,AYMARAES,APURIMAC
030213,030200,030000,TINTAY,AYMARAES,APURIMAC
030214,030200,030000,TORAYA,AYMARAES,APURIMAC
030215,030200,030000,YANACA,AYMARAES,APURIMAC
030216,030200,030000,SAN JUAN DE CHACÑA,AYMARAES,APURIMAC
030217,030200,030000,JUSTO APU SAHUARAURA,AYMARAES,APURIMAC
030301,030300,030000,ANDAHUAYLAS,ANDAHUAYLAS,APURIMAC
030302,030300,030000,ANDARAPA,ANDAHUAYLAS,APURIMAC
030303,030300,030000,CHIARA,ANDAHUAYLAS,APURIMAC
030304,030300,030000,HUANCARAMA,ANDAHUAYLAS,APURIMAC
030305,030300,030000,HUANCARAY,ANDAHUAYLAS,APURIMAC
030306,030300,030000,KISHUARA,ANDAHUAYLAS,APURIMAC
030307,030300,030000,PACOBAMBA,ANDAHUAYLAS,APURIMAC
030308,030300,030000,PAMPACHIRI,ANDAHUAYLAS,APURIMAC
030309,030300,030000,SAN ANTONIO DE CACHI,ANDAHUAYLAS,APURIMAC
030310,030300,030000,SAN JERONIMO,ANDAHUAYLAS,APURIMAC
030311,030300,030000,TALAVERA,ANDAHUAYLAS,APURIMAC
030312,030300,030000,TURPO,ANDAHUAYLAS,APURIMAC
030313,030300,030000,PACUCHA,ANDAHUAYLAS,APURIMAC
030314,030300,030000,POMACOCHA,ANDAHUAYLAS,APURIMAC
030315,030300,030000,SANTA MARIA DE CHICMO,ANDAHUAYLAS,APURIMAC
030316,030300,030000,TUMAY HUARACA,ANDAHUAYLAS,APURIMAC
030317,030300,030000,HUAYANA,ANDAHUAYLAS,APURIMAC
030318,030300,030000,SAN MIGUEL DE CHACCRAMPA,ANDAHUAYLAS,APURIMAC
030319,030300,030000,KAQUIABAMBA,ANDAHUAYLAS,APURIMAC
030320,030300,030000,JOSE MARIA ARGUEDAS,ANDAHUAYLAS,APURIMAC
030401,030400,030000,ANTABAMBA,ANTABAMBA,APURIMAC
030402,030400,030000,EL ORO,ANTABAMBA,APURIMAC
030403,030400,030000,HUAQUIRCA,ANTABAMBA,APURIMAC
030404,030400,030000,JUAN ESPINOZA MEDRANO,ANTABAMBA,APURIMAC
030405,030400,030000,OROPESA,ANTABAMBA,APURIMAC
030406,030400,030000,PACHACONAS,ANTABAMBA,APURIMAC
030407,030400,030000,SABAINO,ANTABAMBA,APURIMAC
030501,030500,030000,TAMBOBAMBA,COTABAMBAS,APURIMAC
030502,030500,030000,COYLLURQUI,COTABAMBAS,APURIMAC
030503,030500,030000,COTABAMBAS,COTABAMBAS,APURIMAC
030504,030500,030000,HAQUIRA,COTABAMBAS,APURIMAC
030505,030500,030000,MARA,COTABAMBAS,APURIMAC
030506,030500,030000,CHALLHUAHUACHO,COTABAMBAS,APURIMAC
030601,030600,030000,CHUQUIBAMBILLA,GRAU,APURIMAC
030602,030600,030000,CURPAHUASI,GRAU,APURIMAC
030603,030600,030000,HUAYLLATI,GRAU,APURIMAC
030604,030600,030000,MAMARA,GRAU,APURIMAC
030605,030600,030000,MARISCAL GAMARRA,GRAU,APURIMAC
030606,030600,030000,MICAELA BASTIDAS,GRAU,APURIMAC
030607,030600,030000,PROGRESO,GRAU,APURIMAC
030608,030600,030000,PATAYPAMPA,GRAU,APURIMAC
030609,030600,030000,SAN ANTONIO,GRAU,APURIMAC
030610,030600,030000,TURPAY,GRAU,APURIMAC
030611,030600,030000,VILCABAMBA,GRAU,APURIMAC
030612,030600,030000,VIRUNDO,GRAU,APURIMAC
030613,030600,030000,SANTA ROSA,GRAU,APURIMAC
030614,030600,030000,CURASCO,GRAU,APURIMAC
030701,030700,030000,CHINCHEROS,CHINCHEROS,APURIMAC
030702,030700,030000,ONGOY,CHINCHEROS,APURIMAC
030703,030700,030000,OCOBAMBA,CHINCHEROS,APURIMAC
030704,030700,030000,COCHARCAS,CHINCHEROS,APURIMAC
030705,030700,030000,ANCO-HUALLO,CHINCHEROS,APURIMAC
030706,030700,030000,HUACCANA,CHINCHEROS,APURIMAC
030707,030700,030000,URANMARCA,CHINCHEROS,APURIMAC
030708,030700,030000,RANRACANCHA,CHINCHEROS,APURIMAC
030709,030700,030000,ROCCHACC,CHINCHEROS,APURIMAC
030710,030700,030000,EL PORVENIR,CHINCHEROS,APURIMAC
030711,030700,030000,LOS CHANKAS,CHINCHEROS,APURIMAC
030712,030700,030000,AHUAYRO,CHINCHEROS,APURIMAC
040101,040100,040000,AREQUIPA,AREQUIPA,AREQUIPA
040102,040100,040000,CAYMA,AREQUIPA,AREQUIPA
040103,040100,040000,CERRO COLORADO,AREQUIPA,AREQUIPA
040104,040100,040000,CHARACATO,AREQUIPA,AREQUIPA
040105,040100,040000,CHIGUATA,AREQUIPA,AREQUIPA
040106,040100,040000,LA JOYA,AREQUIPA,AREQUIPA
040107,040100,040000,MIRAFLORES,AREQUIPA,AREQUIPA
040108,040100,040000,MOLLEBAYA,AREQUIPA,AREQUIPA
040109,040100,040000,PAUCARPATA,AREQUIPA,AREQUIPA
040110,040100,040000,POCSI,AREQUIPA,AREQUIPA
040111,040100,040000,POLOBAYA,AREQUIPA,AREQUIPA
040112,040100,040000,QUEQUEÑA,AREQUIPA,AREQUIPA
040113,040100,040000,SABANDIA,AREQUIPA,AREQUIPA
040114,040100,040000,SACHACA,AREQUIPA,AREQUIPA
040115,040100,040000,SAN JUAN DE SIGUAS,AREQUIPA,AREQUIPA
040116,040100,040000,SAN JUAN DE TARUCANI,AREQUIPA,AREQUIPA
040117,040100,040000,SANTA ISABEL DE SIGUAS,AREQUIPA,AREQUIPA
040118,040100,040000,SANTA RITA DE SIHUAS,AREQUIPA,AREQUIPA
040119,040100,040000,SOCABAYA,AREQUIPA,AREQUIPA
040120,040100,040000,TIABAYA,AREQUIPA,AREQUIPA
040121,040100,040000,UCHUMAYO,AREQUIPA,AREQUIPA
040122,040100,040000,VITOR,AREQUIPA,AREQUIPA
040123,040100,040000,YANAHUARA,AREQUIPA,AREQUIPA
040124,040100,040000,YARABAMBA,AREQUIPA,AREQUIPA
040125,040100,040000,YURA,AREQUIPA,AREQUIPA
040126,040100,040000,MARIANO MELGAR,AREQUIPA,AREQUIPA
040127,040100,040000,JACOBO HUNTER,AREQUIPA,AREQUIPA
040128,040100,040000,ALTO SELVA ALEGRE,AREQUIPA,AREQUIPA
040129,040100,040000,JOSE LUIS BUSTAMANTE Y RIVERO,AREQUIPA,AREQUIPA
040201,040200,040000,CHIVAY,CAYLLOMA,AREQUIPA
040202,040200,040000,ACHOMA,CAYLLOMA,AREQUIPA
040203,040200,040000,CABANACONDE,CAYLLOMA,AREQUIPA
040204,040200,040000,CAYLLOMA,CAYLLOMA,AREQUIPA
040205,040200,040000,CALLALLI,CAYLLOMA,AREQUIPA
040206,040200,040000,COPORAQUE,CAYLLOMA,AREQUIPA
040207,040200,040000,HUAMBO,CAYLLOMA,AREQUIPA
040208,040200,040000,HUANCA,CAYLLOMA,AREQUIPA
040209,040200,040000,ICHUPAMPA,CAYLLOMA,AREQUIPA
040210,040200,040000,LARI,CAYLLOMA,AREQUIPA
040211,040200,040000,LLUTA,CAYLLOMA,AREQUIPA
040212,040200,040000,MACA,CAYLLOMA,AREQUIPA
040213,040200,040000,MADRIGAL,CAYLLOMA,AREQUIPA
040214,040200,040000,SAN ANTONIO DE CHUCA,CAYLLOMA,AREQUIPA
040215,040200,040000,SIBAYO,CAYLLOMA,AREQUIPA
040216,040200,040000,TAPAY,CAYLLOMA,AREQUIPA
040217,040200,040000,TISCO,CAYLLOMA,AREQUIPA
040218,040200,040000,TUTI,CAYLLOMA,AREQUIPA
040219,040200,040000,YANQUE,CAYLLOMA,AREQUIPA
040220,040200,040000,MAJES,CAYLLOMA,AREQUIPA
040301,040300,040000,CAMANA,CAMANA,AREQUIPA
040302,040300,040000,JOSE MARIA QUIMPER,CAMANA,AREQUIPA
040303,040300,040000,MARIANO NICOLAS VALCARCEL,CAMANA,AREQUIPA
040304,040300,040000,MARISCAL CACERES,CAMANA,AREQUIPA
040305,040300,040000,NICOLAS DE PIEROLA,CAMANA,AREQUIPA
040306,040300,040000,OCOÑA,CAMANA,AREQUIPA
040307,040300,040000,QUILCA,CAMANA,AREQUIPA
040308,040300,040000,SAMUEL PASTOR,CAMANA,AREQUIPA
040401,040400,040000,CARAVELI,CARAVELI,AREQUIPA
040402,040400,040000,ACARI,CARAVELI,AREQUIPA
040403,040400,040000,ATICO,CARAVELI,AREQUIPA
040404,040400,040000,ATIQUIPA,CARAVELI,AREQUIPA
040405,040400,040000,BELLA UNION,CARAVELI,AREQUIPA
040406,040400,040000,CAHUACHO,CARAVELI,AREQUIPA
040407,040400,040000,CHALA,CARAVELI,AREQUIPA
040408,040400,040000,CHAPARRA,CARAVELI,AREQUIPA
040409,040400,040000,HUANUHUANU,CARAVELI,AREQUIPA
040410,040400,040000,JAQUI,CARAVELI,AREQUIPA
040411,040400,040000,LOMAS,CARAVELI,AREQUIPA
040412,040400,040000,QUICACHA,CARAVELI,AREQUIPA
040413,040400,040000,YAUCA,CARAVELI,AREQUIPA
040501,040500,040000,APLAO,CASTILLA,AREQUIPA
040502,040500,040000,ANDAGUA,CASTILLA,AREQUIPA
040503,040500,040000,AYO,CASTILLA,AREQUIPA
040504,040500,040000,CHACHAS,CASTILLA,AREQUIPA
040505,040500,040000,CHILCAYMARCA,CASTILLA,AREQUIPA
040506,040500,040000,CHOCO,CASTILLA,AREQUIPA
040507,040500,040000,HUANCARQUI,CASTILLA,AREQUIPA
040508,040500,040000,MACHAGUAY,CASTILLA,AREQUIPA
040509,040500,040000,ORCOPAMPA,CASTILLA,AREQUIPA
040510,040500,040000,PAMPACOLCA,CASTILLA,AREQUIPA
040511,040500,040000,TIPAN,CASTILLA,AREQUIPA
040512,040500,040000,URACA,CASTILLA,AREQUIPA
040513,040500,040000,UÑON,CASTILLA,AREQUIPA
040514,040500,040000,VIRACO,CASTILLA,AREQUIPA
040601,040600,040000,CHUQUIBAMBA,CONDESUYOS,AREQUIPA
040602,040600,040000,ANDARAY,CONDESUYOS,AREQUIPA
040603,040600,040000,CAYARANI,CONDESUYOS,AREQUIPA
040604,040600,040000,CHICHAS,CONDESUYOS,AREQUIPA
040605,040600,040000,IRAY,CONDESUYOS,AREQUIPA
040606,040600,040000,SALAMANCA,CONDESUYOS,AREQUIPA
040607,040600,040000,YANAQUIHUA,CONDESUYOS,AREQUIPA
040608,040600,040000,RIO GRANDE,CONDESUYOS,AREQUIPA
040701,040700,040000,MOLLENDO,ISLAY,AREQUIPA
040702,040700,040000,COCACHACRA,ISLAY,AREQUIPA
040703,040700,040000,DEAN VALDIVIA,ISLAY,AREQUIPA
040704,040700,040000,ISLAY,ISLAY,AREQUIPA
040705,040700,040000,MEJIA,ISLAY,AREQUIPA
040706,040700,040000,PUNTA DE BOMBON,ISLAY,AREQUIPA
040801,040800,040000,COTAHUASI,LA UNION,AREQUIPA
040802,040800,040000,ALCA,LA UNION,AREQUIPA
040803,040800,040000,CHARCANA,LA UNION,AREQUIPA
040804,040800,040000,HUAYNACOTAS,LA UNION,AREQUIPA
040805,040800,040000,PAMPAMARCA,LA UNION,AREQUIPA
040806,040800,040000,PUYCA,LA UNION,AREQUIPA
040807,040800,040000,QUECHUALLA,LA UNION,AREQUIPA
040808,040800,040000,SAYLA,LA UNION,AREQUIPA
040809,040800,040000,TAURIA,LA UNION,AREQUIPA
040810,040800,040000,TOMEPAMPA,LA UNION,AREQUIPA
040811,040800,040000,TORO,LA UNION,AREQUIPA
050101,050100,050000,AYACUCHO,HUAMANGA,AYACUCHO
050102,050100,050000,ACOS VINCHOS,HUAMANGA,AYACUCHO
050103,050100,050000,CARMEN ALTO,HUAMANGA,AYACUCHO
050104,050100,050000,CHIARA,HUAMANGA,AYACUCHO
050105,050100,050000,QUINUA,HUAMANGA,AYACUCHO
050106,050100,050000,SAN JOSE DE TICLLAS,HUAMANGA,AYACUCHO
050107,050100,050000,SAN JUAN BAUTISTA,HUAMANGA,AYACUCHO
050108,050100,050000,SANTIAGO DE PISCHA,HUAMANGA,AYACUCHO
050109,050100,050000,VINCHOS,HUAMANGA,AYACUCHO
050110,050100,050000,TAMBILLO,HUAMANGA,AYACUCHO
050111,050100,050000,ACOCRO,HUAMANGA,AYACUCHO
050112,050100,050000,SOCOS,HUAMANGA,AYACUCHO
050113,050100,050000,OCROS,HUAMANGA,AYACUCHO
050114,050100,050000,PACAYCASA,HUAMANGA,AYACUCHO
050115,050100,050000,JESUS NAZARENO,HUAMANGA,AYACUCHO
050116,050100,050000,ANDRES AVELINO CACERES DORREGARAY,HUAMANGA,AYACUCHO
050201,050200,050000,CANGALLO,CANGALLO,AYACUCHO
050204,050200,050000,CHUSCHI,CANGALLO,AYACUCHO
050206,050200,050000,LOS MOROCHUCOS,CANGALLO,AYACUCHO
050207,050200,050000,PARAS,CANGALLO,AYACUCHO
050208,050200,050000,TOTOS,CANGALLO,AYACUCHO
050211,050200,050000,MARIA PARADO DE BELLIDO,CANGALLO,AYACUCHO
050301,050300,050000,HUANTA,HUANTA,AYACUCHO
050302,050300,050000,AYAHUANCO,HUANTA,AYACUCHO
050303,050300,050000,HUAMANGUILLA,HUANTA,AYACUCHO
050304,050300,050000,IGUAIN,HUANTA,AYACUCHO
050305,050300,050000,LURICOCHA,HUANTA,AYACUCHO
050307,050300,050000,SANTILLANA,HUANTA,AYACUCHO
050308,050300,050000,SIVIA,HUANTA,AYACUCHO
050309,050300,050000,LLOCHEGUA,HUANTA,AYACUCHO
050310,050300,050000,CANAYRE,HUANTA,AYACUCHO
050311,050300,050000,UCHURACCAY,HUANTA,AYACUCHO
050312,050300,050000,PUCACOLPA,HUANTA,AYACUCHO
050313,050300,050000,CHACA,HUANTA,AYACUCHO
050314,050300,050000,PUTIS,HUANTA,AYACUCHO
050401,050400,050000,SAN MIGUEL,LA MAR,AYACUCHO
050402,050400,050000,ANCO,LA MAR,AYACUCHO
050403,050400,050000,AYNA,LA MAR,AYACUCHO
050404,050400,050000,CHILCAS,LA MAR,AYACUCHO
050405,050400,050000,CHUNGUI,LA MAR,AYACUCHO
050406,050400,050000,TAMBO,LA MAR,AYACUCHO
050407,050400,050000,LUIS CARRANZA,LA MAR,AYACUCHO
050408,050400,050000,SANTA ROSA,LA MAR,AYACUCHO
050409,050400,050000,SAMUGARI,LA MAR,AYACUCHO
050410,050400,050000,ANCHIHUAY,LA MAR,AYACUCHO
050411,050400,050000,ORONCCOY,LA MAR,AYACUCHO
050412,050400,050000,UNION PROGRESO,LA MAR,AYACUCHO
050413,050400,050000,PATIBAMBA,LA MAR,AYACUCHO
050414,050400,050000,NINABAMBA,LA MAR,AYACUCHO
050415,050400,050000,RIO MAGDALENA,LA MAR,AYACUCHO
050501,050500,050000,PUQUIO,LUCANAS,AYACUCHO
050502,050500,050000,AUCARA,LUCANAS,AYACUCHO
050503,050500,050000,CABANA,LUCANAS,AYACUCHO
050504,050500,050000,CARMEN SALCEDO,LUCANAS,AYACUCHO
050506,050500,050000,CHAVIÑA,LUCANAS,AYACUCHO
050508,050500,050000,CHIPAO,LUCANAS,AYACUCHO
050510,050500,050000,HUAC-HUAS,LUCANAS,AYACUCHO
050511,050500,050000,LARAMATE,LUCANAS,AYACUCHO
050512,050500,050000,LEONCIO PRADO,LUCANAS,AYACUCHO
050513,050500,050000,LUCANAS,LUCANAS,AYACUCHO
050514,050500,050000,LLAUTA,LUCANAS,AYACUCHO
050516,050500,050000,OCAÑA,LUCANAS,AYACUCHO
050517,050500,050000,OTOCA,LUCANAS,AYACUCHO
050520,050500,050000,SANCOS,LUCANAS,AYACUCHO
050521,050500,050000,SAN JUAN,LUCANAS,AYACUCHO
050522,050500,050000,SAN PEDRO,LUCANAS,AYACUCHO
050524,050500,050000,SANTA ANA DE HUAYCAHUACHO,LUCANAS,AYACUCHO
050525,050500,050000,SANTA LUCIA,LUCANAS,AYACUCHO
050529,050500,050000,SAISA,LUCANAS,AYACUCHO
050531,050500,050000,SAN PEDRO DE PALCO,LUCANAS,AYACUCHO
050532,050500,050000,SAN CRISTOBAL,LUCANAS,AYACUCHO
050601,050600,050000,CORACORA,PARINACOCHAS,AYACUCHO
050604,050600,050000,CORONEL CASTAÑEDA,PARINACOCHAS,AYACUCHO
050605,050600,050000,CHUMPI,PARINACOCHAS,AYACUCHO
050608,050600,050000,PACAPAUSA,PARINACOCHAS,AYACUCHO
050611,050600,050000,PULLO,PARINACOCHAS,AYACUCHO
050612,050600,050000,PUYUSCA,PARINACOCHAS,AYACUCHO
050615,050600,050000,SAN FRANCISCO DE RAVACAYCO,PARINACOCHAS,AYACUCHO
050616,050600,050000,UPAHUACHO,PARINACOCHAS,AYACUCHO
050701,050700,050000,HUANCAPI,VICTOR FAJARDO,AYACUCHO
050702,050700,050000,ALCAMENCA,VICTOR FAJARDO,AYACUCHO
050703,050700,050000,APONGO,VICTOR FAJARDO,AYACUCHO
050704,050700,050000,CANARIA,VICTOR FAJARDO,AYACUCHO
050706,050700,050000,CAYARA,VICTOR FAJARDO,AYACUCHO
050707,050700,050000,COLCA,VICTOR FAJARDO,AYACUCHO
050708,050700,050000,HUALLA,VICTOR FAJARDO,AYACUCHO
050709,050700,050000,HUAMANQUIQUIA,VICTOR FAJARDO,AYACUCHO
050710,050700,050000,HUANCARAYLLA,VICTOR FAJARDO,AYACUCHO
050713,050700,050000,SARHUA,VICTOR FAJARDO,AYACUCHO
050714,050700,050000,VILCANCHOS,VICTOR FAJARDO,AYACUCHO
050715,050700,050000,ASQUIPATA,VICTOR FAJARDO,AYACUCHO
050801,050800,050000,SANCOS,HUANCA SANCOS,AYACUCHO
050802,050800,050000,SACSAMARCA,HUANCA SANCOS,AYACUCHO
050803,050800,050000,SANTIAGO DE LUCANAMARCA,HUANCA SANCOS,AYACUCHO
050804,050800,050000,CARAPO,HUANCA SANCOS,AYACUCHO
050901,050900,050000,VILCAS HUAMAN,VILCAS HUAMAN,AYACUCHO
050902,050900,050000,VISCHONGO,VILCAS HUAMAN,AYACUCHO
050903,050900,050000,ACCOMARCA,VILCAS HUAMAN,AYACUCHO
050904,050900,050000,CARHUANCA,VILCAS HUAMAN,AYACUCHO
050905,050900,050000,CONCEPCION,VILCAS HUAMAN,AYACUCHO
050906,050900,050000,HUAMBALPA,VILCAS HUAMAN,AYACUCHO
050907,050900,050000,SAURAMA,VILCAS HUAMAN,AYACUCHO
050908,050900,050000,INDEPENDENCIA,VILCAS HUAMAN,AYACUCHO
051001,051000,050000,PAUSA,PAUCAR DEL SARA SARA,AYACUCHO
051002,051000,050000,COLTA,PAUCAR DEL SARA SARA,AYACUCHO
051003,051000,050000,CORCULLA,PAUCAR DEL SARA SARA,AYACUCHO
051004,051000,050000,LAMPA,PAUCAR DEL SARA SARA,AYACUCHO
051005,051000,050000,MARCABAMBA,PAUCAR DEL SARA SARA,AYACUCHO
051006,051000,050000,OYOLO,PAUCAR DEL SARA SARA,AYACUCHO
051007,051000,050000,PARARCA,PAUCAR DEL SARA SARA,AYACUCHO
051008,051000,050000,SAN JAVIER DE ALPABAMBA,PAUCAR DEL SARA SARA,AYACUCHO
051009,051000,050000,SAN JOSE DE USHUA,PAUCAR DEL SARA SARA,AYACUCHO
051010,051000,050000,SARA SARA,PAUCAR DEL SARA SARA,AYACUCHO
051101,051100,050000,QUEROBAMBA,SUCRE,AYACUCHO
051102,051100,050000,BELEN,SUCRE,AYACUCHO
051103,051100,050000,CHALCOS,SUCRE,AYACUCHO
051104,051100,050000,SAN SALVADOR DE QUIJE,SUCRE,AYACUCHO
051105,051100,050000,PAICO,SUCRE,AYACUCHO
051106,051100,050000,SANTIAGO DE PAUCARAY,SUCRE,AYACUCHO
051107,051100,050000,SAN PEDRO DE LARCAY,SUCRE,AYACUCHO
051108,051100,050000,SORAS,SUCRE,AYACUCHO
051109,051100,050000,HUACAÑA,SUCRE,AYACUCHO
051110,051100,050000,CHILCAYOC,SUCRE,AYACUCHO
051111,051100,050000,MORCOLLA,SUCRE,AYACUCHO
060101,060100,060000,CAJAMARCA,CAJAMARCA,CAJAMARCA
060102,060100,060000,ASUNCION,CAJAMARCA,CAJAMARCA
060103,060100,060000,COSPAN,CAJAMARCA,CAJAMARCA
060104,060100,060000,CHETILLA,CAJAMARCA,CAJAMARCA
060105,060100,060000,ENCAÑADA,CAJAMARCA,CAJAMARCA
060106,060100,060000,JESUS,CAJAMARCA,CAJAMARCA
060107,060100,060000,LOS BAÑOS DEL INCA,CAJAMARCA,CAJAMARCA
060108,060100,060000,LLACANORA,CAJAMARCA,CAJAMARCA
060109,060100,060000,MAGDALENA,CAJAMARCA,CAJAMARCA
060110,060100,060000,MATARA,CAJAMARCA,CAJAMARCA
060111,060100,060000,NAMORA,CAJAMARCA,CAJAMARCA
060112,060100,060000,SAN JUAN,CAJAMARCA,CAJAMARCA
060201,060200,060000,CAJABAMBA,CAJABAMBA,CAJAMARCA
060202,060200,060000,CACHACHI,CAJABAMBA,CAJAMARCA
060203,060200,060000,CONDEBAMBA,CAJABAMBA,CAJAMARCA
060205,060200,060000,SITACOCHA,CAJABAMBA,CAJAMARCA
060301,060300,060000,CELENDIN,CELENDIN,CAJAMARCA
060302,060300,060000,CORTEGANA,CELENDIN,CAJAMARCA
060303,060300,060000,CHUMUCH,CELENDIN,CAJAMARCA
060304,060300,060000,HUASMIN,CELENDIN,CAJAMARCA
060305,060300,060000,JORGE CHAVEZ,CELENDIN,CAJAMARCA
060306,060300,060000,JOSE GALVEZ,CELENDIN,CAJAMARCA
060307,060300,060000,MIGUEL IGLESIAS,CELENDIN,CAJAMARCA
060308,060300,060000,OXAMARCA,CELENDIN,CAJAMARCA
060309,060300,060000,SOROCHUCO,CELENDIN,CAJAMARCA
060310,060300,060000,SUCRE,CELENDIN,CAJAMARCA
060311,060300,060000,UTCO,CELENDIN,CAJAMARCA
060312,060300,060000,LA LIBERTAD DE PALLAN,CELENDIN,CAJAMARCA
060401,060400,060000,CONTUMAZA,CONTUMAZA,CAJAMARCA
060403,060400,060000,CHILETE,CONTUMAZA,CAJAMARCA
060404,060400,060000,GUZMANGO,CONTUMAZA,CAJAMARCA
060405,060400,060000,SAN BENITO,CONTUMAZA,CAJAMARCA
060406,060400,060000,CUPISNIQUE,CONTUMAZA,CAJAMARCA
060407,060400,060000,TANTARICA,CONTUMAZA,CAJAMARCA
060408,060400,060000,YONAN,CONTUMAZA,CAJAMARCA
060409,060400,060000,SANTA CRUZ DE TOLED,CONTUMAZA,CAJAMARCA
060501,060500,060000,CUTERVO,CUTERVO,CAJAMARCA
060502,060500,060000,CALLAYUC,CUTERVO,CAJAMARCA
060503,060500,060000,CUJILLO,CUTERVO,CAJAMARCA
060504,060500,060000,CHOROS,CUTERVO,CAJAMARCA
060505,060500,060000,LA RAMADA,CUTERVO,CAJAMARCA
060506,060500,060000,PIMPINGOS,CUTERVO,CAJAMARCA
060507,060500,060000,QUEROCOTILLO,CUTERVO,CAJAMARCA
060508,060500,060000,SAN ANDRES DE CUTERVO,CUTERVO,CAJAMARCA
060509,060500,060000,SAN JUAN DE CUTERVO,CUTERVO,CAJAMARCA
060510,060500,060000,SAN LUIS DE LUCMA,CUTERVO,CAJAMARCA
060511,060500,060000,SANTA CRUZ,CUTERVO,CAJAMARCA
060512,060500,060000,SANTO DOMINGO DE LA CAPILLA,CUTERVO,CAJAMARCA
060513,060500,060000,SANTO TOMAS,CUTERVO,CAJAMARCA
060514,060500,060000,SOCOTA,CUTERVO,CAJAMARCA
060515,060500,060000,TORIBIO CASANOVA,CUTERVO,CAJAMARCA
060601,060600,060000,CHOTA,CHOTA,CAJAMARCA
060602,060600,060000,ANGUIA,CHOTA,CAJAMARCA
060603,060600,060000,COCHABAMBA,CHOTA,CAJAMARCA
060604,060600,060000,CONCHAN,CHOTA,CAJAMARCA
060605,060600,060000,CHADIN,CHOTA,CAJAMARCA
060606,060600,060000,CHIGUIRIP,CHOTA,CAJAMARCA
060607,060600,060000,CHIMBAN,CHOTA,CAJAMARCA
060608,060600,060000,HUAMBOS,CHOTA,CAJAMARCA
060609,060600,060000,LAJAS,CHOTA,CAJAMARCA
060610,060600,060000,LLAMA,CHOTA,CAJAMARCA
060611,060600,060000,MIRACOSTA,CHOTA,CAJAMARCA
060612,060600,060000,PACCHA,CHOTA,CAJAMARCA
060613,060600,060000,PION,CHOTA,CAJAMARCA
060614,060600,060000,QUEROCOTO,CHOTA,CAJAMARCA
060615,060600,060000,TACABAMBA,CHOTA,CAJAMARCA
060616,060600,060000,TOCMOCHE,CHOTA,CAJAMARCA
060617,060600,060000,SAN JUAN DE LICUPIS,CHOTA,CAJAMARCA
060618,060600,060000,CHOROPAMPA,CHOTA,CAJAMARCA
060619,060600,060000,CHALAMARCA,CHOTA,CAJAMARCA
060701,060700,060000,BAMBAMARCA,HUALGAYOC,CAJAMARCA
060702,060700,060000,CHUGUR,HUALGAYOC,CAJAMARCA
060703,060700,060000,HUALGAYOC,HUALGAYOC,CAJAMARCA
060801,060800,060000,JAEN,JAEN,CAJAMARCA
060802,060800,060000,BELLAVISTA,JAEN,CAJAMARCA
060803,060800,060000,COLASAY,JAEN,CAJAMARCA
060804,060800,060000,CHONTALI,JAEN,CAJAMARCA
060805,060800,060000,POMAHUACA,JAEN,CAJAMARCA
060806,060800,060000,PUCARA,JAEN,CAJAMARCA
060807,060800,060000,SALLIQUE,JAEN,CAJAMARCA
060808,060800,060000,SAN FELIPE,JAEN,CAJAMARCA
060809,060800,060000,SAN JOSE DEL ALTO,JAEN,CAJAMARCA
060810,060800,060000,SANTA ROSA,JAEN,CAJAMARCA
060811,060800,060000,LAS PIRIAS,JAEN,CAJAMARCA
060812,060800,060000,HUABAL,JAEN,CAJAMARCA
060901,060900,060000,SANTA CRUZ,SANTA CRUZ,CAJAMARCA
060902,060900,060000,CATACHE,SANTA CRUZ,CAJAMARCA
060903,060900,060000,CHANCAYBAÑOS,SANTA CRUZ,CAJAMARCA
060904,060900,060000,LA ESPERANZA,SANTA CRUZ,CAJAMARCA
060905,060900,060000,NINABAMBA,SANTA CRUZ,CAJAMARCA
060906,060900,060000,PULAN,SANTA CRUZ,CAJAMARCA
060907,060900,060000,SEXI,SANTA CRUZ,CAJAMARCA
060908,060900,060000,UTICYACU,SANTA CRUZ,CAJAMARCA
060909,060900,060000,YAUYUCAN,SANTA CRUZ,CAJAMARCA
060910,060900,060000,ANDABAMBA,SANTA CRUZ,CAJAMARCA
060911,060900,060000,SAUCEPAMPA,SANTA CRUZ,CAJAMARCA
061001,061000,060000,SAN MIGUEL,SAN MIGUEL,CAJAMARCA
061002,061000,060000,CALQUIS,SAN MIGUEL,CAJAMARCA
061003,061000,060000,LA FLORIDA,SAN MIGUEL,CAJAMARCA
061004,061000,060000,LLAPA,SAN MIGUEL,CAJAMARCA
061005,061000,060000,NANCHOC,SAN MIGUEL,CAJAMARCA
061006,061000,060000,NIEPOS,SAN MIGUEL,CAJAMARCA
061007,061000,060000,SAN GREGORIO,SAN MIGUEL,CAJAMARCA
061008,061000,060000,SAN SILVESTRE DE COCHAN,SAN MIGUEL,CAJAMARCA
061009,061000,060000,EL PRADO,SAN MIGUEL,CAJAMARCA
061010,061000,060000,UNION AGUA BLANCA,SAN MIGUEL,CAJAMARCA
061011,061000,060000,TONGOD,SAN MIGUEL,CAJAMARCA
061012,061000,060000,CATILLUC,SAN MIGUEL,CAJAMARCA
061013,061000,060000,BOLIVAR,SAN MIGUEL,CAJAMARCA
061101,061100,060000,SAN IGNACIO,SAN IGNACIO,CAJAMARCA
061102,061100,060000,CHIRINOS,SAN IGNACIO,CAJAMARCA
061103,061100,060000,HUARANGO,SAN IGNACIO,CAJAMARCA
061104,061100,060000,NAMBALLE,SAN IGNACIO,CAJAMARCA
061105,061100,060000,LA COIPA,SAN IGNACIO,CAJAMARCA
061106,061100,060000,SAN JOSE DE LOURDES,SAN IGNACIO,CAJAMARCA
061107,061100,060000,TABACONAS,SAN IGNACIO,CAJAMARCA
061201,061200,060000,PEDRO GALVEZ,SAN MARCOS,CAJAMARCA
061202,061200,060000,ICHOCAN,SAN MARCOS,CAJAMARCA
061203,061200,060000,GREGORIO PITA,SAN MARCOS,CAJAMARCA
061204,061200,060000,JOSE MANUEL QUIROZ,SAN MARCOS,CAJAMARCA
061205,061200,060000,EDUARDO VILLANUEVA,SAN MARCOS,CAJAMARCA
061206,061200,060000,JOSE SABOGAL,SAN MARCOS,CAJAMARCA
061207,061200,060000,CHANCAY,SAN MARCOS,CAJAMARCA
061301,061300,060000,SAN PABLO,SAN PABLO,CAJAMARCA
061302,061300,060000,SAN BERNARDINO,SAN PABLO,CAJAMARCA
061303,061300,060000,SAN LUIS,SAN PABLO,CAJAMARCA
061304,061300,060000,TUMBADEN,SAN PABLO,CAJAMARCA
070101,070100,070000,CUSCO,CUSCO,CUSCO
070102,070100,070000,CCORCA,CUSCO,CUSCO
070103,070100,070000,POROY,CUSCO,CUSCO
070104,070100,070000,SAN JERONIMO,CUSCO,CUSCO
070105,070100,070000,SAN SEBASTIAN,CUSCO,CUSCO
070106,070100,070000,SANTIAGO,CUSCO,CUSCO
070107,070100,070000,SAYLLA,CUSCO,CUSCO
070108,070100,070000,WANCHAQ,CUSCO,CUSCO
070201,070200,070000,ACOMAYO,ACOMAYO,CUSCO
070202,070200,070000,ACOPIA,ACOMAYO,CUSCO
070203,070200,070000,ACOS,ACOMAYO,CUSCO
070204,070200,070000,POMACANCHI,ACOMAYO,CUSCO
070205,070200,070000,RONDOCAN,ACOMAYO,CUSCO
070206,070200,070000,SANGARARA,ACOMAYO,CUSCO
070207,070200,070000,MOSOC LLACTA,ACOMAYO,CUSCO
070301,070300,070000,ANTA,ANTA,CUSCO
070302,070300,070000,CHINCHAYPUJIO,ANTA,CUSCO
070303,070300,070000,HUAROCONDO,ANTA,CUSCO
070304,070300,070000,LIMATAMBO,ANTA,CUSCO
070305,070300,070000,MOLLEPATA,ANTA,CUSCO
070306,070300,070000,PUCYURA,ANTA,CUSCO
070307,070300,070000,ZURITE,ANTA,CUSCO
070308,070300,070000,CACHIMAYO,ANTA,CUSCO
070309,070300,070000,ANCAHUASI,ANTA,CUSCO
070401,070400,070000,CALCA,CALCA,CUSCO
070402,070400,070000,COYA,CALCA,CUSCO
070403,070400,070000,LAMAY,CALCA,CUSCO
070404,070400,070000,LARES,CALCA,CUSCO
070405,070400,070000,PISAC,CALCA,CUSCO
070406,070400,070000,SAN SALVADOR,CALCA,CUSCO
070407,070400,070000,TARAY,CALCA,CUSCO
070408,070400,070000,YANATILE,CALCA,CUSCO
070501,070500,070000,YANAOCA,CANAS,CUSCO
070502,070500,070000,CHECCA,CANAS,CUSCO
070503,070500,070000,KUNTURKANKI,CANAS,CUSCO
070504,070500,070000,LANGUI,CANAS,CUSCO
070505,070500,070000,LAYO,CANAS,CUSCO
070506,070500,070000,PAMPAMARCA,CANAS,CUSCO
070507,070500,070000,QUEHUE,CANAS,CUSCO
070508,070500,070000,TUPAC AMARU,CANAS,CUSCO
070601,070600,070000,SICUANI,CANCHIS,CUSCO
070602,070600,070000,COMBAPATA,CANCHIS,CUSCO
070603,070600,070000,CHECACUPE,CANCHIS,CUSCO
070604,070600,070000,MARANGANI,CANCHIS,CUSCO
070605,070600,070000,PITUMARCA,CANCHIS,CUSCO
070606,070600,070000,SAN PABLO,CANCHIS,CUSCO
070607,070600,070000,SAN PEDRO,CANCHIS,CUSCO
070608,070600,070000,TINTA,CANCHIS,CUSCO
070701,070700,070000,SANTO TOMAS,CHUMBIVILCAS,CUSCO
070702,070700,070000,CAPACMARCA,CHUMBIVILCAS,CUSCO
070703,070700,070000,COLQUEMARCA,CHUMBIVILCAS,CUSCO
070704,070700,070000,CHAMACA,CHUMBIVILCAS,CUSCO
070705,070700,070000,LIVITACA,CHUMBIVILCAS,CUSCO
070706,070700,070000,LLUSCO,CHUMBIVILCAS,CUSCO
070707,070700,070000,QUIÑOTA,CHUMBIVILCAS,CUSCO
070708,070700,070000,VELILLE,CHUMBIVILCAS,CUSCO
070801,070800,070000,ESPINAR,ESPINAR,CUSCO
070802,070800,070000,CONDOROMA,ESPINAR,CUSCO
070803,070800,070000,COPORAQUE,ESPINAR,CUSCO
070804,070800,070000,OCORURO,ESPINAR,CUSCO
070805,070800,070000,PALLPATA,ESPINAR,CUSCO
070806,070800,070000,PICHIGUA,ESPINAR,CUSCO
070807,070800,070000,SUYCKUTAMBO,ESPINAR,CUSCO
070808,070800,070000,ALTO PICHIGUA,ESPINAR,CUSCO
070901,070900,070000,SANTA ANA,LA CONVENCION,CUSCO
070902,070900,070000,ECHARATE,LA CONVENCION,CUSCO
070903,070900,070000,HUAYOPATA,LA CONVENCION,CUSCO
070904,070900,070000,MARANURA,LA CONVENCION,CUSCO
070905,070900,070000,OCOBAMBA,LA CONVENCION,CUSCO
070906,070900,070000,SANTA TERESA,LA CONVENCION,CUSCO
070907,070900,070000,VILCABAMBA,LA CONVENCION,CUSCO
070908,070900,070000,QUELLOUNO,LA CONVENCION,CUSCO
070909,070900,070000,KIMBIRI,LA CONVENCION,CUSCO
070910,070900,070000,PICHARI,LA CONVENCION,CUSCO
070911,070900,070000,INKAWASI,LA CONVENCION,CUSCO
070912,070900,070000,VILLA VIRGEN,LA CONVENCION,CUSCO
070913,070900,070000,VILLA KINTIARINA,LA CONVENCION,CUSCO
070915,070900,070000,MEGANTONI,LA CONVENCION,CUSCO
070916,070900,070000,KUMPIRUSHIATO,LA CONVENCIÓN,CUSCO
070917,070900,070000,CIELO PUNCO,LA CONVENCION,CUSCO
070918,070900,070000,KUMPIRUSHIATO,LA CONVENCION,CUSCO
070919,070900,070000,UNION ASHANINKA,LA CONVENCION,CUSCO
071001,071000,070000,PARURO,PARURO,CUSCO
071002,071000,070000,ACCHA,PARURO,CUSCO
071003,071000,070000,CCAPI,PARURO,CUSCO
071004,071000,070000,COLCHA,PARURO,CUSCO
071005,071000,070000,HUANOQUITE,PARURO,CUSCO
071006,071000,070000,OMACHA,PARURO,CUSCO
071007,071000,070000,YAURISQUE,PARURO,CUSCO
071008,071000,070000,PACCARITAMBO,PARURO,CUSCO
071009,071000,070000,PILLPINTO,PARURO,CUSCO
071101,071100,070000,PAUCARTAMBO,PAUCARTAMBO,CUSCO
071102,071100,070000,CAICAY,PAUCARTAMBO,CUSCO
071103,071100,070000,COLQUEPATA,PAUCARTAMBO,CUSCO
071104,071100,070000,CHALLABAMBA,PAUCARTAMBO,CUSCO
071105,071100,070000,KOSÑIPATA,PAUCARTAMBO,CUSCO
071106,071100,070000,HUANCARANI,PAUCARTAMBO,CUSCO
071201,071200,070000,URCOS,QUISPICANCHI,CUSCO
071202,071200,070000,ANDAHUAYLILLAS,QUISPICANCHI,CUSCO
071203,071200,070000,CAMANTI,QUISPICANCHI,CUSCO
071204,071200,070000,CCARHUAYO,QUISPICANCHI,CUSCO
071205,071200,070000,CCATCA,QUISPICANCHI,CUSCO
071206,071200,070000,CUSIPATA,QUISPICANCHI,CUSCO
071207,071200,070000,HUARO,QUISPICANCHI,CUSCO
071208,071200,070000,LUCRE,QUISPICANCHI,CUSCO
071209,071200,070000,MARCAPATA,QUISPICANCHI,CUSCO
071210,071200,070000,OCONGATE,QUISPICANCHI,CUSCO
071211,071200,070000,OROPESA,QUISPICANCHI,CUSCO
071212,071200,070000,QUIQUIJANA,QUISPICANCHI,CUSCO
071301,071300,070000,URUBAMBA,URUBAMBA,CUSCO
071302,071300,070000,CHINCHERO,URUBAMBA,CUSCO
071303,071300,070000,HUAYLLABAMBA,URUBAMBA,CUSCO
071304,071300,070000,MACHUPICCHU,URUBAMBA,CUSCO
071305,071300,070000,MARAS,URUBAMBA,CUSCO
071306,071300,070000,OLLANTAYTAMBO,URUBAMBA,CUSCO
071307,071300,070000,YUCAY,URUBAMBA,CUSCO
080101,080100,080000,HUANCAVELICA,HUANCAVELICA,HUANCAVELICA
080102,080100,080000,ACOBAMBILLA,HUANCAVELICA,HUANCAVELICA
080103,080100,080000,ACORIA,HUANCAVELICA,HUANCAVELICA
080104,080100,080000,CONAYCA,HUANCAVELICA,HUANCAVELICA
080105,080100,080000,CUENCA,HUANCAVELICA,HUANCAVELICA
080106,080100,080000,HUACHOCOLPA,HUANCAVELICA,HUANCAVELICA
080108,080100,080000,HUAYLLAHUARA,HUANCAVELICA,HUANCAVELICA
080109,080100,080000,IZCUCHACA,HUANCAVELICA,HUANCAVELICA
080110,080100,080000,LARIA,HUANCAVELICA,HUANCAVELICA
080111,080100,080000,MANTA,HUANCAVELICA,HUANCAVELICA
080112,080100,080000,MARISCAL CACERES,HUANCAVELICA,HUANCAVELICA
080113,080100,080000,MOYA,HUANCAVELICA,HUANCAVELICA
080114,080100,080000,NUEVO OCCORO,HUANCAVELICA,HUANCAVELICA
080115,080100,080000,PALCA,HUANCAVELICA,HUANCAVELICA
080116,080100,080000,PILCHACA,HUANCAVELICA,HUANCAVELICA
080117,080100,080000,VILCA,HUANCAVELICA,HUANCAVELICA
080118,080100,080000,YAULI,HUANCAVELICA,HUANCAVELICA
080119,080100,080000,ASCENSION,HUANCAVELICA,HUANCAVELICA
080120,080100,080000,HUANDO,HUANCAVELICA,HUANCAVELICA
080201,080200,080000,ACOBAMBA,ACOBAMBA,HUANCAVELICA
080202,080200,080000,ANTA,ACOBAMBA,HUANCAVELICA
080203,080200,080000,ANDABAMBA,ACOBAMBA,HUANCAVELICA
080204,080200,080000,CAJA,ACOBAMBA,HUANCAVELICA
080205,080200,080000,MARCAS,ACOBAMBA,HUANCAVELICA
080206,080200,080000,PAUCARA,ACOBAMBA,HUANCAVELICA
080207,080200,080000,POMACOCHA,ACOBAMBA,HUANCAVELICA
080208,080200,080000,ROSARIO,ACOBAMBA,HUANCAVELICA
080301,080300,080000,LIRCAY,ANGARAES,HUANCAVELICA
080302,080300,080000,ANCHONGA,ANGARAES,HUANCAVELICA
080303,080300,080000,CALLANMARCA,ANGARAES,HUANCAVELICA
080304,080300,080000,CONGALLA,ANGARAES,HUANCAVELICA
080305,080300,080000,CHINCHO,ANGARAES,HUANCAVELICA
080306,080300,080000,HUALLAY-GRANDE,ANGARAES,HUANCAVELICA
080307,080300,080000,HUANCA-HUANCA,ANGARAES,HUANCAVELICA
080308,080300,080000,JULCAMARCA,ANGARAES,HUANCAVELICA
080309,080300,080000,SAN ANTONIO DE ANTAPARCO,ANGARAES,HUANCAVELICA
080310,080300,080000,SANTO TOMAS DE PATA,ANGARAES,HUANCAVELICA
080311,080300,080000,SECCLLA,ANGARAES,HUANCAVELICA
080312,080300,080000,CCOCHACCASA,ANGARAES,HUANCAVELICA
080401,080400,080000,CASTROVIRREYNA,CASTROVIRREYNA,HUANCAVELICA
080402,080400,080000,ARMA,CASTROVIRREYNA,HUANCAVELICA
080403,080400,080000,AURAHUA,CASTROVIRREYNA,HUANCAVELICA
080405,080400,080000,CAPILLAS,CASTROVIRREYNA,HUANCAVELICA
080406,080400,080000,COCAS,CASTROVIRREYNA,HUANCAVELICA
080408,080400,080000,CHUPAMARCA,CASTROVIRREYNA,HUANCAVELICA
080409,080400,080000,HUACHOS,CASTROVIRREYNA,HUANCAVELICA
080410,080400,080000,HUAMATAMBO,CASTROVIRREYNA,HUANCAVELICA
080414,080400,080000,MOLLEPAMPA,CASTROVIRREYNA,HUANCAVELICA
080422,080400,080000,SAN JUAN,CASTROVIRREYNA,HUANCAVELICA
080427,080400,080000,TANTARA,CASTROVIRREYNA,HUANCAVELICA
080428,080400,080000,TICRAPO,CASTROVIRREYNA,HUANCAVELICA
080429,080400,080000,SANTA ANA,CASTROVIRREYNA,HUANCAVELICA
080501,080500,080000,PAMPAS,TAYACAJA,HUANCAVELICA
080502,080500,080000,ACOSTAMBO,TAYACAJA,HUANCAVELICA
080503,080500,080000,ACRAQUIA,TAYACAJA,HUANCAVELICA
080504,080500,080000,AHUAYCHA,TAYACAJA,HUANCAVELICA
080506,080500,080000,COLCABAMBA,TAYACAJA,HUANCAVELICA
080509,080500,080000,DANIEL HERNANDEZ,TAYACAJA,HUANCAVELICA
080511,080500,080000,HUACHOCOLPA,TAYACAJA,HUANCAVELICA
080512,080500,080000,HUARIBAMBA,TAYACAJA,HUANCAVELICA
080515,080500,080000,ÑAHUIMPUQUIO,TAYACAJA,HUANCAVELICA
080517,080500,080000,PAZOS,TAYACAJA,HUANCAVELICA
080518,080500,080000,QUISHUAR,TAYACAJA,HUANCAVELICA
080519,080500,080000,SALCABAMBA,TAYACAJA,HUANCAVELICA
080520,080500,080000,SAN MARCOS DE ROCCHAC,TAYACAJA,HUANCAVELICA
080523,080500,080000,SURCUBAMBA,TAYACAJA,HUANCAVELICA
080525,080500,080000,TINTAY PUNCU,TAYACAJA,HUANCAVELICA
080526,080500,080000,SALCAHUASI,TAYACAJA,HUANCAVELICA
080528,080500,080000,QUICHUAS,TAYACAJA,HUANCAVELICA
080529,080500,080000,ANDAYMARCA,TAYACAJA,HUANCAVELICA
080530,080500,080000,ROBLE,TAYACAJA,HUANCAVELICA
080531,080500,080000,PICHOS,TAYACAJA,HUANCAVELICA
080532,080500,080000,SANTIAGO DE TUCUMA,TAYACAJA,HUANCAVELICA
080533,080500,080000,LAMBRAS,TAYACAJA,HUANCAVELICA
080534,080500,080000,COCHABAMBA,TAYACAJA,HUANCAVELICA
080601,080600,080000,AYAVI,HUAYTARA,HUANCAVELICA
080602,080600,080000,CORDOVA,HUAYTARA,HUANCAVELICA
080603,080600,080000,HUAYACUNDO ARMA,HUAYTARA,HUANCAVELICA
080604,080600,080000,HUAYTARA,HUAYTARA,HUANCAVELICA
080605,080600,080000,LARAMARCA,HUAYTARA,HUANCAVELICA
080606,080600,080000,OCOYO,HUAYTARA,HUANCAVELICA
080607,080600,080000,PILPICHACA,HUAYTARA,HUANCAVELICA
080608,080600,080000,QUERCO,HUAYTARA,HUANCAVELICA
080609,080600,080000,QUITO-ARMA,HUAYTARA,HUANCAVELICA
080610,080600,080000,SAN ANTONIO DE CUSICANCHA,HUAYTARA,HUANCAVELICA
080611,080600,080000,SAN FRANCISCO DE SANGAYAICO,HUAYTARA,HUANCAVELICA
080612,080600,080000,SAN ISIDRO,HUAYTARA,HUANCAVELICA
080613,080600,080000,SANTIAGO DE CHOCORVOS,HUAYTARA,HUANCAVELICA
080614,080600,080000,SANTIAGO DE QUIRAHUARA,HUAYTARA,HUANCAVELICA
080615,080600,080000,SANTO DOMINGO DE CAPILLAS,HUAYTARA,HUANCAVELICA
080616,080600,080000,TAMBO,HUAYTARA,HUANCAVELICA
080701,080700,080000,CHURCAMPA,CHURCAMPA,HUANCAVELICA
080702,080700,080000,ANCO,CHURCAMPA,HUANCAVELICA
080703,080700,080000,CHINCHIHUASI,CHURCAMPA,HUANCAVELICA
080704,080700,080000,EL CARMEN,CHURCAMPA,HUANCAVELICA
080705,080700,080000,LA MERCED,CHURCAMPA,HUANCAVELICA
080706,080700,080000,LOCROJA,CHURCAMPA,HUANCAVELICA
080707,080700,080000,PAUCARBAMBA,CHURCAMPA,HUANCAVELICA
080708,080700,080000,SAN MIGUEL DE MAYOCC,CHURCAMPA,HUANCAVELICA
080709,080700,080000,SAN PEDRO DE CORIS,CHURCAMPA,HUANCAVELICA
080710,080700,080000,PACHAMARCA,CHURCAMPA,HUANCAVELICA
080711,080700,080000,COSME,CHURCAMPA,HUANCAVELICA
090101,090100,090000,HUANUCO,HUANUCO,HUANUCO
090102,090100,090000,CHINCHAO,HUANUCO,HUANUCO
090103,090100,090000,CHURUBAMBA,HUANUCO,HUANUCO
090104,090100,090000,MARGOS,HUANUCO,HUANUCO
090105,090100,090000,QUISQUI,HUANUCO,HUANUCO
090106,090100,090000,SAN FRANCISCO DE CAYRAN,HUANUCO,HUANUCO
090107,090100,090000,SAN PEDRO DE CHAULAN,HUANUCO,HUANUCO
090108,090100,090000,SANTA MARIA DEL VALLE,HUANUCO,HUANUCO
090109,090100,090000,YARUMAYO,HUANUCO,HUANUCO
090110,090100,090000,AMARILIS,HUANUCO,HUANUCO
090111,090100,090000,PILLCO MARCA,HUANUCO,HUANUCO
090112,090100,090000,YACUS,HUANUCO,HUANUCO
090113,090100,090000,SAN PABLO DE PILLAO,HUANUCO,HUANUCO
090201,090200,090000,AMBO,AMBO,HUANUCO
090202,090200,090000,CAYNA,AMBO,HUANUCO
090203,090200,090000,COLPAS,AMBO,HUANUCO
090204,090200,090000,CONCHAMARCA,AMBO,HUANUCO
090205,090200,090000,HUACAR,AMBO,HUANUCO
090206,090200,090000,SAN FRANCISCO,AMBO,HUANUCO
090207,090200,090000,SAN RAFAEL,AMBO,HUANUCO
090208,090200,090000,TOMAY-KICHWA,AMBO,HUANUCO
090301,090300,090000,LA UNION,DOS DE MAYO,HUANUCO
090307,090300,090000,CHUQUIS,DOS DE MAYO,HUANUCO
090312,090300,090000,MARIAS,DOS DE MAYO,HUANUCO
090314,090300,090000,PACHAS,DOS DE MAYO,HUANUCO
090316,090300,090000,QUIVILLA,DOS DE MAYO,HUANUCO
090317,090300,090000,RIPAN,DOS DE MAYO,HUANUCO
090321,090300,090000,SHUNQUI,DOS DE MAYO,HUANUCO
090322,090300,090000,SILLAPATA,DOS DE MAYO,HUANUCO
090323,090300,090000,YANAS,DOS DE MAYO,HUANUCO
090401,090400,090000,LLATA,HUAMALIES,HUANUCO
090402,090400,090000,ARANCAY,HUAMALIES,HUANUCO
090403,090400,090000,CHAVIN DE PARIARCA,HUAMALIES,HUANUCO
090404,090400,090000,JACAS GRANDE,HUAMALIES,HUANUCO
090405,090400,090000,JIRCAN,HUAMALIES,HUANUCO
090406,090400,090000,MIRAFLORES,HUAMALIES,HUANUCO
090407,090400,090000,MONZON,HUAMALIES,HUANUCO
090408,090400,090000,PUNCHAO,HUAMALIES,HUANUCO
090409,090400,090000,PUÑOS,HUAMALIES,HUANUCO
090410,090400,090000,SINGA,HUAMALIES,HUANUCO
090411,090400,090000,TANTAMAYO,HUAMALIES,HUANUCO
090501,090500,090000,HUACRACHUCO,MARAÑON,HUANUCO
090502,090500,090000,CHOLON,MARAÑON,HUANUCO
090505,090500,090000,SAN BUENAVENTURA,MARAÑON,HUANUCO
090506,090500,090000,LA MORADA,MARAÑON,HUANUCO
090507,090500,090000,SANTA ROSA DE ALTO YANAJANCA,MARAÑON,HUANUCO
090601,090600,090000,RUPA-RUPA,LEONCIO PRADO,HUANUCO
090602,090600,090000,DANIEL ALOMIA ROBLES,LEONCIO PRADO,HUANUCO
090603,090600,090000,HERMILIO VALDIZAN,LEONCIO PRADO,HUANUCO
090604,090600,090000,LUYANDO,LEONCIO PRADO,HUANUCO
090605,090600,090000,MARIANO DAMASO BERAUN,LEONCIO PRADO,HUANUCO
090606,090600,090000,JOSE CRESPO Y CASTILLO,LEONCIO PRADO,HUANUCO
090607,090600,090000,PUCAYACU,LEONCIO PRADO,HUANUCO
090608,090600,090000,CASTILLO GRANDE,LEONCIO PRADO,HUANUCO
090609,090600,090000,PUEBLO NUEVO,LEONCIO PRADO,HUANUCO
090610,090600,090000,SANTO DOMINGO DE ANDA,LEONCIO PRADO,HUANUCO
090701,090700,090000,PANAO,PACHITEA,HUANUCO
090702,090700,090000,CHAGLLA,PACHITEA,HUANUCO
090704,090700,090000,MOLINO,PACHITEA,HUANUCO
090706,090700,090000,UMARI,PACHITEA,HUANUCO
090801,090800,090000,HONORIA,PUERTO INCA,HUANUCO
090802,090800,090000,PUERTO INCA,PUERTO INCA,HUANUCO
090803,090800,090000,CODO DEL POZUZO,PUERTO INCA,HUANUCO
090804,090800,090000,TOURNAVISTA,PUERTO INCA,HUANUCO
090805,090800,090000,YUYAPICHIS,PUERTO INCA,HUANUCO
090901,090900,090000,HUACAYBAMBA,HUACAYBAMBA,HUANUCO
090902,090900,090000,PINRA,HUACAYBAMBA,HUANUCO
090903,090900,090000,CANCHABAMBA,HUACAYBAMBA,HUANUCO
090904,090900,090000,COCHABAMBA,HUACAYBAMBA,HUANUCO
091001,091000,090000,JESUS,LAURICOCHA,HUANUCO
091002,091000,090000,BAÑOS,LAURICOCHA,HUANUCO
091003,091000,090000,SAN FRANCISCO DE ASIS,LAURICOCHA,HUANUCO
091004,091000,090000,QUEROPALCA,LAURICOCHA,HUANUCO
091005,091000,090000,SAN MIGUEL DE CAURI,LAURICOCHA,HUANUCO
091006,091000,090000,RONDOS,LAURICOCHA,HUANUCO
091007,091000,090000,JIVIA,LAURICOCHA,HUANUCO
091101,091100,090000,CHAVINILLO,YAROWILCA,HUANUCO
091102,091100,090000,APARICIO POMARES,YAROWILCA,HUANUCO
091103,091100,090000,CAHUAC,YAROWILCA,HUANUCO
091104,091100,090000,CHACABAMBA,YAROWILCA,HUANUCO
091105,091100,090000,JACAS CHICO,YAROWILCA,HUANUCO
091106,091100,090000,OBAS,YAROWILCA,HUANUCO
091107,091100,090000,PAMPAMARCA,YAROWILCA,HUANUCO
091108,091100,090000,CHORAS,YAROWILCA,HUANUCO
100101,100100,100000,ICA,ICA,ICA
100102,100100,100000,LA TINGUIÑA,ICA,ICA
100103,100100,100000,LOS AQUIJES,ICA,ICA
100104,100100,100000,PARCONA,ICA,ICA
100105,100100,100000,PUEBLO NUEVO,ICA,ICA
100106,100100,100000,SALAS,ICA,ICA
100107,100100,100000,SAN JOSE DE LOS MOLINOS,ICA,ICA
100108,100100,100000,SAN JUAN BAUTISTA,ICA,ICA
100109,100100,100000,SANTIAGO,ICA,ICA
100110,100100,100000,SUBTANJALLA,ICA,ICA
100111,100100,100000,YAUCA DEL ROSARIO,ICA,ICA
100112,100100,100000,TATE,ICA,ICA
100113,100100,100000,PACHACUTEC,ICA,ICA
100114,100100,100000,OCUCAJE,ICA,ICA
100201,100200,100000,CHINCHA ALTA,CHINCHA,ICA
100202,100200,100000,CHAVIN,CHINCHA,ICA
100203,100200,100000,CHINCHA BAJA,CHINCHA,ICA
100204,100200,100000,EL CARMEN,CHINCHA,ICA
100205,100200,100000,GROCIO PRADO,CHINCHA,ICA
100206,100200,100000,SAN PEDRO DE HUACARPANA,CHINCHA,ICA
100207,100200,100000,SUNAMPE,CHINCHA,ICA
100208,100200,100000,TAMBO DE MORA,CHINCHA,ICA
100209,100200,100000,ALTO LARAN,CHINCHA,ICA
100210,100200,100000,PUEBLO NUEVO,CHINCHA,ICA
100211,100200,100000,SAN JUAN DE YANAC,CHINCHA,ICA
100301,100300,100000,NASCA,NASCA,ICA
100302,100300,100000,CHANGUILLO,NASCA,ICA
100303,100300,100000,EL INGENIO,NASCA,ICA
100304,100300,100000,MARCONA,NASCA,ICA
100305,100300,100000,VISTA ALEGRE,NASCA,ICA
100401,100400,100000,PISCO,PISCO,ICA
100402,100400,100000,HUANCANO,PISCO,ICA
100403,100400,100000,HUMAY,PISCO,ICA
100404,100400,100000,INDEPENDENCIA,PISCO,ICA
100405,100400,100000,PARACAS,PISCO,ICA
100406,100400,100000,SAN ANDRES,PISCO,ICA
100407,100400,100000,SAN CLEMENTE,PISCO,ICA
100408,100400,100000,TUPAC AMARU INCA,PISCO,ICA
100501,100500,100000,PALPA,PALPA,ICA
100502,100500,100000,LLIPATA,PALPA,ICA
100503,100500,100000,RIO GRANDE,PALPA,ICA
100504,100500,100000,SANTA CRUZ,PALPA,ICA
100505,100500,100000,TIBILLO,PALPA,ICA
110101,110100,110000,HUANCAYO,HUANCAYO,JUNIN
110103,110100,110000,CARHUACALLANGA,HUANCAYO,JUNIN
110104,110100,110000,COLCA,HUANCAYO,JUNIN
110105,110100,110000,CULLHUAS,HUANCAYO,JUNIN
110106,110100,110000,CHACAPAMPA,HUANCAYO,JUNIN
110107,110100,110000,CHICCHE,HUANCAYO,JUNIN
110108,110100,110000,CHILCA,HUANCAYO,JUNIN
110109,110100,110000,CHONGOS ALTO,HUANCAYO,JUNIN
110112,110100,110000,CHUPURO,HUANCAYO,JUNIN
110113,110100,110000,EL TAMBO,HUANCAYO,JUNIN
110114,110100,110000,HUACRAPUQUIO,HUANCAYO,JUNIN
110116,110100,110000,HUALHUAS,HUANCAYO,JUNIN
110118,110100,110000,HUANCAN,HUANCAYO,JUNIN
110119,110100,110000,HUASICANCHA,HUANCAYO,JUNIN
110120,110100,110000,HUAYUCACHI,HUANCAYO,JUNIN
110121,110100,110000,INGENIO,HUANCAYO,JUNIN
110122,110100,110000,PARIAHUANCA,HUANCAYO,JUNIN
110123,110100,110000,PILCOMAYO,HUANCAYO,JUNIN
110124,110100,110000,PUCARA,HUANCAYO,JUNIN
110125,110100,110000,QUICHUAY,HUANCAYO,JUNIN
110126,110100,110000,QUILCAS,HUANCAYO,JUNIN
110127,110100,110000,SAN AGUSTIN,HUANCAYO,JUNIN
110128,110100,110000,SAN JERONIMO DE TUNAN,HUANCAYO,JUNIN
110131,110100,110000,SANTO DOMINGO DE ACOBAMBA,HUANCAYO,JUNIN
110132,110100,110000,SAÑO,HUANCAYO,JUNIN
110133,110100,110000,SAPALLANGA,HUANCAYO,JUNIN
110134,110100,110000,SICAYA,HUANCAYO,JUNIN
110136,110100,110000,VIQUES,HUANCAYO,JUNIN
110201,110200,110000,CONCEPCION,CONCEPCION,JUNIN
110202,110200,110000,ACO,CONCEPCION,JUNIN
110203,110200,110000,ANDAMARCA,CONCEPCION,JUNIN
110204,110200,110000,COMAS,CONCEPCION,JUNIN
110205,110200,110000,COCHAS,CONCEPCION,JUNIN
110206,110200,110000,CHAMBARA,CONCEPCION,JUNIN
110207,110200,110000,HEROINAS TOLEDO,CONCEPCION,JUNIN
110208,110200,110000,MANZANARES,CONCEPCION,JUNIN
110209,110200,110000,MARISCAL CASTILLA,CONCEPCION,JUNIN
110210,110200,110000,MATAHUASI,CONCEPCION,JUNIN
110211,110200,110000,MITO,CONCEPCION,JUNIN
110212,110200,110000,NUEVE DE JULIO,CONCEPCION,JUNIN
110213,110200,110000,ORCOTUNA,CONCEPCION,JUNIN
110214,110200,110000,SANTA ROSA DE OCOPA,CONCEPCION,JUNIN
110215,110200,110000,SAN JOSE DE QUERO,CONCEPCION,JUNIN
110301,110300,110000,JAUJA,JAUJA,JUNIN
110302,110300,110000,ACOLLA,JAUJA,JUNIN
110303,110300,110000,APATA,JAUJA,JUNIN
110304,110300,110000,ATAURA,JAUJA,JUNIN
110305,110300,110000,CANCHAYLLO,JAUJA,JUNIN
110306,110300,110000,EL MANTARO,JAUJA,JUNIN
110307,110300,110000,HUAMALI,JAUJA,JUNIN
110308,110300,110000,HUARIPAMPA,JAUJA,JUNIN
110309,110300,110000,HUERTAS,JAUJA,JUNIN
110310,110300,110000,JANJAILLO,JAUJA,JUNIN
110311,110300,110000,JULCAN,JAUJA,JUNIN
110312,110300,110000,LEONOR ORDOÑEZ,JAUJA,JUNIN
110313,110300,110000,LLOCLLAPAMPA,JAUJA,JUNIN
110314,110300,110000,MARCO,JAUJA,JUNIN
110315,110300,110000,MASMA,JAUJA,JUNIN
110316,110300,110000,MOLINOS,JAUJA,JUNIN
110317,110300,110000,MONOBAMBA,JAUJA,JUNIN
110318,110300,110000,MUQUI,JAUJA,JUNIN
110319,110300,110000,MUQUIYAUYO,JAUJA,JUNIN
110320,110300,110000,PACA,JAUJA,JUNIN
110321,110300,110000,PACCHA,JAUJA,JUNIN
110322,110300,110000,PANCAN,JAUJA,JUNIN
110323,110300,110000,PARCO,JAUJA,JUNIN
110324,110300,110000,POMACANCHA,JAUJA,JUNIN
110325,110300,110000,RICRAN,JAUJA,JUNIN
110326,110300,110000,SAN LORENZO,JAUJA,JUNIN
110327,110300,110000,SAN PEDRO DE CHUNAN,JAUJA,JUNIN
110328,110300,110000,SINCOS,JAUJA,JUNIN
110329,110300,110000,TUNAN MARCA,JAUJA,JUNIN
110330,110300,110000,YAULI,JAUJA,JUNIN
110331,110300,110000,CURICACA,JAUJA,JUNIN
110332,110300,110000,MASMA CHICCHE,JAUJA,JUNIN
110333,110300,110000,SAUSA,JAUJA,JUNIN
110334,110300,110000,YAUYOS,JAUJA,JUNIN
110401,110400,110000,JUNIN,JUNIN,JUNIN
110402,110400,110000,CARHUAMAYO,JUNIN,JUNIN
110403,110400,110000,ONDORES,JUNIN,JUNIN
110404,110400,110000,ULCUMAYO,JUNIN,JUNIN
110501,110500,110000,TARMA,TARMA,JUNIN
110502,110500,110000,ACOBAMBA,TARMA,JUNIN
110503,110500,110000,HUARICOLCA,TARMA,JUNIN
110504,110500,110000,HUASAHUASI,TARMA,JUNIN
110505,110500,110000,LA UNION,TARMA,JUNIN
110506,110500,110000,PALCA,TARMA,JUNIN
110507,110500,110000,PALCAMAYO,TARMA,JUNIN
110508,110500,110000,SAN PEDRO DE CAJAS,TARMA,JUNIN
110509,110500,110000,TAPO,TARMA,JUNIN
110601,110600,110000,LA OROYA,YAULI,JUNIN
110602,110600,110000,CHACAPALPA,YAULI,JUNIN
110603,110600,110000,HUAY-HUAY,YAULI,JUNIN
110604,110600,110000,MARCAPOMACOCHA,YAULI,JUNIN
110605,110600,110000,MOROCOCHA,YAULI,JUNIN
110606,110600,110000,PACCHA,YAULI,JUNIN
110607,110600,110000,SANTA BARBARA DE CARHUACAYAN,YAULI,JUNIN
110608,110600,110000,SUITUCANCHA,YAULI,JUNIN
110609,110600,110000,YAULI,YAULI,JUNIN
110610,110600,110000,SANTA ROSA DE SACCO,YAULI,JUNIN
110701,110700,110000,SATIPO,SATIPO,JUNIN
110702,110700,110000,COVIRIALI,SATIPO,JUNIN
110703,110700,110000,LLAYLLA,SATIPO,JUNIN
110704,110700,110000,MAZAMARI,SATIPO,JUNIN
110705,110700,110000,PAMPA HERMOSA,SATIPO,JUNIN
110706,110700,110000,PANGOA,SATIPO,JUNIN
110707,110700,110000,RIO NEGRO,SATIPO,JUNIN
110708,110700,110000,RIO TAMBO,SATIPO,JUNIN
110709,110700,110000,VIZCATAN DEL ENE,SATIPO,JUNIN
110801,110800,110000,CHANCHAMAYO,CHANCHAMAYO,JUNIN
110802,110800,110000,SAN RAMON,CHANCHAMAYO,JUNIN
110803,110800,110000,VITOC,CHANCHAMAYO,JUNIN
110804,110800,110000,SAN LUIS DE SHUARO,CHANCHAMAYO,JUNIN
110805,110800,110000,PICHANAQUI,CHANCHAMAYO,JUNIN
110806,110800,110000,PERENE,CHANCHAMAYO,JUNIN
110901,110900,110000,CHUPACA,CHUPACA,JUNIN
110902,110900,110000,AHUAC,CHUPACA,JUNIN
110903,110900,110000,CHONGOS BAJO,CHUPACA,JUNIN
110904,110900,110000,HUACHAC,CHUPACA,JUNIN
110905,110900,110000,HUAMANCACA CHICO,CHUPACA,JUNIN
110906,110900,110000,SAN JUAN DE YSCOS,CHUPACA,JUNIN
110907,110900,110000,SAN JUAN DE JARPA,CHUPACA,JUNIN
110908,110900,110000,TRES DE DICIEMBRE,CHUPACA,JUNIN
110909,110900,110000,YANACANCHA,CHUPACA,JUNIN
120101,120100,120000,TRUJILLO,TRUJILLO,LA LIBERTAD
120102,120100,120000,HUANCHACO,TRUJILLO,LA LIBERTAD
120103,120100,120000,LAREDO,TRUJILLO,LA LIBERTAD
120104,120100,120000,MOCHE,TRUJILLO,LA LIBERTAD
120105,120100,120000,SALAVERRY,TRUJILLO,LA LIBERTAD
120106,120100,120000,SIMBAL,TRUJILLO,LA LIBERTAD
120107,120100,120000,VICTOR LARCO HERRERA,TRUJILLO,LA LIBERTAD
120109,120100,120000,POROTO,TRUJILLO,LA LIBERTAD
120110,120100,120000,EL PORVENIR,TRUJILLO,LA LIBERTAD
120111,120100,120000,LA ESPERANZA,TRUJILLO,LA LIBERTAD
120112,120100,120000,FLORENCIA DE MORA,TRUJILLO,LA LIBERTAD
120113,120100,120000,ALTO TRUJILLO,TRUJILLO,LA LIBERTAD
120201,120200,120000,BOLIVAR,BOLIVAR,LA LIBERTAD
120202,120200,120000,BAMBAMARCA,BOLIVAR,LA LIBERTAD
120203,120200,120000,CONDORMARCA,BOLIVAR,LA LIBERTAD
120204,120200,120000,LONGOTEA,BOLIVAR,LA LIBERTAD
120205,120200,120000,UCUNCHA,BOLIVAR,LA LIBERTAD
120206,120200,120000,UCHUMARCA,BOLIVAR,LA LIBERTAD
120301,120300,120000,HUAMACHUCO,SANCHEZ CARRION,LA LIBERTAD
120302,120300,120000,COCHORCO,SANCHEZ CARRION,LA LIBERTAD
120303,120300,120000,CURGOS,SANCHEZ CARRION,LA LIBERTAD
120304,120300,120000,CHUGAY,SANCHEZ CARRION,LA LIBERTAD
120305,120300,120000,MARCABAL,SANCHEZ CARRION,LA LIBERTAD
120306,120300,120000,SANAGORAN,SANCHEZ CARRION,LA LIBERTAD
120307,120300,120000,SARIN,SANCHEZ CARRION,LA LIBERTAD
120308,120300,120000,SARTIMBAMBA,SANCHEZ CARRION,LA LIBERTAD
120401,120400,120000,OTUZCO,OTUZCO,LA LIBERTAD
120402,120400,120000,AGALLPAMPA,OTUZCO,LA LIBERTAD
120403,120400,120000,CHARAT,OTUZCO,LA LIBERTAD
120404,120400,120000,HUARANCHAL,OTUZCO,LA LIBERTAD
120405,120400,120000,LA CUESTA,OTUZCO,LA LIBERTAD
120408,120400,120000,PARANDAY,OTUZCO,LA LIBERTAD
120409,120400,120000,SALPO,OTUZCO,LA LIBERTAD
120410,120400,120000,SINSICAP,OTUZCO,LA LIBERTAD
120411,120400,120000,USQUIL,OTUZCO,LA LIBERTAD
120413,120400,120000,MACHE,OTUZCO,LA LIBERTAD
120501,120500,120000,SAN PEDRO DE LLOC,PACASMAYO,LA LIBERTAD
120503,120500,120000,GUADALUPE,PACASMAYO,LA LIBERTAD
120504,120500,120000,JEQUETEPEQUE,PACASMAYO,LA LIBERTAD
120506,120500,120000,PACASMAYO,PACASMAYO,LA LIBERTAD
120508,120500,120000,SAN JOSE,PACASMAYO,LA LIBERTAD
120601,120600,120000,TAYABAMBA,PATAZ,LA LIBERTAD
120602,120600,120000,BULDIBUYO,PATAZ,LA LIBERTAD
120603,120600,120000,CHILLIA,PATAZ,LA LIBERTAD
120604,120600,120000,HUAYLILLAS,PATAZ,LA LIBERTAD
120605,120600,120000,HUANCASPATA,PATAZ,LA LIBERTAD
120606,120600,120000,HUAYO,PATAZ,LA LIBERTAD
120607,120600,120000,ONGON,PATAZ,LA LIBERTAD
120608,120600,120000,PARCOY,PATAZ,LA LIBERTAD
120609,120600,120000,PATAZ,PATAZ,LA LIBERTAD
120610,120600,120000,PIAS,PATAZ,LA LIBERTAD
120611,120600,120000,TAURIJA,PATAZ,LA LIBERTAD
120612,120600,120000,URPAY,PATAZ,LA LIBERTAD
120613,120600,120000,SANTIAGO DE CHALLAS,PATAZ,LA LIBERTAD
120701,120700,120000,SANTIAGO DE CHUCO,SANTIAGO DE CHUCO,LA LIBERTAD
120702,120700,120000,CACHICADAN,SANTIAGO DE CHUCO,LA LIBERTAD
120703,120700,120000,MOLLEBAMBA,SANTIAGO DE CHUCO,LA LIBERTAD
120704,120700,120000,MOLLEPATA,SANTIAGO DE CHUCO,LA LIBERTAD
120705,120700,120000,QUIRUVILCA,SANTIAGO DE CHUCO,LA LIBERTAD
120706,120700,120000,SANTA CRUZ DE CHUCA,SANTIAGO DE CHUCO,LA LIBERTAD
120707,120700,120000,SITABAMBA,SANTIAGO DE CHUCO,LA LIBERTAD
120708,120700,120000,ANGASMARCA,SANTIAGO DE CHUCO,LA LIBERTAD
120801,120800,120000,ASCOPE,ASCOPE,LA LIBERTAD
120802,120800,120000,CHICAMA,ASCOPE,LA LIBERTAD
120803,120800,120000,CHOCOPE,ASCOPE,LA LIBERTAD
120804,120800,120000,SANTIAGO DE CAO,ASCOPE,LA LIBERTAD
120805,120800,120000,MAGDALENA DE CAO,ASCOPE,LA LIBERTAD
120806,120800,120000,PAIJAN,ASCOPE,LA LIBERTAD
120807,120800,120000,RAZURI,ASCOPE,LA LIBERTAD
120808,120800,120000,CASA GRANDE,ASCOPE,LA LIBERTAD
120901,120900,120000,CHEPEN,CHEPEN,LA LIBERTAD
120902,120900,120000,PACANGA,CHEPEN,LA LIBERTAD
120903,120900,120000,PUEBLO NUEVO,CHEPEN,LA LIBERTAD
121001,121000,120000,JULCAN,JULCAN,LA LIBERTAD
121002,121000,120000,CARABAMBA,JULCAN,LA LIBERTAD
121003,121000,120000,CALAMARCA,JULCAN,LA LIBERTAD
121004,121000,120000,HUASO,JULCAN,LA LIBERTAD
121101,121100,120000,CASCAS,GRAN CHIMU,LA LIBERTAD
121102,121100,120000,LUCMA,GRAN CHIMU,LA LIBERTAD
121103,121100,120000,MARMOT,GRAN CHIMU,LA LIBERTAD
121104,121100,120000,SAYAPULLO,GRAN CHIMU,LA LIBERTAD
121201,121200,120000,VIRU,VIRU,LA LIBERTAD
121202,121200,120000,CHAO,VIRU,LA LIBERTAD
121203,121200,120000,GUADALUPITO,VIRU,LA LIBERTAD
130101,130100,130000,CHICLAYO,CHICLAYO,LAMBAYEQUE
130102,130100,130000,CHONGOYAPE,CHICLAYO,LAMBAYEQUE
130103,130100,130000,ETEN,CHICLAYO,LAMBAYEQUE
130104,130100,130000,ETEN PUERTO,CHICLAYO,LAMBAYEQUE
130105,130100,130000,LAGUNAS,CHICLAYO,LAMBAYEQUE
130106,130100,130000,MONSEFU,CHICLAYO,LAMBAYEQUE
130107,130100,130000,NUEVA ARICA,CHICLAYO,LAMBAYEQUE
130108,130100,130000,OYOTUN,CHICLAYO,LAMBAYEQUE
130109,130100,130000,PICSI,CHICLAYO,LAMBAYEQUE
130110,130100,130000,PIMENTEL,CHICLAYO,LAMBAYEQUE
130111,130100,130000,REQUE,CHICLAYO,LAMBAYEQUE
130112,130100,130000,JOSE LEONARDO ORTIZ,CHICLAYO,LAMBAYEQUE
130113,130100,130000,SANTA ROSA,CHICLAYO,LAMBAYEQUE
130114,130100,130000,SAÑA,CHICLAYO,LAMBAYEQUE
130115,130100,130000,LA VICTORIA,CHICLAYO,LAMBAYEQUE
130116,130100,130000,CAYALTI,CHICLAYO,LAMBAYEQUE
130117,130100,130000,PATAPO,CHICLAYO,LAMBAYEQUE
130118,130100,130000,POMALCA,CHICLAYO,LAMBAYEQUE
130119,130100,130000,PUCALA,CHICLAYO,LAMBAYEQUE
130120,130100,130000,TUMAN,CHICLAYO,LAMBAYEQUE
130201,130200,130000,FERREÑAFE,FERREÑAFE,LAMBAYEQUE
130202,130200,130000,INCAHUASI,FERREÑAFE,LAMBAYEQUE
130203,130200,130000,CAÑARIS,FERREÑAFE,LAMBAYEQUE
130204,130200,130000,PITIPO,FERREÑAFE,LAMBAYEQUE
130205,130200,130000,PUEBLO NUEVO,FERREÑAFE,LAMBAYEQUE
130206,130200,130000,MANUEL ANTONIO MESONES MURO,FERREÑAFE,LAMBAYEQUE
130301,130300,130000,LAMBAYEQUE,LAMBAYEQUE,LAMBAYEQUE
130302,130300,130000,CHOCHOPE,LAMBAYEQUE,LAMBAYEQUE
130303,130300,130000,ILLIMO,LAMBAYEQUE,LAMBAYEQUE
130304,130300,130000,JAYANCA,LAMBAYEQUE,LAMBAYEQUE
130305,130300,130000,MOCHUMI,LAMBAYEQUE,LAMBAYEQUE
130306,130300,130000,MORROPE,LAMBAYEQUE,LAMBAYEQUE
130307,130300,130000,MOTUPE,LAMBAYEQUE,LAMBAYEQUE
130308,130300,130000,OLMOS,LAMBAYEQUE,LAMBAYEQUE
130309,130300,130000,PACORA,LAMBAYEQUE,LAMBAYEQUE
130310,130300,130000,SALAS,LAMBAYEQUE,LAMBAYEQUE
130311,130300,130000,SAN JOSE,LAMBAYEQUE,LAMBAYEQUE
130312,130300,130000,TUCUME,LAMBAYEQUE,LAMBAYEQUE
140101,140100,140000,LIMA,LIMA,LIMA
140102,140100,140000,ANCON,LIMA,LIMA
140103,140100,140000,ATE,LIMA,LIMA
140104,140100,140000,BREÑA,LIMA,LIMA
140105,140100,140000,CARABAYLLO,LIMA,LIMA
140106,140100,140000,COMAS,LIMA,LIMA
140107,140100,140000,CHACLACAYO,LIMA,LIMA
140108,140100,140000,CHORRILLOS,LIMA,LIMA
140109,140100,140000,LA VICTORIA,LIMA,LIMA
140110,140100,140000,LA MOLINA,LIMA,LIMA
140111,140100,140000,LINCE,LIMA,LIMA
140112,140100,140000,LURIGANCHO,LIMA,LIMA
140113,140100,140000,LURIN,LIMA,LIMA
140114,140100,140000,MAGDALENA DEL MAR,LIMA,LIMA
140115,140100,140000,MIRAFLORES,LIMA,LIMA
140116,140100,140000,PACHACAMAC,LIMA,LIMA
140117,140100,140000,PUEBLO LIBRE,LIMA,LIMA
140118,140100,140000,PUCUSANA,LIMA,LIMA
140119,140100,140000,PUENTE PIEDRA,LIMA,LIMA
140120,140100,140000,PUNTA HERMOSA,LIMA,LIMA
140121,140100,140000,PUNTA NEGRA,LIMA,LIMA
140122,140100,140000,RIMAC,LIMA,LIMA
140123,140100,140000,SAN BARTOLO,LIMA,LIMA
140124,140100,140000,SAN ISIDRO,LIMA,LIMA
140125,140100,140000,BARRANCO,LIMA,LIMA
140126,140100,140000,SAN MARTIN DE PORRES,LIMA,LIMA
140127,140100,140000,SAN MIGUEL,LIMA,LIMA
140128,140100,140000,SANTA MARIA DEL MAR,LIMA,LIMA
140129,140100,140000,SANTA ROSA,LIMA,LIMA
140130,140100,140000,SANTIAGO DE SURCO,LIMA,LIMA
140131,140100,140000,SURQUILLO,LIMA,LIMA
140132,140100,140000,VILLA MARIA DEL TRIUNFO,LIMA,LIMA
140133,140100,140000,JESUS MARIA,LIMA,LIMA
140134,140100,140000,INDEPENDENCIA,LIMA,LIMA
140135,140100,140000,EL AGUSTINO,LIMA,LIMA
140136,140100,140000,SAN JUAN DE MIRAFLORES,LIMA,LIMA
140137,140100,140000,SAN JUAN DE LURIGANCHO,LIMA,LIMA
140138,140100,140000,SAN LUIS,LIMA,LIMA
140139,140100,140000,CIENEGUILLA,LIMA,LIMA
140140,140100,140000,SAN BORJA,LIMA,LIMA
140141,140100,140000,VILLA EL SALVADOR,LIMA,LIMA
140142,140100,140000,LOS OLIVOS,LIMA,LIMA
140143,140100,140000,SANTA ANITA,LIMA,LIMA
140201,140200,140000,CAJATAMBO,CAJATAMBO,LIMA
140205,140200,140000,COPA,CAJATAMBO,LIMA
140206,140200,140000,GORGOR,CAJATAMBO,LIMA
140207,140200,140000,HUANCAPON,CAJATAMBO,LIMA
140208,140200,140000,MANAS,CAJATAMBO,LIMA
140301,140300,140000,CANTA,CANTA,LIMA
140302,140300,140000,ARAHUAY,CANTA,LIMA
140303,140300,140000,HUAMANTANGA,CANTA,LIMA
140304,140300,140000,HUAROS,CANTA,LIMA
140305,140300,140000,LACHAQUI,CANTA,LIMA
140306,140300,140000,SAN BUENAVENTURA,CANTA,LIMA
140307,140300,140000,SANTA ROSA DE QUIVES,CANTA,LIMA
140401,140400,140000,SAN VICENTE DE CAÑETE,CAÑETE,LIMA
140402,140400,140000,CALANGO,CAÑETE,LIMA
140403,140400,140000,CERRO AZUL,CAÑETE,LIMA
140404,140400,140000,COAYLLO,CAÑETE,LIMA
140405,140400,140000,CHILCA,CAÑETE,LIMA
140406,140400,140000,IMPERIAL,CAÑETE,LIMA
140407,140400,140000,LUNAHUANA,CAÑETE,LIMA
140408,140400,140000,MALA,CAÑETE,LIMA
140409,140400,140000,NUEVO IMPERIAL,CAÑETE,LIMA
140410,140400,140000,PACARAN,CAÑETE,LIMA
140411,140400,140000,QUILMANA,CAÑETE,LIMA
140412,140400,140000,SAN ANTONIO,CAÑETE,LIMA
140413,140400,140000,SAN LUIS,CAÑETE,LIMA
140414,140400,140000,SANTA CRUZ DE FLORES,CAÑETE,LIMA
140415,140400,140000,ZUÑIGA,CAÑETE,LIMA
140416,140400,140000,ASIA,CAÑETE,LIMA
140501,140500,140000,HUACHO,HUAURA,LIMA
140502,140500,140000,AMBAR,HUAURA,LIMA
140504,140500,140000,CALETA DE CARQUIN,HUAURA,LIMA
140505,140500,140000,CHECRAS,HUAURA,LIMA
140506,140500,140000,HUALMAY,HUAURA,LIMA
140507,140500,140000,HUAURA,HUAURA,LIMA
140508,140500,140000,LEONCIO PRADO,HUAURA,LIMA
140509,140500,140000,PACCHO,HUAURA,LIMA
140511,140500,140000,SANTA LEONOR,HUAURA,LIMA
140512,140500,140000,SANTA MARIA,HUAURA,LIMA
140513,140500,140000,SAYAN,HUAURA,LIMA
140516,140500,140000,VEGUETA,HUAURA,LIMA
140601,140600,140000,MATUCANA,HUAROCHIRI,LIMA
140602,140600,140000,ANTIOQUIA,HUAROCHIRI,LIMA
140603,140600,140000,CALLAHUANCA,HUAROCHIRI,LIMA
140604,140600,140000,CARAMPOMA,HUAROCHIRI,LIMA
140605,140600,140000,SAN PEDRO DE CASTA,HUAROCHIRI,LIMA
140606,140600,140000,CUENCA,HUAROCHIRI,LIMA
140607,140600,140000,CHICLA,HUAROCHIRI,LIMA
140608,140600,140000,HUANZA,HUAROCHIRI,LIMA
140609,140600,140000,HUAROCHIRI,HUAROCHIRI,LIMA
140610,140600,140000,LAHUAYTAMBO,HUAROCHIRI,LIMA
140611,140600,140000,LANGA,HUAROCHIRI,LIMA
140612,140600,140000,MARIATANA,HUAROCHIRI,LIMA
140613,140600,140000,RICARDO PALMA,HUAROCHIRI,LIMA
140614,140600,140000,SAN ANDRES DE TUPICOCHA,HUAROCHIRI,LIMA
140615,140600,140000,SAN ANTONIO,HUAROCHIRI,LIMA
140616,140600,140000,SAN BARTOLOME,HUAROCHIRI,LIMA
140617,140600,140000,SAN DAMIAN,HUAROCHIRI,LIMA
140618,140600,140000,SANGALLAYA,HUAROCHIRI,LIMA
140619,140600,140000,SAN JUAN DE TANTARANCHE,HUAROCHIRI,LIMA
140620,140600,140000,SAN LORENZO DE QUINTI,HUAROCHIRI,LIMA
140621,140600,140000,SAN MATEO,HUAROCHIRI,LIMA
140622,140600,140000,SAN MATEO DE OTAO,HUAROCHIRI,LIMA
140623,140600,140000,SAN PEDRO DE HUANCAYRE,HUAROCHIRI,LIMA
140624,140600,140000,SANTA CRUZ DE COCACHACRA,HUAROCHIRI,LIMA
140625,140600,140000,SANTA EULALIA,HUAROCHIRI,LIMA
140626,140600,140000,SANTIAGO DE ANCHUCAYA,HUAROCHIRI,LIMA
140627,140600,140000,SANTIAGO DE TUNA,HUAROCHIRI,LIMA
140628,140600,140000,SANTO DOMINGO DE LOS OLLEROS,HUAROCHIRI,LIMA
140629,140600,140000,SURCO,HUAROCHIRI,LIMA
140630,140600,140000,HUACHUPAMPA,HUAROCHIRI,LIMA
140631,140600,140000,SAN PEDRO DE LARAOS,HUAROCHIRI,LIMA
140632,140600,140000,SAN JUAN DE IRIS,HUAROCHIRI,LIMA
140701,140700,140000,YAUYOS,YAUYOS,LIMA
140702,140700,140000,ALIS,YAUYOS,LIMA
140703,140700,140000,ALLAUCA,YAUYOS,LIMA
140704,140700,140000,AYAVIRI,YAUYOS,LIMA
140705,140700,140000,AZANGARO,YAUYOS,LIMA
140706,140700,140000,CACRA,YAUYOS,LIMA
140707,140700,140000,CARANIA,YAUYOS,LIMA
140708,140700,140000,COCHAS,YAUYOS,LIMA
140709,140700,140000,COLONIA,YAUYOS,LIMA
140710,140700,140000,CHOCOS,YAUYOS,LIMA
140711,140700,140000,HUAMPARA,YAUYOS,LIMA
140712,140700,140000,HUANCAYA,YAUYOS,LIMA
140713,140700,140000,HUANGASCAR,YAUYOS,LIMA
140714,140700,140000,HUANTAN,YAUYOS,LIMA
140715,140700,140000,HUAÑEC,YAUYOS,LIMA
140716,140700,140000,LARAOS,YAUYOS,LIMA
140717,140700,140000,LINCHA,YAUYOS,LIMA
140718,140700,140000,MIRAFLORES,YAUYOS,LIMA
140719,140700,140000,OMAS,YAUYOS,LIMA
140720,140700,140000,QUINCHES,YAUYOS,LIMA
140721,140700,140000,QUINOCAY,YAUYOS,LIMA
140722,140700,140000,SAN JOAQUIN,YAUYOS,LIMA
140723,140700,140000,SAN PEDRO DE PILAS,YAUYOS,LIMA
140724,140700,140000,TANTA,YAUYOS,LIMA
140725,140700,140000,TAURIPAMPA,YAUYOS,LIMA
140726,140700,140000,TUPE,YAUYOS,LIMA
140727,140700,140000,TOMAS,YAUYOS,LIMA
140728,140700,140000,VIÑAC,YAUYOS,LIMA
140729,140700,140000,VITIS,YAUYOS,LIMA
140730,140700,140000,HONGOS,YAUYOS,LIMA
140731,140700,140000,MADEAN,YAUYOS,LIMA
140732,140700,140000,PUTINZA,YAUYOS,LIMA
140733,140700,140000,CATAHUASI,YAUYOS,LIMA
140801,140800,140000,HUARAL,HUARAL,LIMA
140802,140800,140000,ATAVILLOS ALTO,HUARAL,LIMA
140803,140800,140000,ATAVILLOS BAJO,HUARAL,LIMA
140804,140800,140000,AUCALLAMA,HUARAL,LIMA
140805,140800,140000,CHANCAY,HUARAL,LIMA
140806,140800,140000,IHUARI,HUARAL,LIMA
140807,140800,140000,LAMPIAN,HUARAL,LIMA
140808,140800,140000,PACARAOS,HUARAL,LIMA
140809,140800,140000,SAN MIGUEL DE ACOS,HUARAL,LIMA
140810,140800,140000,VEINTISIETE DE NOVIEMBRE,HUARAL,LIMA
140811,140800,140000,SANTA CRUZ DE ANDAMARCA,HUARAL,LIMA
140812,140800,140000,SUMBILCA,HUARAL,LIMA
140901,140900,140000,BARRANCA,BARRANCA,LIMA
140902,140900,140000,PARAMONGA,BARRANCA,LIMA
140903,140900,140000,PATIVILCA,BARRANCA,LIMA
140904,140900,140000,SUPE,BARRANCA,LIMA
140905,140900,140000,SUPE PUERTO,BARRANCA,LIMA
141001,141000,140000,OYON,OYON,LIMA
141002,141000,140000,NAVAN,OYON,LIMA
141003,141000,140000,CAUJUL,OYON,LIMA
141004,141000,140000,ANDAJES,OYON,LIMA
141005,141000,140000,PACHANGARA,OYON,LIMA
141006,141000,140000,COCHAMARCA,OYON,LIMA
150101,150100,150000,IQUITOS,MAYNAS,LORETO
150102,150100,150000,ALTO NANAY,MAYNAS,LORETO
150103,150100,150000,FERNANDO LORES,MAYNAS,LORETO
150104,150100,150000,LAS AMAZONAS,MAYNAS,LORETO
150105,150100,150000,MAZAN,MAYNAS,LORETO
150106,150100,150000,NAPO,MAYNAS,LORETO
150108,150100,150000,TORRES CAUSANA,MAYNAS,LORETO
150110,150100,150000,INDIANA,MAYNAS,LORETO
150111,150100,150000,PUNCHANA,MAYNAS,LORETO
150112,150100,150000,BELEN,MAYNAS,LORETO
150113,150100,150000,SAN JUAN BAUTISTA,MAYNAS,LORETO
150201,150200,150000,YURIMAGUAS,ALTO AMAZONAS,LORETO
150202,150200,150000,BALSAPUERTO,ALTO AMAZONAS,LORETO
150205,150200,150000,JEBEROS,ALTO AMAZONAS,LORETO
150206,150200,150000,LAGUNAS,ALTO AMAZONAS,LORETO
150210,150200,150000,SANTA CRUZ,ALTO AMAZONAS,LORETO
150211,150200,150000,TENIENTE CESAR LOPEZ ROJAS,ALTO AMAZONAS,LORETO
150301,150300,150000,NAUTA,LORETO,LORETO
150302,150300,150000,PARINARI,LORETO,LORETO
150303,150300,150000,TIGRE,LORETO,LORETO
150304,150300,150000,URARINAS,LORETO,LORETO
150305,150300,150000,TROMPETEROS,LORETO,LORETO
150401,150400,150000,REQUENA,REQUENA,LORETO
150402,150400,150000,ALTO TAPICHE,REQUENA,LORETO
150403,150400,150000,CAPELO,REQUENA,LORETO
150404,150400,150000,EMILIO SAN MARTIN,REQUENA,LORETO
150405,150400,150000,MAQUIA,REQUENA,LORETO
150406,150400,150000,PUINAHUA,REQUENA,LORETO
150407,150400,150000,SAQUENA,REQUENA,LORETO
150408,150400,150000,SOPLIN,REQUENA,LORETO
150409,150400,150000,TAPICHE,REQUENA,LORETO
150410,150400,150000,JENARO HERRERA,REQUENA,LORETO
150411,150400,150000,YAQUERANA,REQUENA,LORETO
150501,150500,150000,CONTAMANA,UCAYALI,LORETO
150502,150500,150000,VARGAS GUERRA,UCAYALI,LORETO
150503,150500,150000,PADRE MARQUEZ,UCAYALI,LORETO
150504,150500,150000,PAMPA HERMOSA,UCAYALI,LORETO
150505,150500,150000,SARAYACU,UCAYALI,LORETO
150506,150500,150000,INAHUAYA,UCAYALI,LORETO
150601,150600,150000,RAMON CASTILLA,MARISCAL RAMON CASTILLA,LORETO
150602,150600,150000,PEBAS,MARISCAL RAMON CASTILLA,LORETO
150603,150600,150000,YAVARI,MARISCAL RAMON CASTILLA,LORETO
150604,150600,150000,SAN PABLO,MARISCAL RAMON CASTILLA,LORETO
150605,150600,150000,SANTA ROSA DE LORETO,MARISCAL RAMON CASTILLA,LORETO
150701,150700,150000,BARRANCA,DATEM DEL MARAÑON,LORETO
150702,150700,150000,ANDOAS,DATEM DEL MARAÑON,LORETO
150703,150700,150000,CAHUAPANAS,DATEM DEL MARAÑON,LORETO
150704,150700,150000,MANSERICHE,DATEM DEL MARAÑON,LORETO
150705,150700,150000,MORONA,DATEM DEL MARAÑON,LORETO
150706,150700,150000,PASTAZA,DATEM DEL MARAÑON,LORETO
150901,150900,150000,PUTUMAYO,PUTUMAYO,LORETO
150902,150900,150000,ROSA PANDURO,PUTUMAYO,LORETO
150903,150900,150000,TENIENTE MANUEL CLAVERO,PUTUMAYO,LORETO
150904,150900,150000,YAGUAS,PUTUMAYO,LORETO
160101,160100,160000,TAMBOPATA,TAMBOPATA,MADRE DE DIOS
160102,160100,160000,INAMBARI,TAMBOPATA,MADRE DE DIOS
160103,160100,160000,LAS PIEDRAS,TAMBOPATA,MADRE DE DIOS
160104,160100,160000,LABERINTO,TAMBOPATA,MADRE DE DIOS
160201,160200,160000,MANU,MANU,MADRE DE DIOS
160202,160200,160000,FITZCARRALD,MANU,MADRE DE DIOS
160203,160200,160000,MADRE DE DIOS,MANU,MADRE DE DIOS
160204,160200,160000,HUEPETUHE,MANU,MADRE DE DIOS
160301,160300,160000,IÑAPARI,TAHUAMANU,MADRE DE DIOS
160302,160300,160000,IBERIA,TAHUAMANU,MADRE DE DIOS
160303,160300,160000,TAHUAMANU,TAHUAMANU,MADRE DE DIOS
170101,170100,170000,MOQUEGUA,MARISCAL NIETO,MOQUEGUA
170102,170100,170000,CARUMAS,MARISCAL NIETO,MOQUEGUA
170103,170100,170000,CUCHUMBAYA,MARISCAL NIETO,MOQUEGUA
170104,170100,170000,SAN CRISTOBAL,MARISCAL NIETO,MOQUEGUA
170105,170100,170000,TORATA,MARISCAL NIETO,MOQUEGUA
170106,170100,170000,SAMEGUA,MARISCAL NIETO,MOQUEGUA
170107,170100,170000,SAN ANTONIO,MARISCAL NIETO,MOQUEGUA
170201,170200,170000,OMATE,GENERAL SANCHEZ CERRO,MOQUEGUA
170202,170200,170000,COALAQUE,GENERAL SANCHEZ CERRO,MOQUEGUA
170203,170200,170000,CHOJATA,GENERAL SANCHEZ CERRO,MOQUEGUA
170204,170200,170000,ICHUÑA,GENERAL SANCHEZ CERRO,MOQUEGUA
170205,170200,170000,LA CAPILLA,GENERAL SANCHEZ CERRO,MOQUEGUA
170206,170200,170000,LLOQUE,GENERAL SANCHEZ CERRO,MOQUEGUA
170207,170200,170000,MATALAQUE,GENERAL SANCHEZ CERRO,MOQUEGUA
170208,170200,170000,PUQUINA,GENERAL SANCHEZ CERRO,MOQUEGUA
170209,170200,170000,QUINISTAQUILLAS,GENERAL SANCHEZ CERRO,MOQUEGUA
170210,170200,170000,UBINAS,GENERAL SANCHEZ CERRO,MOQUEGUA
170211,170200,170000,YUNGA,GENERAL SANCHEZ CERRO,MOQUEGUA
170301,170300,170000,ILO,ILO,MOQUEGUA
170302,170300,170000,EL ALGARROBAL,ILO,MOQUEGUA
170303,170300,170000,PACOCHA,ILO,MOQUEGUA
180101,180100,180000,CHAUPIMARCA,PASCO,PASCO
180103,180100,180000,HUACHON,PASCO,PASCO
180104,180100,180000,HUARIACA,PASCO,PASCO
180105,180100,180000,HUAYLLAY,PASCO,PASCO
180106,180100,180000,NINACACA,PASCO,PASCO
180107,180100,180000,PALLANCHACRA,PASCO,PASCO
180108,180100,180000,PAUCARTAMBO,PASCO,PASCO
180109,180100,180000,SAN FRANCISCO DE ASIS DE YARUSYACAN,PASCO,PASCO
180110,180100,180000,SIMON BOLIVAR,PASCO,PASCO
180111,180100,180000,TICLACAYAN,PASCO,PASCO
180112,180100,180000,TINYAHUARCO,PASCO,PASCO
180113,180100,180000,VICCO,PASCO,PASCO
180114,180100,180000,YANACANCHA,PASCO,PASCO
180201,180200,180000,YANAHUANCA,DANIEL ALCIDES CARRION,PASCO
180202,180200,180000,CHACAYAN,DANIEL ALCIDES CARRION,PASCO
180203,180200,180000,GOYLLARISQUIZGA,DANIEL ALCIDES CARRION,PASCO
180204,180200,180000,PAUCAR,DANIEL ALCIDES CARRION,PASCO
180205,180200,180000,SAN PEDRO DE PILLAO,DANIEL ALCIDES CARRION,PASCO
180206,180200,180000,SANTA ANA DE TUSI,DANIEL ALCIDES CARRION,PASCO
180207,180200,180000,TAPUC,DANIEL ALCIDES CARRION,PASCO
180208,180200,180000,VILCABAMBA,DANIEL ALCIDES CARRION,PASCO
180301,180300,180000,OXAPAMPA,OXAPAMPA,PASCO
180302,180300,180000,CHONTABAMBA,OXAPAMPA,PASCO
180303,180300,180000,HUANCABAMBA,OXAPAMPA,PASCO
180304,180300,180000,PUERTO BERMUDEZ,OXAPAMPA,PASCO
180305,180300,180000,VILLA RICA,OXAPAMPA,PASCO
180306,180300,180000,POZUZO,OXAPAMPA,PASCO
180307,180300,180000,PALCAZU,OXAPAMPA,PASCO
180308,180300,180000,CONSTITUCION,OXAPAMPA,PASCO
190101,190100,190000,PIURA,PIURA,PIURA
190103,190100,190000,CASTILLA,PIURA,PIURA
190104,190100,190000,CATACAOS,PIURA,PIURA
190105,190100,190000,LA ARENA,PIURA,PIURA
190106,190100,190000,LA UNION,PIURA,PIURA
190107,190100,190000,LAS LOMAS,PIURA,PIURA
190109,190100,190000,TAMBO GRANDE,PIURA,PIURA
190113,190100,190000,CURA MORI,PIURA,PIURA
190114,190100,190000,EL TALLAN,PIURA,PIURA
190115,190100,190000,VEINTISEIS DE OCTUBRE,PIURA,PIURA
190201,190200,190000,AYABACA,AYABACA,PIURA
190202,190200,190000,FRIAS,AYABACA,PIURA
190203,190200,190000,LAGUNAS,AYABACA,PIURA
190204,190200,190000,MONTERO,AYABACA,PIURA
190205,190200,190000,PACAIPAMPA,AYABACA,PIURA
190206,190200,190000,SAPILLICA,AYABACA,PIURA
190207,190200,190000,SICCHEZ,AYABACA,PIURA
190208,190200,190000,SUYO,AYABACA,PIURA
190209,190200,190000,JILILI,AYABACA,PIURA
190210,190200,190000,PAIMAS,AYABACA,PIURA
190301,190300,190000,HUANCABAMBA,HUANCABAMBA,PIURA
190302,190300,190000,CANCHAQUE,HUANCABAMBA,PIURA
190303,190300,190000,HUARMACA,HUANCABAMBA,PIURA
190304,190300,190000,SONDOR,HUANCABAMBA,PIURA
190305,190300,190000,SONDORILLO,HUANCABAMBA,PIURA
190306,190300,190000,EL CARMEN DE LA FRONTERA,HUANCABAMBA,PIURA
190307,190300,190000,SAN MIGUEL DE EL FAIQUE,HUANCABAMBA,PIURA
190308,190300,190000,LALAQUIZ,HUANCABAMBA,PIURA
190401,190400,190000,CHULUCANAS,MORROPON,PIURA
190402,190400,190000,BUENOS AIRES,MORROPON,PIURA
190403,190400,190000,CHALACO,MORROPON,PIURA
190404,190400,190000,MORROPON,MORROPON,PIURA
190405,190400,190000,SALITRAL,MORROPON,PIURA
190406,190400,190000,SANTA CATALINA DE MOSSA,MORROPON,PIURA
190407,190400,190000,SANTO DOMINGO,MORROPON,PIURA
190408,190400,190000,LA MATANZA,MORROPON,PIURA
190409,190400,190000,YAMANGO,MORROPON,PIURA
190410,190400,190000,SAN JUAN DE BIGOTE,MORROPON,PIURA
190501,190500,190000,PAITA,PAITA,PIURA
190502,190500,190000,AMOTAPE,PAITA,PIURA
190503,190500,190000,ARENAL,PAITA,PIURA
190504,190500,190000,LA HUACA,PAITA,PIURA
190505,190500,190000,COLAN,PAITA,PIURA
190506,190500,190000,TAMARINDO,PAITA,PIURA
190507,190500,190000,VICHAYAL,PAITA,PIURA
190601,190600,190000,SULLANA,SULLANA,PIURA
190602,190600,190000,BELLAVISTA,SULLANA,PIURA
190603,190600,190000,LANCONES,SULLANA,PIURA
190604,190600,190000,MARCAVELICA,SULLANA,PIURA
190605,190600,190000,MIGUEL CHECA,SULLANA,PIURA
190606,190600,190000,QUERECOTILLO,SULLANA,PIURA
190607,190600,190000,SALITRAL,SULLANA,PIURA
190608,190600,190000,IGNACIO ESCUDERO,SULLANA,PIURA
190701,190700,190000,PARIÑAS,TALARA,PIURA
190702,190700,190000,EL ALTO,TALARA,PIURA
190703,190700,190000,LA BREA,TALARA,PIURA
190704,190700,190000,LOBITOS,TALARA,PIURA
190705,190700,190000,MANCORA,TALARA,PIURA
190706,190700,190000,LOS ORGANOS,TALARA,PIURA
190801,190800,190000,SECHURA,SECHURA,PIURA
190802,190800,190000,VICE,SECHURA,PIURA
190803,190800,190000,BERNAL,SECHURA,PIURA
190804,190800,190000,BELLAVISTA DE LA UNION,SECHURA,PIURA
190805,190800,190000,CRISTO NOS VALGA,SECHURA,PIURA
190806,190800,190000,RINCONADA-LLICUAR,SECHURA,PIURA
200101,200100,200000,PUNO,PUNO,PUNO
200102,200100,200000,ACORA,PUNO,PUNO
200103,200100,200000,ATUNCOLLA,PUNO,PUNO
200104,200100,200000,CAPACHICA,PUNO,PUNO
200105,200100,200000,COATA,PUNO,PUNO
200106,200100,200000,CHUCUITO,PUNO,PUNO
200107,200100,200000,HUATA,PUNO,PUNO
200108,200100,200000,MAÑAZO,PUNO,PUNO
200109,200100,200000,PAUCARCOLLA,PUNO,PUNO
200110,200100,200000,PICHACANI,PUNO,PUNO
200111,200100,200000,SAN ANTONIO,PUNO,PUNO
200112,200100,200000,TIQUILLACA,PUNO,PUNO
200113,200100,200000,VILQUE,PUNO,PUNO
200114,200100,200000,PLATERIA,PUNO,PUNO
200115,200100,200000,AMANTANI,PUNO,PUNO
200201,200200,200000,AZANGARO,AZANGARO,PUNO
200202,200200,200000,ACHAYA,AZANGARO,PUNO
200203,200200,200000,ARAPA,AZANGARO,PUNO
200204,200200,200000,ASILLO,AZANGARO,PUNO
200205,200200,200000,CAMINACA,AZANGARO,PUNO
200206,200200,200000,CHUPA,AZANGARO,PUNO
200207,200200,200000,JOSE DOMINGO CHOQUEHUANCA,AZANGARO,PUNO
200208,200200,200000,MUÑANI,AZANGARO,PUNO
200210,200200,200000,POTONI,AZANGARO,PUNO
200212,200200,200000,SAMAN,AZANGARO,PUNO
200213,200200,200000,SAN ANTON,AZANGARO,PUNO
200214,200200,200000,SAN JOSE,AZANGARO,PUNO
200215,200200,200000,SAN JUAN DE SALINAS,AZANGARO,PUNO
200216,200200,200000,SANTIAGO DE PUPUJA,AZANGARO,PUNO
200217,200200,200000,TIRAPATA,AZANGARO,PUNO
200301,200300,200000,MACUSANI,CARABAYA,PUNO
200302,200300,200000,AJOYANI,CARABAYA,PUNO
200303,200300,200000,AYAPATA,CARABAYA,PUNO
200304,200300,200000,COASA,CARABAYA,PUNO
200305,200300,200000,CORANI,CARABAYA,PUNO
200306,200300,200000,CRUCERO,CARABAYA,PUNO
200307,200300,200000,ITUATA,CARABAYA,PUNO
200308,200300,200000,OLLACHEA,CARABAYA,PUNO
200309,200300,200000,SAN GABAN,CARABAYA,PUNO
200310,200300,200000,USICAYOS,CARABAYA,PUNO
200401,200400,200000,JULI,CHUCUITO,PUNO
200402,200400,200000,DESAGUADERO,CHUCUITO,PUNO
200403,200400,200000,HUACULLANI,CHUCUITO,PUNO
200406,200400,200000,PISACOMA,CHUCUITO,PUNO
200407,200400,200000,POMATA,CHUCUITO,PUNO
200410,200400,200000,ZEPITA,CHUCUITO,PUNO
200412,200400,200000,KELLUYO,CHUCUITO,PUNO
200501,200500,200000,HUANCANE,HUANCANE,PUNO
200502,200500,200000,COJATA,HUANCANE,PUNO
200504,200500,200000,INCHUPALLA,HUANCANE,PUNO
200506,200500,200000,PUSI,HUANCANE,PUNO
200507,200500,200000,ROSASPATA,HUANCANE,PUNO
200508,200500,200000,TARACO,HUANCANE,PUNO
200509,200500,200000,VILQUE CHICO,HUANCANE,PUNO
200511,200500,200000,HUATASANI,HUANCANE,PUNO
200601,200600,200000,LAMPA,LAMPA,PUNO
200602,200600,200000,CABANILLA,LAMPA,PUNO
200603,200600,200000,CALAPUJA,LAMPA,PUNO
200604,200600,200000,NICASIO,LAMPA,PUNO
200605,200600,200000,OCUVIRI,LAMPA,PUNO
200606,200600,200000,PALCA,LAMPA,PUNO
200607,200600,200000,PARATIA,LAMPA,PUNO
200608,200600,200000,PUCARA,LAMPA,PUNO
200609,200600,200000,SANTA LUCIA,LAMPA,PUNO
200610,200600,200000,VILAVILA,LAMPA,PUNO
200701,200700,200000,AYAVIRI,MELGAR,PUNO
200702,200700,200000,ANTAUTA,MELGAR,PUNO
200703,200700,200000,CUPI,MELGAR,PUNO
200704,200700,200000,LLALLI,MELGAR,PUNO
200705,200700,200000,MACARI,MELGAR,PUNO
200706,200700,200000,NUÑOA,MELGAR,PUNO
200707,200700,200000,ORURILLO,MELGAR,PUNO
200708,200700,200000,SANTA ROSA,MELGAR,PUNO
200709,200700,200000,UMACHIRI,MELGAR,PUNO
200801,200800,200000,SANDIA,SANDIA,PUNO
200803,200800,200000,CUYOCUYO,SANDIA,PUNO
200804,200800,200000,LIMBANI,SANDIA,PUNO
200805,200800,200000,PHARA,SANDIA,PUNO
200806,200800,200000,PATAMBUCO,SANDIA,PUNO
200807,200800,200000,QUIACA,SANDIA,PUNO
200808,200800,200000,SAN JUAN DEL ORO,SANDIA,PUNO
200810,200800,200000,YANAHUAYA,SANDIA,PUNO
200811,200800,200000,ALTO INAMBARI,SANDIA,PUNO
200812,200800,200000,SAN PEDRO DE PUTINA PUNCO,SANDIA,PUNO
200901,200900,200000,JULIACA,SAN ROMAN,PUNO
200902,200900,200000,CABANA,SAN ROMAN,PUNO
200903,200900,200000,CABANILLAS,SAN ROMAN,PUNO
200904,200900,200000,CARACOTO,SAN ROMAN,PUNO
200905,200900,200000,SAN MIGUEL,SAN ROMAN,PUNO
201001,201000,200000,YUNGUYO,YUNGUYO,PUNO
201002,201000,200000,UNICACHI,YUNGUYO,PUNO
201003,201000,200000,ANAPIA,YUNGUYO,PUNO
201004,201000,200000,COPANI,YUNGUYO,PUNO
201005,201000,200000,CUTURAPI,YUNGUYO,PUNO
201006,201000,200000,OLLARAYA,YUNGUYO,PUNO
201007,201000,200000,TINICACHI,YUNGUYO,PUNO
201101,201100,200000,PUTINA,SAN ANTONIO DE PUTINA,PUNO
201102,201100,200000,PEDRO VILCA APAZA,SAN ANTONIO DE PUTINA,PUNO
201103,201100,200000,QUILCAPUNCU,SAN ANTONIO DE PUTINA,PUNO
201104,201100,200000,ANANEA,SAN ANTONIO DE PUTINA,PUNO
201105,201100,200000,SINA,SAN ANTONIO DE PUTINA,PUNO
201201,201200,200000,ILAVE,EL COLLAO,PUNO
201202,201200,200000,PILCUYO,EL COLLAO,PUNO
201203,201200,200000,SANTA ROSA,EL COLLAO,PUNO
201204,201200,200000,CAPASO,EL COLLAO,PUNO
201205,201200,200000,CONDURIRI,EL COLLAO,PUNO
201301,201300,200000,MOHO,MOHO,PUNO
201302,201300,200000,CONIMA,MOHO,PUNO
201303,201300,200000,TILALI,MOHO,PUNO
201304,201300,200000,HUAYRAPATA,MOHO,PUNO
210101,210100,210000,MOYOBAMBA,MOYOBAMBA,SAN MARTIN
210102,210100,210000,CALZADA,MOYOBAMBA,SAN MARTIN
210103,210100,210000,HABANA,MOYOBAMBA,SAN MARTIN
210104,210100,210000,JEPELACIO,MOYOBAMBA,SAN MARTIN
210105,210100,210000,SORITOR,MOYOBAMBA,SAN MARTIN
210106,210100,210000,YANTALO,MOYOBAMBA,SAN MARTIN
210201,210200,210000,SAPOSOA,HUALLAGA,SAN MARTIN
210202,210200,210000,PISCOYACU,HUALLAGA,SAN MARTIN
210203,210200,210000,SACANCHE,HUALLAGA,SAN MARTIN
210204,210200,210000,TINGO DE SAPOSOA,HUALLAGA,SAN MARTIN
210205,210200,210000,ALTO SAPOSOA,HUALLAGA,SAN MARTIN
210206,210200,210000,EL ESLABON,HUALLAGA,SAN MARTIN
210301,210300,210000,LAMAS,LAMAS,SAN MARTIN
210303,210300,210000,BARRANQUITA,LAMAS,SAN MARTIN
210304,210300,210000,CAYNARACHI,LAMAS,SAN MARTIN
210305,210300,210000,CUÑUMBUQUI,LAMAS,SAN MARTIN
210306,210300,210000,PINTO RECODO,LAMAS,SAN MARTIN
210307,210300,210000,RUMISAPA,LAMAS,SAN MARTIN
210311,210300,210000,SHANAO,LAMAS,SAN MARTIN
210313,210300,210000,TABALOSOS,LAMAS,SAN MARTIN
210314,210300,210000,ZAPATERO,LAMAS,SAN MARTIN
210315,210300,210000,ALONSO DE ALVARADO,LAMAS,SAN MARTIN
210316,210300,210000,SAN ROQUE DE CUMBAZA,LAMAS,SAN MARTIN
210401,210400,210000,JUANJUI,MARISCAL CACERES,SAN MARTIN
210402,210400,210000,CAMPANILLA,MARISCAL CACERES,SAN MARTIN
210403,210400,210000,HUICUNGO,MARISCAL CACERES,SAN MARTIN
210404,210400,210000,PACHIZA,MARISCAL CACERES,SAN MARTIN
210405,210400,210000,PAJARILLO,MARISCAL CACERES,SAN MARTIN
210501,210500,210000,RIOJA,RIOJA,SAN MARTIN
210502,210500,210000,POSIC,RIOJA,SAN MARTIN
210503,210500,210000,YORONGOS,RIOJA,SAN MARTIN
210504,210500,210000,YURACYACU,RIOJA,SAN MARTIN
210505,210500,210000,NUEVA CAJAMARCA,RIOJA,SAN MARTIN
210506,210500,210000,ELIAS SOPLIN VARGAS,RIOJA,SAN MARTIN
210507,210500,210000,SAN FERNANDO,RIOJA,SAN MARTIN
210508,210500,210000,PARDO MIGUEL,RIOJA,SAN MARTIN
210509,210500,210000,AWAJUN,RIOJA,SAN MARTIN
210601,210600,210000,TARAPOTO,SAN MARTIN,SAN MARTIN
210602,210600,210000,ALBERTO LEVEAU,SAN MARTIN,SAN MARTIN
210604,210600,210000,CACATACHI,SAN MARTIN,SAN MARTIN
210606,210600,210000,CHAZUTA,SAN MARTIN,SAN MARTIN
210607,210600,210000,CHIPURANA,SAN MARTIN,SAN MARTIN
210608,210600,210000,EL PORVENIR,SAN MARTIN,SAN MARTIN
210609,210600,210000,HUIMBAYOC,SAN MARTIN,SAN MARTIN
210610,210600,210000,JUAN GUERRA,SAN MARTIN,SAN MARTIN
210611,210600,210000,MORALES,SAN MARTIN,SAN MARTIN
210612,210600,210000,PAPAPLAYA,SAN MARTIN,SAN MARTIN
210616,210600,210000,SAN ANTONIO,SAN MARTIN,SAN MARTIN
210619,210600,210000,SAUCE,SAN MARTIN,SAN MARTIN
210620,210600,210000,SHAPAJA,SAN MARTIN,SAN MARTIN
210621,210600,210000,LA BANDA DE SHILCAYO,SAN MARTIN,SAN MARTIN
210701,210700,210000,BELLAVISTA,BELLAVISTA,SAN MARTIN
210702,210700,210000,SAN RAFAEL,BELLAVISTA,SAN MARTIN
210703,210700,210000,SAN PABLO,BELLAVISTA,SAN MARTIN
210704,210700,210000,ALTO BIAVO,BELLAVISTA,SAN MARTIN
210705,210700,210000,HUALLAGA,BELLAVISTA,SAN MARTIN
210706,210700,210000,BAJO BIAVO,BELLAVISTA,SAN MARTIN
210801,210800,210000,TOCACHE,TOCACHE,SAN MARTIN
210802,210800,210000,NUEVO PROGRESO,TOCACHE,SAN MARTIN
210803,210800,210000,POLVORA,TOCACHE,SAN MARTIN
210804,210800,210000,SHUNTE,TOCACHE,SAN MARTIN
210805,210800,210000,UCHIZA,TOCACHE,SAN MARTIN
210806,210800,210000,SANTA LUCIA,TOCACHE,SAN MARTIN
210901,210900,210000,PICOTA,PICOTA,SAN MARTIN
210902,210900,210000,BUENOS AIRES,PICOTA,SAN MARTIN
210903,210900,210000,CASPIZAPA,PICOTA,SAN MARTIN
210904,210900,210000,PILLUANA,PICOTA,SAN MARTIN
210905,210900,210000,PUCACACA,PICOTA,SAN MARTIN
210906,210900,210000,SAN CRISTOBAL,PICOTA,SAN MARTIN
210907,210900,210000,SAN HILARION,PICOTA,SAN MARTIN
210908,210900,210000,TINGO DE PONASA,PICOTA,SAN MARTIN
210909,210900,210000,TRES UNIDOS,PICOTA,SAN MARTIN
210910,210900,210000,SHAMBOYACU,PICOTA,SAN MARTIN
211001,211000,210000,SAN JOSE DE SISA,EL DORADO,SAN MARTIN
211002,211000,210000,AGUA BLANCA,EL DORADO,SAN MARTIN
211003,211000,210000,SHATOJA,EL DORADO,SAN MARTIN
211004,211000,210000,SAN MARTIN,EL DORADO,SAN MARTIN
211005,211000,210000,SANTA ROSA,EL DORADO,SAN MARTIN
220101,220100,220000,TACNA,TACNA,TACNA
220102,220100,220000,CALANA,TACNA,TACNA
220104,220100,220000,INCLAN,TACNA,TACNA
220107,220100,220000,PACHIA,TACNA,TACNA
220108,220100,220000,PALCA,TACNA,TACNA
220109,220100,220000,POCOLLAY,TACNA,TACNA
220110,220100,220000,SAMA,TACNA,TACNA
220111,220100,220000,ALTO DE LA ALIANZA,TACNA,TACNA
220112,220100,220000,CIUDAD NUEVA,TACNA,TACNA
220113,220100,220000,CORONEL GREGORIO ALBARRACIN LANCHIPA,TACNA,TACNA
220114,220100,220000,LA YARADA LOS PALOS,TACNA,TACNA
220201,220200,220000,TARATA,TARATA,TACNA
220205,220200,220000,HEROES ALBARRACIN,TARATA,TACNA
220206,220200,220000,ESTIQUE,TARATA,TACNA
220207,220200,220000,ESTIQUE PAMPA,TARATA,TACNA
220210,220200,220000,SITAJARA,TARATA,TACNA
220211,220200,220000,SUSAPAYA,TARATA,TACNA
220212,220200,220000,TARUCACHI,TARATA,TACNA
220213,220200,220000,TICACO,TARATA,TACNA
220301,220300,220000,LOCUMBA,JORGE BASADRE,TACNA
220302,220300,220000,ITE,JORGE BASADRE,TACNA
220303,220300,220000,ILABAYA,JORGE BASADRE,TACNA
220401,220400,220000,CANDARAVE,CANDARAVE,TACNA
220402,220400,220000,CAIRANI,CANDARAVE,TACNA
220403,220400,220000,CURIBAYA,CANDARAVE,TACNA
220404,220400,220000,HUANUARA,CANDARAVE,TACNA
220405,220400,220000,QUILAHUANI,CANDARAVE,TACNA
220406,220400,220000,CAMILACA,CANDARAVE,TACNA
230101,230100,230000,TUMBES,TUMBES,TUMBES
230102,230100,230000,CORRALES,TUMBES,TUMBES
230103,230100,230000,LA CRUZ,TUMBES,TUMBES
230104,230100,230000,PAMPAS DE HOSPITAL,TUMBES,TUMBES
230105,230100,230000,SAN JACINTO,TUMBES,TUMBES
230106,230100,230000,SAN JUAN DE LA VIRGEN,TUMBES,TUMBES
230201,230200,230000,ZORRITOS,CONTRALMIRANTE VILLAR,TUMBES
230202,230200,230000,CASITAS,CONTRALMIRANTE VILLAR,TUMBES
230203,230200,230000,CANOAS DE PUNTA SAL,CONTRALMIRANTE VILLAR,TUMBES
230301,230300,230000,ZARUMILLA,ZARUMILLA,TUMBES
230302,230300,230000,MATAPALO,ZARUMILLA,TUMBES
230303,230300,230000,PAPAYAL,ZARUMILLA,TUMBES
230304,230300,230000,AGUAS VERDES,ZARUMILLA,TUMBES
240101,240100,240000,CALLAO,CALLAO,CALLAO
240102,240100,240000,BELLAVISTA,CALLAO,CALLAO
240103,240100,240000,LA PUNTA,CALLAO,CALLAO
240104,240100,240000,CARMEN DE LA LEGUA-REYNOSO,CALLAO,CALLAO
240105,240100,240000,LA PERLA,CALLAO,CALLAO
240106,240100,240000,VENTANILLA,CALLAO,CALLAO
240107,240100,240000,MI PERU,CALLAO,CALLAO
250101,250100,250000,CALLERIA,CORONEL PORTILLO,UCAYALI
250102,250100,250000,YARINACOCHA,CORONEL PORTILLO,UCAYALI
250103,250100,250000,MASISEA,CORONEL PORTILLO,UCAYALI
250104,250100,250000,CAMPOVERDE,CORONEL PORTILLO,UCAYALI
250105,250100,250000,IPARIA,CORONEL PORTILLO,UCAYALI
250106,250100,250000,NUEVA REQUENA,CORONEL PORTILLO,UCAYALI
250107,250100,250000,MANANTAY,CORONEL PORTILLO,UCAYALI
250201,250200,250000,PADRE ABAD,PADRE ABAD,UCAYALI
250202,250200,250000,IRAZOLA,PADRE ABAD,UCAYALI
250203,250200,250000,CURIMANA,PADRE ABAD,UCAYALI
250204,250200,250000,NESHUYA,PADRE ABAD,UCAYALI
250205,250200,250000,ALEXANDER VON HUMBOLDT,PADRE ABAD,UCAYALI
250206,250200,250000,BOQUERON,PADRE ABAD,UCAYALI
250207,250200,250000,HUAIPOCA,PADRE ABAD,UCAYALI
250301,250300,250000,RAIMONDI,ATALAYA,UCAYALI
250302,250300,250000,TAHUANIA,ATALAYA,UCAYALI
250303,250300,250000,YURUA,ATALAYA,UCAYALI
250304,250300,250000,SEPAHUA,ATALAYA,UCAYALI
250401,250400,250000,PURUS,PURUS,UCAYALI
