race_id,tipo,ubigeo,nivel,region,provincia,distrito,dni,nombre,sexo,edad,candidato_id,hoja_vida_id,cargo_actual,organizacion_2022,organizacion_2026,organizacion_id,cambio_de_organizacion,solicitud_lista_id,estado_lista,estado_candidato,alcalde_de_la_lista,estado_alcalde,via
04-010202,04,010202,distrital,AMAZONAS,BAGUA,ARAMANGO,16671416,WILIN ROQUE QUISPE,M,57,312047,280866,ALCALDE DISTRITAL,ALIANZA PARA EL PROGRESO,MOVIMIENTO REGIONAL VICTORIA AMAZONENSE,2878,True,46922,INSCRITO,INSCRITO,EDINSON MARTINEZ PERALTA,INSCRITO,indirecto
04-010113,04,010113,distrital,AMAZONAS,CHACHAPOYAS,MARISCAL CASTILLA,43842317,SEGUNDO IDELSO BUSTAMANTE LLAJA,M,48,284935,260648,ALCALDE DISTRITAL,ALIANZA PARA EL PROGRESO,PARTIDO DEMOCRATICO SOMOS PERU,14,True,42260,INSCRITO,INSCRITO,AGUSTIN HUAMAN SALAZAR,IMPROCEDENTE,directo
04-010115,04,010115,distrital,AMAZONAS,CHACHAPOYAS,MONTEVIDEO,44926521,MILENY TELLO MIRANDA,F,38,339077,359385,ALCALDE DISTRITAL,MOVIMIENTO REGIONAL VICTORIA AMAZONENSE,PARTIDO DEMOCRATICO SOMOS PERU,14,True,42262,INSCRITO,INSCRITO,YONI ANGEL ROJAS EPQUIN,INSCRITO,indirecto
04-010603,04,010603,distrital,AMAZONAS,CONDORCANQUI,EL CENEPA,44351799,EDINSON ESPEJO NUJIGKUS,M,39,294087,281022,ALCALDE DISTRITAL,RENOVACION POPULAR,PARTIDO DEMOCRATICO SOMOS PERU,14,True,42316,INSCRITO,INSCRITO,LILA TIMIAS ATUYAP,RENUNCIA,directo
03-010600,03,010600,provincial,AMAZONAS,CONDORCANQUI,,42125519,HERMOGENES LOZANO TRIGOSO,M,44,293965,375819,ALCALDE PROVINCIAL,RENOVACION POPULAR,PARTIDO DEMOCRATICO SOMOS PERU,14,True,39115,INSCRITO,INSCRITO,EUDES ABELINO CHANCHARI PEREZ,RENUNCIA,directo
04-010405,04,010405,distrital,AMAZONAS,LUYA,CONILA,09970753,JOSE EXIBERTO CANTA CRUZ,M,60,294227,328596,ALCALDE DISTRITAL,MOVIMIENTO REGIONAL VICTORIA AMAZONENSE,PARTIDO DEMOCRATICO SOMOS PERU,14,True,42286,INSCRITO,INSCRITO,ALESSANDRO GORMAS TUESTA,INSCRITO,indirecto
04-010706,04,010706,distrital,AMAZONAS,UTCUBAMBA,LONYA GRANDE,16713532,WILDER HUMBERTO CORONEL YRIGOIN,M,54,288878,351118,ALCALDE DISTRITAL,RENOVACION POPULAR,ALIANZA PARA EL PROGRESO,1257,True,43450,INSCRITO,INSCRITO,RONALD GARCIA CUBAS,INSCRITO,indirecto
03-020400,03,020400,provincial,ANCASH,CARHUAZ,,42294662,CARLOS EUGENIO CANTARO GARCIA,M,43,346820,368391,ALCALDE PROVINCIAL,ALIANZA PARA EL PROGRESO,ALIANZA PARA EL PROGRESO,1257,False,39278,INSCRITO,INSCRITO,HOSMER LEONCIO CORREA CUZCO,RENUNCIA,directo
04-020108,04,020108,distrital,ANCASH,HUARAZ,OLLEROS,40455912,WILSON YURY HUAMAN MINAYA,M,48,318714,287205,ALCALDE DISTRITAL,SOCIOS POR ANCASH,PARTIDO PAIS PARA TODOS,2956,True,49501,INSCRITO,INSCRITO,YENNYFER EVELYNG TOLEDO TREJO,RENUNCIA,directo
04-020816,04,020816,distrital,ANCASH,HUARI,ANRA,40897283,HECTOR FERNANDO ESPINOZA AVENDAÑO,M,45,344303,290173,ALCALDE DISTRITAL,ALIANZA GOBIERNO UNIDAD Y ACCION - AGUA,PODEMOS PERU,2731,True,45679,INSCRITO,INSCRITO,HUGO ESPINOZA AVENDAÑO,RENUNCIA,directo
04-020803,04,020803,distrital,ANCASH,HUARI,CHAVIN DE HUANTAR,09979037,OSWALDO TEOFILO MONTES ALBORNOZ,M,53,344535,336575,ALCALDE DISTRITAL,PARTIDO DEMOCRATICO SOMOS PERU,PARTIDO POLITICO PERU PRIMERO,2925,True,47661,INSCRITO,INSCRITO,ISAAC ANTHONY MONTES GARAMENDI,INSCRITO,indirecto
04-020810,04,020810,distrital,ANCASH,HUARI,PONTO,41092039,PERCY VILLANERA FIGUEROA,M,45,286708,280006,ALCALDE DISTRITAL,PARTIDO DEMOCRATICO SOMOS PERU,PARTIDO DEMOCRATICO SOMOS PERU,14,False,42370,INSCRITO,INSCRITO,AURELIO FLUMENCIO MORALES VERDE,IMPROCEDENTE,directo
04-020813,04,020813,distrital,ANCASH,HUARI,SAN MARCOS,43949076,MANUEL CARLOS UGARTE MEDINA,M,39,353713,411162,ALCALDE DISTRITAL,SOCIOS POR ANCASH,SOCIOS POR ANCASH,2881,False,46984,INSCRITO,INSCRITO,FLORMELINDA LIZ UGARTE MEDINA,RENUNCIA,directo
03-021000,03,021000,provincial,ANCASH,PALLASCA,,32522116,MANUEL SANTIAGO HIDALGO SIFUENTES,M,62,303930,291307,ALCALDE PROVINCIAL,PARTIDO DEMOCRATICO SOMOS PERU,ALIANZA PARA EL PROGRESO,1257,True,39284,INSCRITO,INSCRITO,CESAR ALONZO PINEDO ESTRADA,RENUNCIA,directo
04-021104,04,021104,distrital,ANCASH,POMABAMBA,QUINUABAMBA,43014642,HUGO ROSARIO HERRERA HUERTA,M,49,382503,282307,ALCALDE DISTRITAL,MOVIMIENTO REGIONAL EL MAICITO,PARTIDO PAIS PARA TODOS,2956,True,49537,INSCRITO,INSCRITO,MARIELA PILAR ESTRADA DE LA CRUZ,RENUNCIA,directo
04-021204,04,021204,distrital,ANCASH,RECUAY,MARCA,42457670,JOSE ANTONIO CORPUS MENDEZ,M,44,288814,358216,ALCALDE DISTRITAL,MOVIMIENTO REGIONAL EL MAICITO,ACCION POPULAR,4,True,41646,INSCRITO,INSCRITO,EUSEBIO MARCELO ROMERO TRUJILLO,RENUNCIA,directo
04-021206,04,021206,distrital,ANCASH,RECUAY,PARARIN,23392418,HUGO DONATILO HUERTA JARAMILLO,M,52,316621,355962,ALCALDE DISTRITAL,JUNTOS POR EL PERU,ALIANZA PARA EL PROGRESO,1257,True,43525,INSCRITO,INSCRITO,JULIAN MIGUEL PAICO FALERO,INSCRITO,indirecto
04-021302,04,021302,distrital,ANCASH,SANTA,CACERES DEL PERU,42069457,ADELMO PORFIRIO PERALTA ZAVALETA,M,47,327833,0,ALCALDE DISTRITAL,SOCIOS POR ANCASH,PARTIDO DEMOCRATICO SOMOS PERU,14,True,42399,INSCRITO,IMPROCEDENTE,ALEX EUSEBIO ESPINOZA REGALADO,IMPROCEDENTE,directo
04-021308,04,021308,distrital,ANCASH,SANTA,COISHCO,32948295,HEBER WILSON SANCHEZ CRUZ,M,51,325196,315798,ALCALDE DISTRITAL,MOVIMIENTO REGIONAL EL MAICITO,ALIANZA PARA EL PROGRESO,1257,True,43535,INSCRITO,INSCRITO,MARTHA VIRGINIA SANCHEZ CRUZ,INSCRITO,indirecto
04-021303,04,021303,distrital,ANCASH,SANTA,MACATE,40160141,FIDEL MARCOS ALVA LOPEZ,M,47,291421,346115,ALCALDE DISTRITAL,RENOVACION POPULAR,RENOVACION POPULAR PERU,3040,True,52192,INSCRITO,INSCRITO,SANTOS EUSEBIO CUSTODIO LOPEZ,INSCRITO,indirecto
04-040109,04,040109,distrital,AREQUIPA,AREQUIPA,PAUCARPATA,40068755,MARCO ANTONIO ANCO HUARACHI,M,48,351565,256928,ALCALDE DISTRITAL,"AREQUIPA, TRADICION Y FUTURO","AREQUIPA, TRADICION Y FUTURO",142,False,43303,INSCRITO,INSCRITO,FREDY FELIX NAVARRO FERNANDEZ,RENUNCIA,directo
03-040100,03,040100,provincial,AREQUIPA,AREQUIPA,,29576767,VICTOR HUGO RIVERA CHAVEZ,M,59,331491,410892,ALCALDE PROVINCIAL,JUNTOS POR EL DESARROLLO DE AREQUIPA,ALIANZA PARA EL PROGRESO,1257,True,39300,INSCRITO,INSCRITO,ELIZABETH GENESIS AMADO QUISPE,INSCRITO,indirecto
04-040303,04,040303,distrital,AREQUIPA,CAMANA,MARIANO NICOLAS VALCARCEL,46690441,WILIAN DAVID ALVARADO SANCHEZ,M,37,375147,0,ALCALDE DISTRITAL,PARTIDO POLITICO NACIONAL PERU LIBRE,PODEMOS PERU,2731,True,45783,INSCRITO,TACHADO,CLEITON QUISPE CHUQUIPURA,IMPROCEDENTE,directo
04-040405,04,040405,distrital,AREQUIPA,CARAVELI,BELLA UNION,41552820,RICHARD IVAN VEGA TAIPE,M,46,310494,404148,ALCALDE DISTRITAL,"AREQUIPA, TRADICION Y FUTURO",AHORA NACION - AN,2980,True,50521,INSCRITO,INSCRITO,RONALD BARTOLOME VEGA TAIPE,RENUNCIA,directo
04-040409,04,040409,distrital,AREQUIPA,CARAVELI,HUANUHUANU,41514066,TOMAS CHANCOLLA CHATA,M,43,326662,305844,ALCALDE DISTRITAL,RENOVACION POPULAR,RENOVACION POPULAR PERU,3040,True,52218,INSCRITO,INSCRITO,SONIA ERIKA MAMANI COAQUIRA,RENUNCIA,directo
04-040705,04,040705,distrital,AREQUIPA,ISLAY,MEJIA,43566302,DIANA SOSIREE ASPILCUETA CACERES,F,40,293109,372927,ALCALDE DISTRITAL,YO AREQUIPA,AHORA NACION - AN,2980,True,50537,INSCRITO,INSCRITO,NAHIMBY ALESSANDRA ARIAS BARRIOS,RENUNCIA,directo
03-040700,03,040700,provincial,AREQUIPA,ISLAY,,29367039,RICHARD HITLER ALE CRUZ,M,61,335015,409908,ALCALDE PROVINCIAL,YO AREQUIPA,YO AREQUIPA,2744,False,39784,INSCRITO,INSCRITO,KELLY ORQUIDEA SALAS RAMIREZ,RENUNCIA,directo
04-050405,04,050405,distrital,AYACUCHO,LA MAR,CHUNGUI,46955596,WILMER ROCA OSCCO,M,34,400935,422040,ALCALDE DISTRITAL,MOVIMIENTO REGIONAL WARI LLAQTA,PARTIDO POLITICO PERU PRIMERO,2925,True,47819,INSCRITO,INSCRITO,YONNY GUIZADO SOLIS,RENUNCIA,directo
04-050520,04,050520,distrital,AYACUCHO,LUCANAS,SANCOS,46024906,EDER ANTONIO ALLCCA MEDINA,M,36,296681,261425,ALCALDE DISTRITAL,MOVIMIENTO REGIONAL GANA AYACUCHO,APP - TRABAJA AYACUCHO,3031,True,51801,INSCRITO,INSCRITO,EDA FAVIOLA CANSAYA ANGLES,RENUNCIA,directo
04-051009,04,051009,distrital,AYACUCHO,PAUCAR DEL SARA SARA,SAN JOSE DE USHUA,41705062,EDISON WILLIAMS ZEVALLOS CHUQUITAYPE,M,43,381625,354947,ALCALDE DISTRITAL,MOVIMIENTO REGIONAL AGUA,AHORA NACION - AN,2980,True,50630,INSCRITO,INSCRITO,ELIDA NEIRA HUAMANI,RENUNCIA,directo
04-061012,04,061012,distrital,CAJAMARCA,SAN MIGUEL,CATILLUC,43132546,ALEJANDRO BUSTAMANTE ARTEAGA,M,43,359345,360575,ALCALDE DISTRITAL,PARTIDO DEMOCRATICO SOMOS PERU,PARTIDO DEMOCRATICO SOMOS PERU,14,False,42615,INSCRITO,INSCRITO,EINSTEIN DAYTON MONDRAGON QUISPE,RENUNCIA,directo
04-060910,04,060910,distrital,CAJAMARCA,SANTA CRUZ,ANDABAMBA,42461534,JOEL URIARTE VASQUEZ,M,42,325922,371052,ALCALDE DISTRITAL,FRENTE REGIONAL DE CAJAMARCA,PARTIDO DEMOCRATICO SOMOS PERU,14,True,42603,INSCRITO,INSCRITO,ABRAHAM SANCHEZ TORRES,INSCRITO,indirecto
04-060903,04,060903,distrital,CAJAMARCA,SANTA CRUZ,CHANCAYBAÑOS,42326088,ORLANDINI DAVILA DAVILA,M,42,326041,327564,ALCALDE DISTRITAL,FRENTE REGIONAL DE CAJAMARCA,PARTIDO DEMOCRATICO SOMOS PERU,14,True,42596,INSCRITO,INSCRITO,JESUS ROLANDO TICLLA FLORES,INSCRITO,indirecto
04-240102,04,240102,distrital,CALLAO,CALLAO,BELLAVISTA,40231520,ALEXANDER MIGUEL CALLAN CALLAN,M,47,286087,302646,ALCALDE DISTRITAL,CONTIGO CALLAO,RENOVACION POPULAR PERU,3040,True,52706,INSCRITO,INSCRITO,FERNANDO LLANOS SILVA,INSCRITO,indirecto
04-070206,04,070206,distrital,CUSCO,ACOMAYO,SANGARARA,46068994,JORGE LUIS CASTRO SALAZAR,M,36,335624,288919,ALCALDE DISTRITAL,MOVIMIENTO REGIONAL INKA PACHAKUTEQ,PARTIDO DEMOCRATICO SOMOS PERU,14,True,42641,INSCRITO,INSCRITO,LUCIO QUISPE TTITO,RENUNCIA,directo
04-080308,04,080308,distrital,HUANCAVELICA,ANGARAES,JULCAMARCA,40160053,YURY MALDONADO VILLANUEVA,M,47,286477,398656,ALCALDE DISTRITAL,MOVIMIENTO REGIONAL AYNI,PODEMOS PERU,2731,True,45955,INSCRITO,INSCRITO,NICANOR MALDONADO VILLANUEVA,INSCRITO,indirecto
04-090111,04,090111,distrital,HUANUCO,HUANUCO,PILLCO MARCA,42148514,DIANA CRISTINA PLEJO CARRILLO,F,42,393686,303530,ALCALDE DISTRITAL,MOVIMIENTO INDEPENDIENTE REGIONAL HUANUCO PRIMERO,FUERZA POPULAR,1366,True,44759,INSCRITO,INSCRITO,ESTELA ESTELINA BUENO TAFUR,RENUNCIA,directo
04-090113,04,090113,distrital,HUANUCO,HUANUCO,SAN PABLO DE PILLAO,42271700,DELIA VERDE PONCE,F,43,350763,323776,ALCALDE DISTRITAL,AVANZADA REGIONAL INDEPENDIENTE UNIDOS POR HUANUCO,PARTIDO POLITICO PERU PRIMERO,2925,True,48128,INSCRITO,INSCRITO,MARCOS VERDE PONCE,RENUNCIA,directo
03-091000,03,091000,provincial,HUANUCO,LAURICOCHA,,42351878,GIDE AGILBERTO FALCON SANCHEZ,M,42,349338,414978,ALCALDE PROVINCIAL,ALIANZA PARA EL PROGRESO,ALIANZA PARA EL PROGRESO,1257,False,39337,INSCRITO,INSCRITO,DEIBE GENARO CARBAJAL PAREDES,RENUNCIA,directo
04-090603,04,090603,distrital,HUANUCO,LEONCIO PRADO,HERMILIO VALDIZAN,45170146,ROCIO CUCHILLA NIETO,F,38,297019,401401,ALCALDE DISTRITAL,ALIANZA PARA EL PROGRESO,PARTIDO PAIS PARA TODOS,2956,True,49628,INSCRITO,INSCRITO,LUIS FERNANDO BRAVO RODRIGUEZ,IMPROCEDENTE,directo
03-090600,03,090600,provincial,HUANUCO,LEONCIO PRADO,,23019442,MARX ENDERSON FUENTES REYNOSO,M,50,345329,342418,ALCALDE PROVINCIAL,AVANZA PAIS - PARTIDO DE INTEGRACION SOCIAL,AHORA NACION - AN,2980,True,40825,INSCRITO,INSCRITO,VECKER LENIN EDUARDO JAIMES,INSCRITO,indirecto
04-090506,04,090506,distrital,HUANUCO,MARAÑON,LA MORADA,46204967,PERCY YENNER SONCCO TRUJILLO,M,38,361027,394984,ALCALDE DISTRITAL,MOVIMIENTO INDEPENDIENTE REGIONAL HUANUCO PRIMERO,PARTIDO POLITICO PERU PRIMERO,2925,True,48156,INSCRITO,INSCRITO,FRANKLYN STALIN SONCCO TRUJILLO,INSCRITO,indirecto
03-091100,03,091100,provincial,HUANUCO,YAROWILCA,,41174352,EDSON CABRERA CECILIO,M,47,325029,308160,ALCALDE PROVINCIAL,MOVIMIENTO INDEPENDIENTE REGIONAL HUANUCO PRIMERO,PARTIDO PAIS PARA TODOS,2956,True,40524,INSCRITO,INSCRITO,GILBERTO NILO CABRERA TRUJILLO,INSCRITO,indirecto
04-100211,04,100211,distrital,ICA,CHINCHA,SAN JUAN DE YANAC,21858389,WAGNER VALENTIN FERNANDEZ CHAVEZ,M,56,314115,382548,ALCALDE DISTRITAL,ALIANZA PARA EL PROGRESO,ALIANZA PARA EL PROGRESO,1257,False,43977,INSCRITO,INSCRITO,ANGIE MARISOL FERNANDEZ CHAVEZ,RENUNCIA,directo
04-100108,04,100108,distrital,ICA,ICA,SAN JUAN BAUTISTA,21502461,JORGE LUIS QUISPE SAAVEDRA,M,61,340766,361191,ALCALDE DISTRITAL,UNO POR ICA,RENOVACION POPULAR PERU,3040,True,52332,INSCRITO,INSCRITO,JUANA DEL SOCORRO QUISPE QUIJAITE,RENUNCIA,directo
04-100112,04,100112,distrital,ICA,ICA,TATE,21542528,FELIX MAXIMO RAMOS PEÑA,M,54,390884,289563,ALCALDE DISTRITAL,MOVIMIENTO REGIONAL OBRAS POR LA MODERNIDAD,FUERZA POPULAR,1366,True,44770,INSCRITO,INSCRITO,LILIANA CLARISA RAMOS PEÑA,RENUNCIA,directo
04-100304,04,100304,distrital,ICA,NASCA,MARCONA,22103217,JOEL ROBERTO ROSALES PACHECO,M,59,304119,323131,ALCALDE DISTRITAL,PARTIDO DEMOCRATICO SOMOS PERU,ACCION POPULAR,4,True,41944,INSCRITO,INSCRITO,WASHINGTON ESPINOZA BOLAS,INSCRITO,indirecto
04-100402,04,100402,distrital,ICA,PISCO,HUANCANO,40044836,JULIO AURELIO ROJAS ÑAÑEZ,M,47,331910,0,ALCALDE DISTRITAL,MOVIMIENTO REGIONAL OBRAS POR LA MODERNIDAD,PARTIDO DEMOCRATICO SOMOS PERU,14,True,42791,INSCRITO,EXCLUSION,GILMAR MEDINA PALOMINO,RENUNCIA,directo
04-100406,04,100406,distrital,ICA,PISCO,SAN ANDRES,45022305,JOEL ANDRE DE LA CRUZ CANELO,M,38,366345,369177,ALCALDE DISTRITAL,UNO POR ICA,RENOVACION POPULAR PERU,3040,True,52352,INSCRITO,INSCRITO,KARLA BRIGITTE SOLORZANO MUNDINI,INSCRITO,indirecto
04-110213,04,110213,distrital,JUNIN,CONCEPCION,ORCOTUNA,41880834,RONALD WILDER CONTRERAS TIZA,M,43,295114,300973,ALCALDE DISTRITAL,CORAZON PATRIOTA,BATALLA PERU,2984,True,51252,INSCRITO,INSCRITO,JORGE LUIS ASTUCURI PEREZ,INSCRITO,indirecto
04-110128,04,110128,distrital,JUNIN,HUANCAYO,SAN JERONIMO DE TUNAN,47548772,BENITO STANY AGUILAR ROJAS,M,33,309023,270669,ALCALDE DISTRITAL,MOVIMIENTO REGIONAL SIERRA Y SELVA CONTIGO JUNIN,BATALLA PERU,2984,True,51236,INSCRITO,INSCRITO,EDMUNDO FLAVIO VELIZ SANCHEZ,RENUNCIA,directo
04-110709,04,110709,distrital,JUNIN,SATIPO,VIZCATAN DEL ENE,41825381,ARTEMIO LAPA PEREZ,M,43,349281,256703,ALCALDE DISTRITAL,PARTIDO DEMOCRATICO SOMOS PERU,PARTIDO DEMOCRATICO SOMOS PERU,14,False,42809,INSCRITO,INSCRITO,MOISES LAPA PEREZ,RENUNCIA,directo
03-110500,03,110500,provincial,JUNIN,TARMA,,21135665,WALTER JIMENEZ JIMENEZ,M,53,319314,332089,ALCALDE PROVINCIAL,CAMINEMOS JUNTOS POR JUNIN,BATALLA PERU,2984,True,40959,INSCRITO,INSCRITO,FATHY ALDAIR JIMENEZ ARAUJO,INSCRITO,indirecto
04-120802,04,120802,distrital,LA LIBERTAD,ASCOPE,CHICAMA,18829597,EDILBERTO BADA CASTILLO,M,69,363805,362825,ALCALDE DISTRITAL,MOVIMIENTO REGIONAL FORTALEZA PERU,PODEMOS PERU,2731,True,46278,INSCRITO,INSCRITO,ROY EDILBERTO BADA CALDERON,INSCRITO,indirecto
04-121102,04,121102,distrital,LA LIBERTAD,GRAN CHIMU,LUCMA,48010901,OSBAR ALADINO MORALES ROMERO,M,32,341657,307772,ALCALDE DISTRITAL,ALIANZA PARA EL PROGRESO,ALIANZA PARA EL PROGRESO,1257,False,44172,INSCRITO,INSCRITO,HECTOR GEREMIAS MORALES RODRIGUEZ,RENUNCIA,directo
03-121100,03,121100,provincial,LA LIBERTAD,GRAN CHIMU,,19091348,DIBER PEREZ RODRIGUEZ,M,50,341323,318059,ALCALDE PROVINCIAL,ALIANZA PARA EL PROGRESO,ALIANZA PARA EL PROGRESO,1257,False,39363,INSCRITO,INSCRITO,JENNER ENOC DIAZ ALVA,RENUNCIA,directo
04-121002,04,121002,distrital,LA LIBERTAD,JULCAN,CARABAMBA,19089167,PERCY RAUL BLAS BENITES,M,50,301609,281115,ALCALDE DISTRITAL,ALIANZA PARA EL PROGRESO,ALIANZA PARA EL PROGRESO,1257,False,44169,INSCRITO,INSCRITO,CESAR RAUL VEGA AREDO,EXCLUSION,directo
04-120408,04,120408,distrital,LA LIBERTAD,OTUZCO,PARANDAY,80639522,JAIME EDGAR VALENCIA VILCA,M,46,287729,396633,ALCALDE DISTRITAL,TRABAJO MAS TRABAJO,PARTIDO DEMOCRATICO SOMOS PERU,14,True,42837,INSCRITO,INSCRITO,FIORELLA MILDRE VILCA BERMEJO,INSCRITO,indirecto
04-120409,04,120409,distrital,LA LIBERTAD,OTUZCO,SALPO,19059890,SIGIFREDO HELMER ROJAS GUEVARA,M,68,396607,255949,ALCALDE DISTRITAL,PARTIDO DEMOCRATICO SOMOS PERU,PARTIDO APRISTA PERUANO,2930,True,48728,INSCRITO,INSCRITO,JORDY FRANK CISNEROS ILQUIMICHE,RENUNCIA,directo
04-120503,04,120503,distrital,LA LIBERTAD,PACASMAYO,GUADALUPE,00125333,JUAN ALBERTO CASTAÑEDA LLANOS,M,68,337992,413010,ALCALDE DISTRITAL,FUERZA POPULAR,RENOVACION POPULAR PERU,3040,True,52468,INSCRITO,INSCRITO,LEOPOLDO DIAZ DIAZ,RENUNCIA,directo
04-120704,04,120704,distrital,LA LIBERTAD,SANTIAGO DE CHUCO,MOLLEPATA,80375238,ADRIANO RUBEN NARVAEZ GARCIA,M,50,360390,330175,ALCALDE DISTRITAL,NUEVA LIBERTAD,ACCION POPULAR,4,True,42021,INSCRITO,INSCRITO,CIRILO ANASTACIO NARVAEZ GARCIA,RENUNCIA,directo
03-120700,03,120700,provincial,LA LIBERTAD,SANTIAGO DE CHUCO,,40761099,VICTOR PRIMITIVO LUJAN CHERO,M,47,367986,397979,ALCALDE PROVINCIAL,TRABAJO MAS TRABAJO,PODEMOS PERU,2731,True,39727,INSCRITO,INSCRITO,JUAN SIXTO LUJAN CHERO,RENUNCIA,directo
04-120112,04,120112,distrital,LA LIBERTAD,TRUJILLO,FLORENCIA DE MORA,17850680,WILSON ENRIQUE TORIBIO VEREAU,M,64,394240,415999,ALCALDE DISTRITAL,TRABAJO MAS TRABAJO,FUERZA POPULAR,1366,True,44790,INSCRITO,INSCRITO,WILSON RICARDO TORIBIO PRADO,INSCRITO,indirecto
04-120111,04,120111,distrital,LA LIBERTAD,TRUJILLO,LA ESPERANZA,18027687,WILMER SANCHEZ RUIZ,M,54,298426,287050,ALCALDE DISTRITAL,TRABAJO MAS TRABAJO,ALIANZA PARA EL PROGRESO,1257,True,44115,INSCRITO,INSCRITO,ANDERSON NELSON CASTILLO ROSAS,RENUNCIA,directo
04-120105,04,120105,distrital,LA LIBERTAD,TRUJILLO,SALAVERRY,18022569,CARLOS HUMBERTO ARROYO ROJAS,M,63,310763,265541,ALCALDE DISTRITAL,ALIANZA PARA EL PROGRESO,ALIANZA PARA EL PROGRESO,1257,False,44111,INSCRITO,INSCRITO,JIMMY JEYNSON ARROYO FLORES,INSCRITO,indirecto
04-120106,04,120106,distrital,LA LIBERTAD,TRUJILLO,SIMBAL,18135987,SANTOS EUGENIO RAFAEL VALDIVIA,M,58,310546,380026,ALCALDE DISTRITAL,TRABAJO MAS TRABAJO,ALIANZA PARA EL PROGRESO,1257,True,44112,INSCRITO,INSCRITO,ALDO PAUL PEREDA LOYOLA,INSCRITO,indirecto
04-120107,04,120107,distrital,LA LIBERTAD,TRUJILLO,VICTOR LARCO HERRERA,18157752,SALVADOR ENRIQUE LEON CLEMENT,M,50,323115,270664,ALCALDE DISTRITAL,MOVIMIENTO REGIONAL FORTALEZA PERU,AVANZA PAIS - PARTIDO DE INTEGRACION SOCIAL,2173,True,45227,INSCRITO,INSCRITO,EDUARDO MURO TORIBIO,RENUNCIA,directo
04-130107,04,130107,distrital,LAMBAYEQUE,CHICLAYO,NUEVA ARICA,41501536,SIXTO LEOPOLDO GUERRERO RIVAS,M,43,321487,338010,ALCALDE DISTRITAL,MOVIMIENTO REGIONAL CONSTRUYENDO,PARTIDO DEMOCRATICO SOMOS PERU,14,True,42880,INSCRITO,INSCRITO,ALEX ROLANDO QUIROZ CRUZADO,INSCRITO,indirecto
04-130117,04,130117,distrital,LAMBAYEQUE,CHICLAYO,PATAPO,45032584,JOSE EDUARDO TARRILLO NUNTON,M,38,354469,324447,ALCALDE DISTRITAL,PARTIDO DEMOCRATICO SOMOS PERU,PARTIDO DEMOCRATICO SOMOS PERU,14,False,42888,INSCRITO,INSCRITO,LEONARDO TARRILLO NUNTON,RENUNCIA,directo
04-130110,04,130110,distrital,LAMBAYEQUE,CHICLAYO,PIMENTEL,16749651,ENRIQUE JAVIER NAVARRO CACHO SOUSA,M,50,293536,271113,ALCALDE DISTRITAL,ALIANZA PARA EL PROGRESO,ALIANZA PARA EL PROGRESO,1257,False,44185,INSCRITO,INSCRITO,PEDRO YRIGOYEN FERNANDINI,RENUNCIA,directo
04-130119,04,130119,distrital,LAMBAYEQUE,CHICLAYO,PUCALA,16694828,JOSE FRANCISCO ESTELA CAMPOS,M,56,346031,288938,ALCALDE DISTRITAL,AVANZA PAIS - PARTIDO DE INTEGRACION SOCIAL,PARTIDO DEMOCRATICO SOMOS PERU,14,True,42890,INSCRITO,INSCRITO,DEOMERGIS SANCHEZ TERRONES,RENUNCIA,directo
03-130200,03,130200,provincial,LAMBAYEQUE,FERREÑAFE,,17436766,POLANSKI CARMONA CRUZ,M,51,316020,287707,ALCALDE PROVINCIAL,PARTIDO DEMOCRATICO SOMOS PERU,PARTIDO DEMOCRATICO SOMOS PERU,14,False,39195,INSCRITO,INSCRITO,LUIS ALBERTO JUNIOR GUTIERREZ BARBA,IMPROCEDENTE,directo
03-140200,03,140200,provincial,LIMA,CAJATAMBO,,06208968,MIGUEL ANGEL CARLOS CASTILLO,M,65,356385,408499,ALCALDE PROVINCIAL,ALIANZA PARA EL PROGRESO,ALIANZA RENOVACION POPULAR Y TORO,3034,True,41406,INSCRITO,INSCRITO,LISBETH LEON BALBOA,RENUNCIA,directo
04-140405,04,140405,distrital,LIMA,CAÑETE,CHILCA,09477238,FELIX ABDIAS CHOQUEHUANCA QUEZADA,M,57,312786,394147,ALCALDE DISTRITAL,MOVIMIENTO REGIONAL UNIDAD CIVICA LIMA,APP - LA CHOLITA,3032,True,51859,INSCRITO,INSCRITO,EDITH ERIKA VALLADARES MORALES,INSCRITO,indirecto
04-140411,04,140411,distrital,LIMA,CAÑETE,QUILMANA,15440111,REGIS VICTOR POMALAYA GODOY,M,49,313061,299490,ALCALDE DISTRITAL,ACCION POPULAR,APP - LA CHOLITA,3032,True,51865,INSCRITO,INSCRITO,JOSE BORIS MENDOZA PORTOLATINO,RENUNCIA,directo
04-140807,04,140807,distrital,LIMA,HUARAL,LAMPIAN,15990662,ALEJANDRO PERON ROJAS PARIASCA,M,70,319105,277532,ALCALDE DISTRITAL,MOVIMIENTO REGIONAL UNIDAD CIVICA LIMA,APP - LA CHOLITA,3032,True,51944,INSCRITO,INSCRITO,MANUEL JOE ROJAS GONZALES,INSCRITO,indirecto
04-140808,04,140808,distrital,LIMA,HUARAL,PACARAOS,46172512,MARIA ISABEL HUARCA SAENZ,F,38,319125,258588,ALCALDE DISTRITAL,ALIANZA PARA EL PROGRESO,APP - LA CHOLITA,3032,True,51945,INSCRITO,INSCRITO,DEMETRIO ALFONSO BARRIENTOS GARAY,INSCRITO,indirecto
04-140606,04,140606,distrital,LIMA,HUAROCHIRI,CUENCA,45267043,BRYAN GABRIEL FLORES HIDALGO,M,37,307347,375940,ALCALDE DISTRITAL,ACCION POPULAR,ACCION POPULAR,4,False,42103,INSCRITO,INSCRITO,NILTON MARCOS QUISPE,TACHADO,directo
04-140612,04,140612,distrital,LIMA,HUAROCHIRI,MARIATANA,41612407,RONAL CLAVERT MORALES NAVARRO,M,44,308120,356404,ALCALDE DISTRITAL,MOVIMIENTO REGIONAL UNIDAD CIVICA LIMA,APP - LA CHOLITA,3032,True,51888,INSCRITO,INSCRITO,FLORIANO BALLARTA CONTRERAS,INSCRITO,indirecto
04-140628,04,140628,distrital,LIMA,HUAROCHIRI,SANTO DOMINGO DE LOS OLLEROS,07476298,JORGE VIDAL OBISPO HUAPAYA,M,55,308768,394485,ALCALDE DISTRITAL,CONCERTACION PARA EL DESARROLLO REGIONAL - LIMA,APP - LA CHOLITA,3032,True,51904,INSCRITO,INSCRITO,ELDER MANUEL OBISPO PEREZ,INSCRITO,indirecto
04-140103,04,140103,distrital,LIMA,LIMA,ATE,70755505,FRANCO VIDAL MORALES,M,31,313071,293298,ALCALDE DISTRITAL,AVANZA PAIS - PARTIDO DE INTEGRACION SOCIAL,AVANZA PAIS - PARTIDO DE INTEGRACION SOCIAL,2173,False,45265,INSCRITO,INSCRITO,MANUEL GAUDENCIO VIDAL CAMARGO,INSCRITO,indirecto
04-140125,04,140125,distrital,LIMA,LIMA,BARRANCO,06661826,JESSICA ARMIDA VARGAS GOMEZ,F,57,331197,325767,ALCALDE DISTRITAL,RENOVACION POPULAR,RENOVACION POPULAR PERU,3040,True,52528,INSCRITO,INSCRITO,MANUEL MILENCO ESPINOZA LOARTE,INSCRITO,indirecto
04-140104,04,140104,distrital,LIMA,LIMA,BREÑA,06743534,LUIS FELIPE DE LA MATA MARTINEZ,M,72,383377,396825,ALCALDE DISTRITAL,PODEMOS PERU,PODEMOS PERU,2731,False,46305,INSCRITO,INSCRITO,LUIS ROLANDO ALEJANDRO DE LA MATA ALVA,INSCRITO,indirecto
04-140105,04,140105,distrital,LIMA,LIMA,CARABAYLLO,09171873,PABLO MENDOZA CUEVA,M,68,344868,288244,ALCALDE DISTRITAL,PARTIDO DEMOCRATICO SOMOS PERU,PARTIDO DEMOCRATICO SOMOS PERU,14,False,42911,INSCRITO,INSCRITO,ROSARIO PELAEZ RAMIREZ,INSCRITO,indirecto
04-140139,04,140139,distrital,LIMA,LIMA,CIENEGUILLA,09221816,EMILIO ALBERTO CHAVEZ HUARINGA,M,49,382455,260021,ALCALDE DISTRITAL,PODEMOS PERU,PODEMOS PERU,2731,False,46335,INSCRITO,INSCRITO,ORTENSIA LA TORRE CERVANTES,INSCRITO,indirecto
04-140135,04,140135,distrital,LIMA,LIMA,EL AGUSTINO,09776559,RICHARD ROBERT SORIA FUERTE,M,53,356668,369239,ALCALDE DISTRITAL,PODEMOS PERU,PODEMOS PERU,2731,False,46331,INSCRITO,INSCRITO,LIBORIO SORIA ALVAREZ,RENUNCIA,directo
04-140134,04,140134,distrital,LIMA,LIMA,INDEPENDENCIA,07158645,ALFREDO REYNAGA RAMIREZ,M,62,350433,290478,ALCALDE DISTRITAL,PARTIDO DEMOCRATICO SOMOS PERU,PARTIDO DEMOCRATICO SOMOS PERU,14,False,42939,INSCRITO,INSCRITO,FELICITA MARIA RODRIGUEZ PEÑA,RENUNCIA,directo
04-140110,04,140110,distrital,LIMA,LIMA,LA MOLINA,07827187,ESTEBAN UCEDA GUERRA GARCIA,M,67,331362,294601,ALCALDE DISTRITAL,RENOVACION POPULAR,RENOVACION POPULAR PERU,3040,True,52513,INSCRITO,INSCRITO,LIZZI DEL ROCIO SUELDO MATOS,INSCRITO,indirecto
04-140111,04,140111,distrital,LIMA,LIMA,LINCE,07719159,MALCA SCHNAIDERMAN LARA,F,76,363159,315044,ALCALDE DISTRITAL,RENOVACION POPULAR,RENOVACION POPULAR PERU,3040,True,52514,INSCRITO,INSCRITO,MIRTHA SEBASTIANA URIBE SORIANO,INSCRITO,indirecto
04-140142,04,140142,distrital,LIMA,LIMA,LOS OLIVOS,10144733,LUIS FELIPE CASTILLO OLIVA,M,49,346701,405148,ALCALDE DISTRITAL,PODEMOS PERU,PODEMOS PERU,2731,False,46337,INSCRITO,INSCRITO,CARLOS ALBERTO ROMERO GARCIA,RENUNCIA,directo
04-140113,04,140113,distrital,LIMA,LIMA,LURIN,44728411,JUAN RAUL MARTICORENA PEREZ,M,38,387046,347570,ALCALDE DISTRITAL,ALIANZA PARA EL PROGRESO,ALIANZA PARA EL PROGRESO,1257,False,44223,INSCRITO,INSCRITO,WALTER YONY VALERIANO VIVAS,RENUNCIA,directo
04-140117,04,140117,distrital,LIMA,LIMA,PUEBLO LIBRE,08397999,MONICA ROSSANA TELLO LOPEZ,F,60,371474,356717,ALCALDE DISTRITAL,RENOVACION POPULAR,RENOVACION POPULAR PERU,3040,True,52520,INSCRITO,INSCRITO,CECILIA ACOSTA CAJALEON,INSCRITO,indirecto
04-140119,04,140119,distrital,LIMA,LIMA,PUENTE PIEDRA,10317458,RENNAN SAMUEL ESPINOZA ROSALES,M,50,350892,281820,ALCALDE DISTRITAL,PARTIDO DEMOCRATICO SOMOS PERU,PARTIDO DEMOCRATICO SOMOS PERU,14,False,42925,INSCRITO,INSCRITO,RENNAN SANTIAGO ESPINOZA VENEGAS,INSCRITO,indirecto
04-140121,04,140121,distrital,LIMA,LIMA,PUNTA NEGRA,41119087,EULOGIO HUYHUA CCACCYA,M,45,290030,401865,ALCALDE DISTRITAL,ALIANZA PARA EL PROGRESO,ACCION POPULAR,4,True,42064,INSCRITO,INSCRITO,MONICA ALICIA HUYHUA LIMACHI,INSCRITO,indirecto
04-140122,04,140122,distrital,LIMA,LIMA,RIMAC,08122797,NESTOR EVADIO DE LA ROSA VILLEGAS,M,59,352434,323184,ALCALDE DISTRITAL,PODEMOS PERU,PODEMOS PERU,2731,False,46321,INSCRITO,INSCRITO,KATHERINE ANGELICA DE LA ROSA MENENDEZ,INSCRITO,indirecto
04-140137,04,140137,distrital,LIMA,LIMA,SAN JUAN DE LURIGANCHO,40745792,JESUS MALDONADO AMAO,M,46,343635,364004,ALCALDE DISTRITAL,PARTIDO DEMOCRATICO SOMOS PERU,PARTIDO DEMOCRATICO SOMOS PERU,14,False,42942,INSCRITO,INSCRITO,CESAR ANDRE USQUIANO MALDONADO,RENUNCIA,directo
04-140138,04,140138,distrital,LIMA,LIMA,SAN LUIS,08419544,RICARDO ROBERT PEREZ CASTRO,M,59,357446,291355,ALCALDE DISTRITAL,RENOVACION POPULAR,RENOVACION POPULAR PERU,3040,True,52540,INSCRITO,INSCRITO,MARIA ROSARIO LOPEZ SOLANO,INSCRITO,indirecto
04-140127,04,140127,distrital,LIMA,LIMA,SAN MIGUEL,10797804,EDUARDO JAVIER BLESS CABREJAS,M,48,315638,409807,ALCALDE DISTRITAL,AVANZA PAIS - PARTIDO DE INTEGRACION SOCIAL,AVANZA PAIS - PARTIDO DE INTEGRACION SOCIAL,2173,False,45289,INSCRITO,INSCRITO,KARIN NOEMI GARCIA JUAREZ,RENUNCIA,directo
04-140129,04,140129,distrital,LIMA,LIMA,SANTA ROSA,10621393,GEORGE ROBLES SOTO,M,48,388780,371241,ALCALDE DISTRITAL,PODEMOS PERU,PODEMOS PERU,2731,False,46325,INSCRITO,INSCRITO,JOHN PORFIRIO ROBLES SOTO,RENUNCIA,directo
03-140100,03,140100,provincial,LIMA,LIMA,,07845838,RAFAEL BERNARDO LÓPEZ ALIAGA CAZORLA,M,65,358353,402104,ALCALDE PROVINCIAL,RENOVACION POPULAR,RENOVACION POPULAR PERU,3040,True,41525,INSCRITO,INSCRITO,LUIS ISAEL RUBIO IDROGO,RENUNCIA,directo
04-140705,04,140705,distrital,LIMA,YAUYOS,AZANGARO,42418817,JAIME DACIO QUISPE DE LA CRUZ,M,44,294089,317172,ALCALDE DISTRITAL,PARTIDO DEMOCRATICO SOMOS PERU,PARTIDO DEMOCRATICO SOMOS PERU,14,False,43000,INSCRITO,INSCRITO,MARTIN TELLO BELLO,RENUNCIA,directo
04-140719,04,140719,distrital,LIMA,YAUYOS,OMAS,09383817,ERICK ALFONSO CHIRINOS JIMENEZ,M,57,312245,321572,ALCALDE DISTRITAL,PATRIA JOVEN,APP - LA CHOLITA,3032,True,51926,INSCRITO,INSCRITO,NIXON AMERICO AVALOS CHAVEZ,INSCRITO,indirecto
04-140732,04,140732,distrital,LIMA,YAUYOS,PUTINZA,46361297,JESSICA MARLY QUISPE SANCHEZ,F,36,312257,326616,ALCALDE DISTRITAL,PATRIA JOVEN,APP - LA CHOLITA,3032,True,51939,INSCRITO,INSCRITO,ARSENIO LUCIANI CHUMBIAUCA,IMPROCEDENTE,directo
04-140729,04,140729,distrital,LIMA,YAUYOS,VITIS,10722441,MIGUEL ANGEL ESPEJO SALAZAR,M,50,335832,257010,ALCALDE DISTRITAL,AVANZA PAIS - PARTIDO DE INTEGRACION SOCIAL,AVANZA PAIS - PARTIDO DE INTEGRACION SOCIAL,2173,False,45310,INSCRITO,INSCRITO,LADY ESTEFANY BASURTO NAUPARI,RENUNCIA,directo
04-150902,04,150902,distrital,LORETO,PUTUMAYO,ROSA PANDURO,80594518,JHONNY ANTONIO GARCES FATAMA,M,49,374140,301955,ALCALDE DISTRITAL,PARTIDO DEMOCRATICO SOMOS PERU,FUERZA POPULAR,1366,True,44972,INSCRITO,INSCRITO,WILMER DILFREDO DAHUA MOZOMBITE,INSCRITO,indirecto
04-150409,04,150409,distrital,LORETO,REQUENA,TAPICHE,41315172,HECTOR VARGAS VILLACORTA,M,44,323897,361369,ALCALDE DISTRITAL,MOVIMIENTO INDEPENDIENTE REIVINDIQUEMOS LORETO,PARTIDO DEMOCRATICO SOMOS PERU,14,True,43067,INSCRITO,INSCRITO,LUISA CARDENAS REYNA,INSCRITO,indirecto
03-150400,03,150400,provincial,LORETO,REQUENA,,45232897,CESAR NOE CABALLERO NASHNATE,M,41,311828,367621,ALCALDE PROVINCIAL,MOVIMIENTO INDEPENDIENTE REIVINDIQUEMOS LORETO,PARTIDO DEMOCRATICO SOMOS PERU,14,True,39210,INSCRITO,INSCRITO,RITA FLORES HUANUIRI,RENUNCIA,directo
04-180304,04,180304,distrital,PASCO,OXAPAMPA,PUERTO BERMUDEZ,04325557,DINA JUMANGA MISHARI,F,55,321005,0,ALCALDE DISTRITAL,PASCO VERDE,PARTIDO FRENTE DE LA ESPERANZA 2021,2857,True,46776,INSCRITO,IMPROCEDENTE,SUSY LISSETH RIVERA OVALLE,INSCRITO,indirecto
04-190205,04,190205,distrital,PIURA,AYABACA,PACAIPAMPA,03121797,JUAN MANUEL GARCIA CARHUAPOMA,M,59,321787,402990,ALCALDE DISTRITAL,CONTIGO REGION,PODEMOS PERU,2731,True,46461,INSCRITO,INSCRITO,OSCAR MARTIN RUIZ GUEVARA,IMPROCEDENTE,directo
04-190208,04,190208,distrital,PIURA,AYABACA,SUYO,03116575,JORGE HUANCA MERINO,M,58,297045,307402,ALCALDE DISTRITAL,PARTIDO DEMOCRATICO SOMOS PERU,PARTIDO DEMOCRATICO SOMOS PERU,14,False,43126,INSCRITO,INSCRITO,JUAN FRANCISCO CASTILLO CASTILLO,IMPROCEDENTE,directo
04-190408,04,190408,distrital,PIURA,MORROPON,LA MATANZA,80662946,ORLANDO CHIROQUE ANASTACIO,M,47,313135,256884,ALCALDE DISTRITAL,ORGANIZACION POLITICA UNIDAD REGIONAL,PODEMOS PERU,2731,True,46477,INSCRITO,INSCRITO,PEDRO ZAPATA YNFANTE,INSCRITO,indirecto
04-190409,04,190409,distrital,PIURA,MORROPON,YAMANGO,40569464,MITRIDATES GARCIA GARCIA,M,47,313476,399328,ALCALDE DISTRITAL,ORGANIZACION POLITICA UNIDAD REGIONAL,PODEMOS PERU,2731,True,46478,INSCRITO,INSCRITO,LUCIA DEL PILAR GARCIA GARCIA,INSCRITO,indirecto
03-190400,03,190400,provincial,PIURA,MORROPON,,10422165,RICHARD HERNAN BACA PALACIOS,M,55,326568,263509,ALCALDE PROVINCIAL,ORGANIZACION POLITICA UNIDAD REGIONAL,ALIANZA PARA EL PROGRESO,1257,True,39388,INSCRITO,INSCRITO,RICARDO CESAR ESPINOZA NIMA,RENUNCIA,directo
04-190608,04,190608,distrital,PIURA,SULLANA,IGNACIO ESCUDERO,43619849,MANUEL HUMBERTO CHORRES ALBURQUEQUE,M,40,366019,407209,ALCALDE DISTRITAL,ORGANIZACION POLITICA UNIDAD REGIONAL,PODEMOS PERU,2731,True,46490,INSCRITO,INSCRITO,CARLOS ESTEBAN NOLE HERNANDEZ,INSCRITO,indirecto
04-190605,04,190605,distrital,PIURA,SULLANA,MIGUEL CHECA,02899943,PEDRO MIGUEL ZAPATA SOCOLA,M,60,379733,415536,ALCALDE DISTRITAL,ORGANIZACION POLITICA UNIDAD REGIONAL,PODEMOS PERU,2731,True,46488,INSCRITO,INSCRITO,RONNY ROA REQUENA,INSCRITO,indirecto
04-200609,04,200609,distrital,PUNO,LAMPA,SANTA LUCIA,02169890,JORGE LUIS ALI CABANA,M,50,392906,294206,ALCALDE DISTRITAL,MOVIMIENTO DE INTEGRACION Y REVOLUCION ANDINA,PARTIDO DEMOCRATICO SOMOS PERU,3045,True,52746,INSCRITO,INSCRITO,EBERT DONY QUISPE ZAPANA,RENUNCIA,directo
04-210704,04,210704,distrital,SAN MARTIN,BELLAVISTA,ALTO BIAVO,43014310,EDER VERA FERNANDEZ,M,41,305379,314492,ALCALDE DISTRITAL,ALIANZA PARA EL PROGRESO,ALIANZA PARA EL PROGRESO,1257,False,44435,INSCRITO,INSCRITO,WAGNER CUBAS TAPIA,INSCRITO,indirecto
04-210705,04,210705,distrital,SAN MARTIN,BELLAVISTA,HUALLAGA,46306903,DUVITH ORIANA GONZALEZ YSUIZA,F,36,294238,267034,ALCALDE DISTRITAL,AVANZA PAIS - PARTIDO DE INTEGRACION SOCIAL,AVANZA PAIS - PARTIDO DE INTEGRACION SOCIAL,2173,False,45376,INSCRITO,INSCRITO,FARAON GONZALEZ SALDAÑA,RENUNCIA,directo
03-211000,03,211000,provincial,SAN MARTIN,EL DORADO,,42419215,FRANCISCO SATALAYA CASTILLO,M,46,283325,324837,ALCALDE PROVINCIAL,ACCION POPULAR,RENOVACION POPULAR PERU,3040,True,41553,INSCRITO,INSCRITO,GEICER PUTPAÑA PUTPAÑA,IMPROCEDENTE,directo
04-210305,04,210305,distrital,SAN MARTIN,LAMAS,CUÑUMBUQUI,45004923,SALOMON DIAZ SAVALETA,M,38,385007,332031,ALCALDE DISTRITAL,AVANZA PAIS - PARTIDO DE INTEGRACION SOCIAL,FUERZA POPULAR,1366,True,44992,INSCRITO,INSCRITO,REINER SANCHEZ LINARES,RENUNCIA,directo
04-210306,04,210306,distrital,SAN MARTIN,LAMAS,PINTO RECODO,45400688,ROBINSON TANTALEAN PEDRAZA,M,38,324193,349681,ALCALDE DISTRITAL,PARTIDO DEMOCRATICO SOMOS PERU,RENOVACION POPULAR PERU,3040,True,52641,INSCRITO,INSCRITO,ETIEL PALOMINO SANTA CRUZ,RENUNCIA,directo
04-210316,04,210316,distrital,SAN MARTIN,LAMAS,SAN ROQUE DE CUMBAZA,41620132,SANDRO MORI RENGIFO,M,44,385175,322953,ALCALDE DISTRITAL,AVANZA PAIS - PARTIDO DE INTEGRACION SOCIAL,FUERZA POPULAR,1366,True,44999,INSCRITO,INSCRITO,ELVIN SAAVEDRA SINARAHUA,RENUNCIA,directo
04-210314,04,210314,distrital,SAN MARTIN,LAMAS,ZAPATERO,18138473,CARLOS FRANCOIS HIDALGO REATEGUI,M,51,324227,345911,ALCALDE DISTRITAL,PARTIDO DEMOCRATICO SOMOS PERU,RENOVACION POPULAR PERU,3040,True,52645,INSCRITO,INSCRITO,VICTOR FRANCOIS FLORES HIDALGO,RENUNCIA,directo
03-210300,03,210300,provincial,SAN MARTIN,LAMAS,,00950513,MAY DIAZ PEREZ,M,49,380730,297841,ALCALDE PROVINCIAL,AVANZA PAIS - PARTIDO DE INTEGRACION SOCIAL,FUERZA POPULAR,1366,True,39513,INSCRITO,INSCRITO,MIKE ERIC LLAJA ANGULO,RENUNCIA,directo
04-210402,04,210402,distrital,SAN MARTIN,MARISCAL CACERES,CAMPANILLA,00975116,VICTOR HUGO SAAVEDRA SANDOVAL,M,54,329101,352227,ALCALDE DISTRITAL,PARTIDO DEMOCRATICO SOMOS PERU,RENOVACION POPULAR PERU,3040,True,52648,INSCRITO,INSCRITO,EDIL BECERRA RAMIREZ,INSCRITO,indirecto
04-210905,04,210905,distrital,SAN MARTIN,PICOTA,PUCACACA,09909672,ARMANDO GARCIA RAMIREZ,M,51,318125,300094,ALCALDE DISTRITAL,NUEVA AMAZONIA,RENOVACION POPULAR PERU,3040,True,52684,INSCRITO,INSCRITO,VIVIAN ISABEL GRANDEZ SINTI,RENUNCIA,directo
04-210908,04,210908,distrital,SAN MARTIN,PICOTA,TINGO DE PONASA,46504809,JUAN CARLOS CHISTAMA ARMAS,M,35,311034,322508,ALCALDE DISTRITAL,AVANZA PAIS - PARTIDO DE INTEGRACION SOCIAL,ALIANZA PARA EL PROGRESO,1257,True,44448,INSCRITO,INSCRITO,ALBERTO TRIGOZO CASTILLO,IMPROCEDENTE,directo
04-210507,04,210507,distrital,SAN MARTIN,RIOJA,SAN FERNANDO,01059574,BENEDICTO ROJAS ORTIZ,M,63,284365,383360,ALCALDE DISTRITAL,PARTIDO DEMOCRATICO SOMOS PERU,RENOVACION POPULAR PERU,3040,True,52655,INSCRITO,INSCRITO,MANUEL JESUS DIAZ HUANCARUNA,INSCRITO,indirecto
04-210503,04,210503,distrital,SAN MARTIN,RIOJA,YORONGOS,41741491,DAVID LOPEZ ALVARADO,M,44,297826,339295,ALCALDE DISTRITAL,UNION REGIONAL,AVANZA PAIS - PARTIDO DE INTEGRACION SOCIAL,2173,True,45354,INSCRITO,INSCRITO,PALMER GUERRERO GARCIA,RENUNCIA,directo
03-210500,03,210500,provincial,SAN MARTIN,RIOJA,,01155645,JUBINAL NICODEMOS FLORES,M,48,293035,394276,ALCALDE PROVINCIAL,AVANZA PAIS - PARTIDO DE INTEGRACION SOCIAL,AVANZA PAIS - PARTIDO DE INTEGRACION SOCIAL,2173,False,39600,INSCRITO,INSCRITO,MELBIN WILEY NICODEMOS SANCHEZ,RENUNCIA,directo
04-210608,04,210608,distrital,SAN MARTIN,SAN MARTIN,EL PORVENIR,44810884,ANTHONI MAX BARRERA ISUIZA,M,38,380368,371385,ALCALDE DISTRITAL,ACCION POPULAR,ACCION POPULAR,4,False,42205,INSCRITO,INSCRITO,PAULINA CONSUELO DELGADO ISUIZA,INSCRITO,indirecto
04-210806,04,210806,distrital,SAN MARTIN,TOCACHE,SANTA LUCIA,73470627,GINO GAMARRA MELGAREJO,M,30,340830,317500,ALCALDE DISTRITAL,ACCION POPULAR,ALIANZA PARA EL PROGRESO,1257,True,44441,INSCRITO,INSCRITO,ESTID BRAYAN CABALLERO MELGAREJO,RENUNCIA,directo
03-210800,03,210800,provincial,SAN MARTIN,TOCACHE,,16512585,VIDAL GONZALES ZAVALETA,M,65,352773,294060,ALCALDE PROVINCIAL,UNION REGIONAL,ALIANZA PARA EL PROGRESO,1257,True,39400,INSCRITO,INSCRITO,SAMUEL ANGEL RODRIGUEZ GONZALES,RENUNCIA,directo
03-220400,03,220400,provincial,TACNA,CANDARAVE,,80183956,RAFAEL BERNARDO VEGA PANIAGUA,M,49,336038,326278,ALCALDE PROVINCIAL,SIEMPRE TACNA,PROGRESEMOS,2967,True,40690,INSCRITO,INSCRITO,SHEILA TATIANA LUPACA COAQUERA,IMPROCEDENTE,directo
04-220109,04,220109,distrital,TACNA,TACNA,POCOLLAY,00480976,HUGO RUBEN GARCIA MAMANI,M,56,368944,384252,ALCALDE DISTRITAL,SIEMPRE TACNA,AVANZA PAIS - PARTIDO DE INTEGRACION SOCIAL,2173,True,45400,INSCRITO,INSCRITO,JOSE LUIS CARRANZA ZAVALA,INSCRITO,indirecto
