mpio_reg_code_7,mesas_total,mesas_escrutadas,censo,votantes,votos_nulos,votos_no_marcados,votos_blanco,votos_validos,cand_32_000001|HECTOR ELIAS PINEDA SALAZAR,cand_32_000002|EDISON LUCIO TORRES MORENO,cand_32_000003|ROY LEONARDO BARRERAS MONTEALEGRE,cand_32_000004|MARTHA VIVIANA BERNAL AMAYA,cand_32_000005|DANIEL QUINTERO CALLE
0100001,5499,5498,1862718,576754,32020,17187,0,527547,1113,982,6683,1757,21084
0100004,51,51,15644,4020,93,475,0,3452,5,10,20,8,47
0100007,7,7,2062,704,14,37,0,653,1,3,5,1,3
0100010,15,15,4733,1024,40,85,0,899,0,4,27,0,11
0100013,78,78,24730,3452,223,234,0,2995,6,12,30,13,119
0100016,60,60,19294,2129,84,180,0,1865,2,9,22,11,72
0100019,115,115,36920,7049,249,456,0,6344,12,16,38,20,124
0100022,20,20,6041,856,49,88,0,719,1,3,39,3,15
0100025,30,30,9718,959,37,113,0,809,2,6,10,6,27
0100028,45,45,13909,737,21,139,0,577,2,3,38,4,41
0100031,77,77,24242,4110,205,349,0,3556,5,7,38,15,138
0100034,21,21,6764,1005,20,121,0,864,1,2,9,3,25
0100035,336,336,109862,14637,1383,1721,0,11533,66,158,332,79,879
0100037,75,75,24079,1932,87,267,0,1578,5,20,35,10,125
0100039,25,25,6990,935,13,112,0,810,1,3,9,1,15
0100040,15,15,4667,770,29,106,0,635,0,3,4,1,15
0100043,145,145,46850,8592,590,786,0,7216,20,30,92,43,431
0100046,20,20,5466,1389,27,115,0,1247,2,3,9,4,24
0100049,1063,1063,368373,89027,5658,3665,0,79704,228,185,904,313,3803
0100052,27,27,8596,1259,46,122,0,1091,2,2,5,0,16
0100055,45,45,14145,2209,65,256,0,1888,2,4,7,9,38
0100058,75,75,24357,5234,201,336,0,4697,6,7,50,15,72
0100061,28,28,8423,1035,20,189,0,826,1,14,12,4,45
0100062,25,25,7121,631,32,104,0,495,2,3,15,2,22
0100064,66,66,21504,1428,103,485,0,840,5,23,24,10,98
0100067,22,22,7301,1766,31,158,0,1577,4,1,8,4,24
0100070,223,223,72495,18897,1361,1029,0,16507,51,54,142,60,792
0100073,23,23,7332,1172,34,187,0,951,2,3,4,3,15
0100076,46,46,15282,2750,65,249,0,2436,3,5,13,4,36
0100078,17,17,4972,707,25,83,0,599,0,5,8,5,17
0100079,16,16,5098,1407,30,181,0,1196,1,6,2,2,20
0100080,155,155,50144,6575,555,1131,0,4889,27,96,123,42,381
0100082,141,141,45777,12882,601,484,0,11797,21,31,146,55,330
0100085,14,14,4419,1223,57,77,0,1089,2,3,30,4,17
0100088,248,248,78183,8478,714,1374,0,6390,30,105,210,66,597
0100091,39,39,12859,2580,164,301,0,2115,6,14,25,19,120
0100094,48,48,14930,2952,77,155,0,2720,3,8,19,6,62
0100097,14,14,4557,1362,36,126,0,1200,1,3,5,1,8
0100100,52,52,16573,2526,57,223,0,2246,0,9,24,11,40
0100103,241,241,77778,17428,1053,705,0,15670,35,33,157,76,637
0100106,165,165,53823,5573,420,754,0,4399,27,76,136,33,312
0100109,67,67,20829,1718,74,296,0,1348,10,14,12,8,39
0100112,58,58,19149,4542,130,230,0,4182,9,5,36,7,50
0100115,37,37,11640,2497,130,259,0,2108,4,5,17,5,46
0100117,131,131,42682,2413,197,439,0,1777,10,21,43,13,143
0100118,30,30,9845,2786,112,214,0,2460,4,3,30,10,45
0100121,752,752,245614,97897,4811,2246,0,90840,141,113,1053,204,1740
0100124,60,60,18270,3499,170,334,0,2995,9,14,32,9,77
0100127,59,59,18464,1607,42,43,0,1522,0,3,7,1,26
0100130,17,17,5194,968,26,96,0,846,2,0,11,11,24
0100133,173,173,57065,11495,650,515,0,10330,33,24,165,49,420
0100136,28,28,9174,2120,102,157,0,1861,4,2,24,8,54
0100139,32,32,10193,1882,49,104,0,1729,1,2,16,7,28
0100140,20,20,6000,719,37,117,0,565,0,2,10,1,34
0100142,136,136,43263,14161,871,688,0,12602,17,23,123,49,385
0100145,25,25,8236,2181,71,41,0,2069,1,1,9,6,35
0100148,20,20,6156,978,33,87,0,858,0,3,11,3,22
0100150,17,17,5339,874,27,75,0,772,2,0,11,6,34
0100151,770,770,267367,70559,4558,2958,0,63043,151,149,932,240,2623
0100154,62,62,18208,896,46,78,0,772,2,5,7,8,35
0100157,42,42,13394,3964,129,284,0,3551,5,3,23,14,87
0100160,36,36,11599,3038,121,194,0,2723,2,2,14,15,38
0100163,183,183,59367,22281,1133,923,0,20225,31,41,206,76,499
0100166,205,205,66476,17885,993,528,0,16364,29,26,193,40,497
0100168,39,39,12566,1487,57,134,0,1296,4,9,64,5,91
0100169,63,63,20261,5398,216,224,0,4958,6,4,53,28,157
0100170,23,23,7577,923,33,59,0,831,3,1,4,5,16
0100172,31,31,9787,1540,46,117,0,1377,2,1,7,6,42
0100175,28,28,8734,1410,47,143,0,1220,4,4,15,7,58
0100178,159,159,51760,15957,743,645,0,14569,33,23,152,39,376
0100181,21,21,6570,1337,48,152,0,1137,4,5,15,6,30
0100184,13,13,3583,190,1,67,0,122,1,8,7,1,18
0100187,51,51,16692,1501,71,296,0,1134,5,18,17,14,82
0100190,30,30,9079,1695,45,212,0,1438,1,2,8,5,14
0100191,68,68,22306,1322,54,283,0,985,0,13,26,9,62
0100192,121,121,40654,3856,162,885,0,2809,10,55,64,25,149
0100193,10,10,3024,568,16,41,0,511,0,0,4,0,13
0100196,57,57,18759,4827,237,336,0,4254,6,6,27,18,113
0100199,23,23,6907,1937,14,147,0,1776,4,9,6,4,15
0100202,23,23,7578,1513,30,181,0,1302,2,2,4,6,39
0100205,114,114,35634,3530,210,235,0,3085,8,21,61,23,138
0100206,47,47,15461,2056,137,244,0,1675,8,14,25,11,134
0100208,75,75,23623,1361,102,165,0,1094,7,16,16,14,107
0100211,67,67,21852,10695,363,329,0,10003,11,8,65,15,112
0100214,390,390,128988,53162,2758,1827,0,48577,87,63,518,135,1102
0100217,26,26,7957,1020,23,128,0,869,1,2,7,4,14
0100218,297,297,96878,38117,1712,982,0,35423,51,34,436,71,746
0100220,46,46,14478,2264,28,249,0,1987,2,4,7,6,28
0100223,22,22,5915,771,35,68,0,668,2,2,6,6,32
0100226,50,50,15668,3090,104,253,0,2733,8,9,22,4,87
0100227,21,21,6792,824,20,73,0,731,0,1,4,2,12
0100229,44,44,13800,3269,175,397,0,2697,6,14,30,8,87
0100230,10,10,3330,658,17,70,0,571,0,1,6,3,17
0100231,66,66,21449,1584,37,196,0,1351,6,15,25,4,68
0100232,40,40,12537,2531,87,131,0,2313,3,5,17,5,53
0100235,74,74,23828,5521,229,173,0,5119,7,4,33,13,102
0100237,94,94,30160,2131,80,289,0,1762,3,14,59,7,82
0100238,43,43,13883,2512,106,215,0,2191,1,9,14,11,65
0100241,51,51,16786,3969,153,437,0,3379,4,10,34,7,77
0100244,56,56,17491,4763,155,361,0,4247,4,9,36,17,87
0100247,73,73,22963,2421,132,84,0,2205,4,6,45,10,89
0100250,94,94,29556,6209,325,370,0,5514,3,12,34,24,147
0100253,33,33,9727,1547,57,46,0,1444,0,4,32,4,22
0100256,96,96,30949,11205,459,662,0,10084,14,25,104,41,195
0100259,101,101,33157,1806,129,210,0,1467,6,19,33,13,205
0100262,97,97,28173,7986,311,703,0,6972,12,15,27,29,117
0100265,45,45,13695,4181,143,361,0,3677,4,9,38,11,95
0100268,47,47,15347,3389,165,335,0,2889,8,11,18,15,74
0100270,81,81,25953,1269,67,265,0,937,6,22,57,9,78
0100271,19,19,6186,739,19,29,0,691,1,0,6,2,129
0100274,29,29,8829,1524,63,91,0,1370,0,8,10,9,31
0100277,15,15,4763,605,32,64,0,509,1,4,17,3,17
0100280,301,301,100009,10575,867,2316,0,7392,67,191,364,73,592
0100282,22,22,6847,1058,27,116,0,915,4,4,4,3,19
0100283,82,82,26331,4653,182,559,0,3912,8,13,187,27,93
0100286,39,39,12963,1257,71,281,0,905,2,8,28,8,41
0100289,19,19,5781,898,33,38,0,827,1,1,4,1,9
0100290,40,40,12450,1997,50,273,0,1674,3,6,11,5,59
0100291,26,25,6970,1161,47,399,0,715,0,8,10,65,86
0100292,37,37,11608,2303,83,201,0,2019,9,2,35,9,50
0100293,21,21,6520,871,22,118,0,731,1,5,13,7,21
0100295,115,115,35886,4201,141,146,0,3914,6,12,83,13,108
0100298,55,55,17481,2675,85,240,0,2350,5,9,28,15,72
0100300,52,52,16144,2160,180,236,0,1744,8,20,142,16,104
0100301,69,69,22036,1503,86,265,0,1152,7,21,53,11,85
0300001,3648,3647,1191452,222868,24851,26941,0,171076,1369,2191,9841,1221,8807
0300004,165,165,53287,7259,701,1469,0,5089,48,110,642,38,274
0300007,74,74,23740,1527,104,239,0,1184,5,8,51,5,38
0300010,46,46,14846,1486,107,455,0,924,8,18,91,8,76
0300013,143,143,46123,6679,780,1582,0,4317,55,101,213,45,296
0300016,60,60,19563,2946,251,618,0,2077,22,30,196,22,99
0300019,80,80,26578,1635,106,335,0,1194,6,34,100,10,75
0300022,292,292,95348,12563,1769,2968,0,7826,126,303,548,98,526
0300025,52,52,17149,1137,51,225,0,861,8,14,44,7,33
0300028,73,73,23802,2790,289,804,0,1697,20,70,161,21,130
0300031,19,19,5949,873,47,313,0,513,5,10,54,4,28
0300034,46,46,15079,1566,156,431,0,979,12,50,73,8,79
0300035,63,63,21208,2101,239,457,0,1405,16,44,113,11,72
0300037,121,121,39265,7995,780,1223,0,5992,40,88,592,56,326
0300040,70,70,22515,1664,133,369,0,1162,34,30,77,14,75
0300043,81,81,26445,3414,415,779,0,2220,22,63,207,17,130
0300046,236,236,76785,12272,1431,2548,0,8293,298,218,744,77,842
0300047,41,41,13524,825,57,122,0,646,6,6,54,4,27
0300049,87,87,27778,3383,331,434,0,2618,19,35,240,22,122
0300052,1049,1049,340919,44809,5717,7525,0,31567,414,828,2021,318,2075
0300055,36,36,11925,868,44,177,0,647,4,13,41,4,50
0300058,35,35,10767,809,98,134,0,577,6,14,49,5,38
0300061,28,28,9088,785,89,161,0,535,3,13,75,4,40
0500001,2641,2641,865352,130969,14631,19723,0,96615,817,1859,5134,705,5146
0500004,63,63,18977,2581,56,507,0,2018,7,32,228,20,66
0500005,25,25,7059,346,20,58,0,268,2,7,20,0,4
0500006,27,27,8527,359,8,83,0,268,2,4,14,2,10
0500007,175,175,60230,5774,675,1329,0,3770,40,104,140,35,175
0500009,33,33,10528,476,18,61,0,397,5,8,12,1,19
0500010,41,41,13138,703,34,116,0,553,6,15,63,4,33
0500013,64,64,21137,1256,109,236,0,911,0,0,0,0,0
0500014,26,26,8337,805,74,190,0,541,4,16,43,5,28
0500015,36,36,11730,595,38,88,0,469,2,9,95,1,34
0500016,49,49,15570,1816,79,609,0,1128,7,36,75,10,67
0500018,41,41,13098,1132,86,320,0,726,5,35,17,4,35
0500022,197,197,62634,6151,516,725,0,4910,20,81,734,30,183
0500025,28,28,8386,955,28,300,0,627,2,4,34,2,50
0500026,39,39,12501,827,36,122,0,669,1,7,13,6,14
0500027,22,22,6872,402,13,37,0,352,0,4,90,1,12
0500028,322,322,106180,12500,1363,2519,0,8618,70,294,413,60,421
0500031,69,69,23021,2167,136,634,0,1397,11,22,56,14,52
0500037,35,35,10645,479,20,24,0,435,2,2,18,4,8
0500040,142,141,45577,3111,290,909,0,1912,25,79,76,16,118
0500041,38,38,10814,1025,31,237,0,757,6,28,86,3,224
0500043,130,130,40405,3280,257,631,0,2392,12,35,238,19,75
0500044,44,44,13126,877,62,137,0,678,5,4,17,1,19
0500050,20,20,5332,188,11,17,0,160,1,3,11,3,6
0500059,66,66,19357,998,36,170,0,792,5,11,18,9,24
0500063,20,20,5710,237,25,40,0,172,2,3,5,0,6
0500065,25,25,7079,493,34,37,0,422,4,12,64,5,17
0500070,49,49,16593,1020,85,192,0,743,3,10,23,5,33
0500072,25,25,8168,493,68,94,0,331,4,6,24,3,11
0500073,36,36,10290,389,22,60,0,307,5,2,14,4,15
0500076,72,72,22377,2213,224,291,0,1698,6,25,98,9,66
0500078,25,25,7533,657,17,124,0,516,1,9,12,5,34
0500079,105,105,33286,3250,273,543,0,2434,10,37,70,12,94
0500082,41,41,13104,784,39,153,0,592,0,11,55,1,24
0500084,68,68,21201,1582,99,326,0,1157,8,24,44,9,69
0500091,43,43,14322,902,74,249,0,579,5,17,37,3,48
0500094,53,53,17470,1300,117,333,0,850,9,25,121,7,58
0500095,89,89,27650,4298,271,694,0,3333,11,30,92,46,97
0500097,51,51,14135,1312,99,249,0,964,0,13,53,16,36
0500106,27,27,9016,692,72,175,0,445,8,13,43,8,28
0500110,35,35,10684,1018,49,167,0,802,3,11,50,3,29
0500113,52,52,15502,730,38,166,0,526,6,14,14,5,29
0500118,220,220,76485,11375,1568,2116,0,7691,75,170,387,39,409
0500121,53,53,17049,1608,162,424,0,1022,11,55,38,7,67
0500124,55,55,17795,1739,162,440,0,1137,10,36,36,12,38
0500127,32,32,10186,427,33,185,0,209,2,4,34,1,13
0700001,424,424,141698,47115,3695,1253,0,42167,162,113,2737,235,1115
0700007,7,7,2014,270,14,14,0,242,1,0,6,1,7
0700008,47,47,13225,1871,131,178,0,1562,2,4,35,4,20
0700010,16,16,5254,742,51,25,0,666,2,2,38,1,12
0700013,22,22,7090,1873,133,111,0,1629,3,7,29,10,27
0700016,5,5,1509,299,11,33,0,255,0,3,10,1,10
0700019,7,7,1976,458,26,33,0,399,2,1,6,0,8
0700022,17,17,5047,1221,74,107,0,1040,0,6,24,2,15
0700025,14,14,4600,757,50,87,0,620,4,1,43,3,14
0700028,8,8,2497,539,20,41,0,478,1,2,3,3,7
0700031,17,17,5079,1064,50,115,0,899,1,4,15,9,8
0700034,4,4,1010,300,15,23,0,262,0,1,4,0,2
0700037,13,13,3292,581,32,18,0,531,1,0,13,0,12
0700040,9,9,2454,437,18,23,0,396,0,1,4,2,3
0700043,12,12,3685,699,39,22,0,638,3,4,23,4,22
0700046,12,12,3947,883,35,81,0,767,0,0,13,10,7
0700049,32,32,10139,2447,218,170,0,2059,10,5,109,9,64
0700052,13,13,3291,581,32,80,0,469,0,4,17,0,4
0700055,8,8,2424,761,46,46,0,669,3,1,25,1,14
0700058,12,12,3433,793,13,78,0,702,0,0,3,3,9
0700059,23,23,7044,608,61,120,0,427,3,1,23,4,16
0700060,11,11,3473,743,66,63,0,614,1,0,35,3,7
0700061,6,6,1904,486,23,40,0,423,2,1,15,0,4
0700064,10,10,3145,799,42,60,0,697,2,0,15,3,16
0700067,139,139,44576,11704,938,552,0,10214,30,34,289,43,249
0700068,16,16,4800,844,87,124,0,633,4,5,167,0,21
0700070,11,11,3319,727,38,98,0,591,1,4,15,4,5
0700073,24,24,6500,1123,44,129,0,950,1,6,15,4,4
0700076,19,19,5881,1242,35,79,0,1128,0,1,25,3,21
0700077,10,10,3338,817,53,62,0,702,0,1,39,3,20
0700078,7,7,1851,548,25,43,0,480,2,3,9,2,1
0700079,287,287,97678,29314,2333,911,0,26070,84,65,995,146,635
0700082,12,12,3486,706,31,74,0,601,1,3,7,5,7
0700085,8,8,2289,701,16,44,0,641,3,0,4,5,8
0700088,20,20,6131,1345,113,124,0,1108,2,7,73,14,34
0700091,12,12,3561,1003,39,34,0,930,3,0,34,5,9
0700094,10,10,3056,557,57,48,0,452,2,2,24,0,13
0700097,14,14,4125,1063,40,95,0,928,3,2,33,5,20
0700100,41,41,12682,3207,225,185,0,2797,9,11,100,12,59
0700103,5,5,1616,473,27,44,0,402,0,0,3,1,0
0700106,29,29,9329,2279,170,143,0,1966,8,9,58,7,38
0700109,12,12,3949,961,43,59,0,859,0,0,12,2,6
0700112,12,12,3173,487,23,41,0,423,2,1,8,2,5
0700118,7,7,2320,626,32,37,0,557,0,4,23,3,9
0700121,20,20,6452,1309,77,125,0,1107,2,5,29,8,19
0700124,12,12,3436,785,19,125,0,641,1,0,8,5,3
0700127,10,10,3185,562,24,72,0,466,3,1,11,1,5
0700130,8,8,2517,427,21,37,0,369,1,6,17,4,9
0700136,9,9,2512,701,25,54,0,622,4,1,11,4,14
0700137,7,7,1631,279,13,16,0,250,2,0,11,2,4
0700139,42,42,13752,3559,272,163,0,3124,1,3,112,12,55
0700142,12,12,3677,826,56,83,0,687,0,4,30,2,10
0700148,20,20,6078,1311,50,131,0,1130,0,2,28,3,9
0700151,24,24,7765,1548,131,154,0,1263,5,4,98,4,35
0700154,13,13,4176,1186,67,68,0,1051,0,3,13,4,2
0700157,13,13,4026,900,87,60,0,753,1,0,11,3,12
0700160,61,61,19917,4761,374,261,0,4126,8,22,143,19,97
0700161,19,19,5886,1302,163,117,0,1022,3,3,79,6,47
0700163,26,26,7704,1461,99,183,0,1179,5,23,16,11,17
0700166,42,42,13741,3608,322,189,0,3097,8,14,216,20,107
0700169,15,15,4998,723,66,66,0,591,1,2,31,2,20
0700173,9,9,2888,795,61,51,0,683,0,0,76,3,14
0700176,28,28,7253,1568,59,130,0,1379,3,2,82,9,11
0700178,6,6,1979,467,27,35,0,405,0,2,13,2,8
0700179,9,9,2450,561,26,59,0,476,0,1,13,1,8
0700181,95,95,30521,8514,611,353,0,7550,24,12,204,30,159
0700184,7,7,1779,334,18,35,0,281,0,1,4,1,2
0700187,5,5,1607,409,5,21,0,383,0,0,4,1,4
0700190,23,23,7067,1697,74,144,0,1479,0,11,24,5,26
0700193,7,7,1749,255,11,28,0,216,0,0,2,1,2
0700199,14,14,4127,654,51,27,0,576,4,0,41,8,27
0700202,21,21,6588,1402,84,117,0,1201,4,6,19,8,18
0700205,4,4,1261,254,10,43,0,201,0,1,1,1,4
0700214,125,125,39982,9531,991,988,0,7552,24,54,200,67,414
0700215,18,18,5141,1100,48,132,0,920,3,8,9,3,22
0700217,30,30,9526,2387,154,225,0,2008,4,6,93,10,50
0700220,18,18,5564,1241,120,100,0,1021,3,5,23,9,19
0700223,8,8,2314,476,20,40,0,416,1,1,16,1,14
0700226,36,36,10709,1453,110,95,0,1248,3,3,47,2,17
0700232,14,14,4348,1062,77,82,0,903,3,3,156,1,24
0700235,50,50,16357,3597,310,282,0,3005,6,13,263,18,73
0700237,5,5,1552,194,6,11,0,177,0,0,8,1,4
0700238,19,19,5642,1275,43,88,0,1144,2,2,37,3,8
0700241,16,16,4281,959,53,51,0,855,0,1,22,1,7
0700247,11,11,3606,1058,33,79,0,946,1,4,37,1,7
0700248,9,9,2910,771,58,35,0,678,1,3,19,2,9
0700249,20,20,6103,1519,60,131,0,1328,2,6,43,2,23
0700250,23,23,7368,1385,68,92,0,1225,4,5,30,5,25
0700251,12,12,3202,621,63,52,0,506,7,6,11,5,23
0700253,28,28,8921,2934,211,154,0,2569,7,3,76,9,64
0700256,10,10,3290,828,61,67,0,700,2,0,18,0,14
0700259,9,9,2543,705,12,61,0,632,1,2,18,1,7
0700262,4,4,1301,303,9,28,0,266,1,0,11,0,1
0700265,20,20,6371,1201,82,103,0,1016,1,4,73,3,12
0700268,24,24,7812,2277,114,92,0,2071,2,6,63,6,30
0700271,21,21,6004,1466,81,147,0,1238,2,5,26,2,14
0700274,23,23,6907,1831,125,127,0,1579,3,2,64,8,13
0700277,301,301,101449,29175,2319,1054,0,25802,82,69,1227,130,691
0700280,9,9,2898,542,21,40,0,481,3,3,20,0,5
0700281,10,10,3023,652,60,62,0,530,0,2,34,3,13
0700282,20,20,6447,1341,128,127,0,1086,2,3,74,6,22
0700283,20,20,6282,1193,81,57,0,1055,2,2,41,5,15
0700286,9,9,2565,367,13,7,0,347,0,0,25,3,4
0700289,19,19,6320,1622,104,88,0,1430,1,4,95,6,33
0700292,12,12,3946,1027,64,86,0,877,1,5,25,7,21
0700298,15,15,5005,632,45,28,0,559,0,4,33,1,15
0700301,11,11,3642,464,14,15,0,435,1,0,10,0,2
0700304,25,25,7677,1453,78,179,0,1196,6,7,259,9,20
0700307,31,31,10294,2653,211,158,0,2284,5,12,98,10,51
0700310,10,10,3128,771,47,38,0,686,1,0,38,3,19
0700311,12,12,3682,810,25,118,0,667,2,5,18,3,25
0700313,25,25,8116,1493,139,134,0,1220,1,3,97,8,33
0700316,14,14,4538,778,28,69,0,681,2,2,42,2,8
0700319,12,12,3513,910,44,48,0,818,0,0,17,1,15
0700322,15,15,4546,821,48,155,0,618,1,6,17,4,13
0700324,5,5,1596,310,22,48,0,240,0,0,7,2,3
0700325,18,18,5784,1225,90,113,0,1022,2,3,28,12,20
0700328,27,27,8597,2069,173,142,0,1754,5,9,70,8,53
0700331,7,7,2099,295,11,10,0,274,0,0,18,0,5
0700334,18,18,5889,1141,57,111,0,973,1,6,37,2,32
0700337,37,37,12079,1615,100,75,0,1440,3,5,80,8,26
0700340,8,8,2553,525,40,51,0,434,1,5,21,4,6
0700346,14,14,4666,877,43,75,0,759,1,3,22,1,23
0900001,1065,1065,348772,102350,8221,4808,0,89321,327,260,2551,491,2419
0900004,63,63,19292,2851,137,278,0,2436,9,6,21,10,60
0900007,96,96,29710,5501,350,613,0,4538,12,15,63,17,110
0900013,40,40,11416,2053,96,226,0,1731,3,2,32,6,36
0900022,33,33,10510,1749,57,120,0,1572,0,9,23,0,17
0900034,148,148,47735,7849,634,579,0,6636,13,43,363,36,213
0900037,31,31,9402,1505,74,200,0,1231,2,6,22,3,35
0900049,183,183,58225,8488,1027,761,0,6700,37,64,179,38,242
0900052,20,20,5728,659,17,37,0,605,2,1,146,0,8
0900055,51,51,15777,2216,78,169,0,1969,6,5,31,13,35
0900058,25,25,7793,581,35,73,0,473,2,3,10,1,15
0900061,39,39,12546,3076,114,318,0,2644,4,6,27,11,30
0900067,9,9,2421,493,23,123,0,347,0,0,4,0,7
0900076,65,65,20188,3378,195,333,0,2850,0,10,64,14,64
0900078,22,22,6868,667,46,70,0,551,3,4,6,3,17
0900079,42,42,12207,1919,84,219,0,1616,5,7,26,8,38
0900082,48,48,15170,1811,117,171,0,1523,4,4,53,8,60
0900085,55,55,16830,3714,122,401,0,3191,2,9,28,17,62
0900103,130,130,41515,6731,484,621,0,5626,19,28,84,26,156
0900106,34,34,10724,1290,89,116,0,1085,1,6,33,6,26
0900109,49,49,15051,1918,82,78,0,1758,0,4,63,6,34
0900115,54,54,16905,2281,107,253,0,1921,5,7,45,7,51
0900120,17,17,5070,659,28,50,0,581,1,3,17,2,14
0900124,78,78,24116,4421,491,536,0,3394,9,28,61,21,152
0900127,28,28,8601,1214,76,98,0,1040,2,3,22,9,19
0900130,154,154,48037,10286,845,599,0,8842,34,25,197,59,254
0900133,47,47,13494,1967,108,143,0,1716,4,6,26,5,31
1100001,801,801,267293,55089,6044,4121,0,44924,224,289,2036,239,1994
1100004,45,45,13202,298,21,113,0,164,8,3,35,3,6
1100005,74,74,22750,851,76,319,0,456,5,12,43,7,47
1100006,55,55,17546,1313,116,467,0,730,8,30,233,11,51
1100007,122,122,30906,1375,182,347,0,846,4,44,172,2,32
1100010,61,61,18843,2863,461,764,0,1638,12,36,553,13,73
1100013,85,85,27053,1419,127,189,0,1103,2,12,30,8,30
1100016,79,79,26450,1202,144,314,0,744,6,14,48,5,55
1100019,70,70,21523,1931,318,268,0,1345,6,16,338,9,73
1100022,61,61,19528,1261,124,267,0,870,4,18,112,8,56
1100025,137,124,38686,3332,340,911,0,2081,13,74,220,18,71
1100027,17,17,5128,509,26,120,0,363,2,6,6,1,6
1100028,74,73,19719,1037,124,322,0,591,7,31,82,4,31
1100029,48,48,14880,1482,333,345,0,804,6,68,273,8,49
1100031,65,65,19578,1064,109,213,0,742,2,16,22,5,37
1100034,34,34,10414,170,25,81,0,64,1,7,1,1,12
1100037,31,31,9438,775,91,180,0,504,1,11,24,5,29
1100040,54,54,15469,794,55,177,0,562,0,12,122,1,28
1100043,62,59,14067,1330,47,259,0,1024,3,10,683,6,13
1100046,49,49,14375,1112,89,297,0,726,7,25,193,3,38
1100049,72,72,22350,2353,346,307,0,1700,10,36,476,12,94
1100052,77,77,23293,2252,200,463,0,1589,8,34,137,15,73
1100053,25,25,7431,1011,195,215,0,601,3,28,247,5,20
1100055,81,81,23079,721,75,117,0,529,5,3,20,3,28
1100058,93,93,27951,3110,380,833,0,1897,12,47,215,17,75
1100060,26,26,6824,425,27,85,0,313,5,9,23,5,22
1100061,105,105,32510,3766,365,637,0,2764,15,49,134,26,137
1100064,104,104,35735,3445,613,408,0,2424,18,60,1070,9,129
1100067,32,32,10146,707,59,157,0,491,5,7,39,1,23
1100070,30,30,8963,964,96,151,0,717,1,10,106,2,27
1100073,24,24,7348,285,11,92,0,182,0,6,21,1,15
1100076,247,247,86978,9269,1397,1183,0,6689,47,99,617,58,426
1100079,19,19,4311,346,17,69,0,260,0,4,27,0,10
1100082,81,81,24867,1787,171,361,0,1255,8,17,72,10,208
1100085,29,29,7852,878,88,198,0,592,1,9,29,4,31
1100086,23,23,6195,168,10,52,0,106,0,2,7,0,14
1100087,62,62,19307,2161,355,523,0,1283,6,20,347,4,47
1100088,93,93,28887,4091,486,619,0,2986,8,29,200,13,89
1100091,61,54,16363,471,45,105,0,321,3,12,95,2,10
1100094,68,68,21556,695,91,254,0,350,12,22,48,3,47
1100097,44,44,13520,516,63,96,0,357,4,3,20,2,33
1100098,49,49,15894,910,206,199,0,505,8,23,116,8,24
1200001,1047,1046,349551,68841,6403,7051,0,55387,401,631,3776,441,1968
1200075,245,245,78338,13784,1377,1564,0,10843,48,115,526,78,347
1200150,157,157,54423,9088,762,1436,0,6890,56,147,1391,43,311
1200170,53,53,17189,2002,85,409,0,1508,14,30,94,9,46
1200180,62,62,19915,2134,191,462,0,1481,16,45,72,16,76
1200200,104,104,33947,2680,285,415,0,1980,17,62,149,15,75
1200225,100,100,31596,2866,238,506,0,2122,24,48,59,25,99
1200300,86,86,26644,2947,201,451,0,2295,10,34,74,16,76
1200375,77,77,25314,3482,275,514,0,2693,22,56,299,19,118
1200410,82,82,26359,2204,247,398,0,1559,17,47,100,12,66
1200415,86,86,29352,2820,307,523,0,1990,27,65,198,19,121
1200450,38,38,11458,1190,80,148,0,962,1,11,55,3,30
1200525,19,19,4922,601,46,80,0,475,5,9,21,2,17
1200600,39,39,11902,1309,91,265,0,953,2,15,17,2,22
1200608,101,101,32951,3645,495,703,0,2447,27,64,183,26,138
1200625,31,31,9357,1505,138,188,0,1179,12,13,54,9,38
1200650,52,52,16794,2292,164,414,0,1714,7,24,52,14,40
1200700,53,53,17469,1702,130,207,0,1365,4,33,35,11,47
1200720,73,73,23782,1732,192,371,0,1169,4,20,96,13,63
1200750,56,56,16963,2517,183,341,0,1993,13,12,81,13,63
1200800,65,65,20487,3127,279,360,0,2488,16,39,52,21,87
1200825,74,74,23907,3597,267,640,0,2690,20,31,170,16,86
1200850,55,55,17333,2643,198,354,0,2091,11,49,145,16,69
1200875,63,63,19805,3145,305,294,0,2546,9,32,89,19,99
1200900,38,38,11595,1172,85,217,0,870,5,17,33,6,21
1300001,1138,1135,376892,77961,8145,11828,0,57988,356,831,4187,424,2932
1300004,117,117,36987,2356,150,421,0,1785,9,41,99,22,139
1300007,64,64,19576,1195,79,238,0,878,4,22,75,4,88
1300009,58,58,18357,918,57,128,0,733,2,21,45,3,59
1300010,238,238,79395,12885,1511,2401,0,8973,75,171,586,71,533
1300013,152,152,49141,3981,422,774,0,2785,33,84,284,22,245
1300014,52,52,16845,1714,88,332,0,1294,10,22,150,11,53
1300016,43,43,13686,967,63,133,0,771,7,9,100,3,37
1300019,137,137,40765,5082,431,703,0,3948,11,46,320,29,177
1300020,41,41,13126,849,64,252,0,533,6,20,28,4,50
1300022,287,287,94814,9158,707,1339,0,7112,41,149,1000,55,393
1300023,56,56,16858,1121,54,181,0,886,1,19,71,2,28
1300024,46,46,15124,1370,67,197,0,1106,7,13,145,7,58
1300025,187,187,63800,5426,615,1125,0,3686,24,93,283,30,435
1300027,69,69,22402,1659,90,348,0,1221,3,20,85,12,58
1300028,162,162,57839,4972,472,755,0,3745,15,77,301,13,216
1300031,90,90,28189,1896,142,275,0,1479,16,31,80,12,88
1300032,102,102,32875,2383,210,609,0,1564,14,76,164,13,149
1300033,65,65,20510,1526,83,281,0,1162,2,17,106,10,67
1300034,47,47,14875,1535,101,331,0,1103,4,28,94,14,61
1300037,271,271,86638,9017,813,1363,0,6841,39,108,970,54,456
1300040,99,99,32798,2042,148,388,0,1506,7,37,130,11,122
1300043,78,78,25053,2541,158,630,0,1753,9,31,126,22,106
1300046,92,92,29363,1951,208,472,0,1271,10,37,77,4,77
1300049,69,69,22129,2113,117,436,0,1560,8,44,127,13,77
1300052,31,31,8745,654,67,193,0,394,4,20,36,2,54
1300055,116,116,39286,4759,395,878,0,3486,23,68,355,30,206
1300058,231,229,73305,6161,445,1484,0,4232,21,110,440,42,299
1300060,89,89,28285,1957,132,494,0,1331,9,34,63,16,115
1300061,93,93,29327,2327,135,445,0,1747,8,30,206,14,110
1500004,30,30,10001,1647,108,87,0,1452,4,8,30,4,24
1500007,17,17,5545,1209,88,52,0,1069,0,4,17,1,28
1500010,41,41,13487,3460,197,217,0,3046,4,6,74,4,54
1500013,38,38,12351,2773,158,143,0,2472,3,10,31,17,49
1500016,31,31,9943,2684,172,176,0,2336,3,5,43,10,33
1500019,7,7,2278,456,40,53,0,363,3,7,5,3,8
1500022,11,11,3023,754,34,74,0,646,1,2,21,4,17
1500025,23,23,7519,2134,253,126,0,1755,8,13,57,10,49
1500029,12,12,3687,263,19,16,0,228,0,0,21,1,3
1500030,31,31,9965,1957,101,67,0,1789,1,7,44,4,29
1500031,201,201,65041,25415,1687,446,0,23282,43,51,453,86,420
1500034,37,37,10960,1854,91,161,0,1602,2,5,25,13,24
1500037,48,48,15096,3399,260,176,0,2963,4,6,93,11,69
1500040,21,21,6504,1229,102,65,0,1062,3,4,20,5,18
1500043,52,52,16878,4686,441,203,0,4042,13,14,91,23,114
1500046,96,96,31160,9026,465,151,0,8410,18,18,217,36,144
1500049,17,17,5394,1322,87,70,0,1165,2,1,34,6,18
1500052,13,13,4094,1013,55,79,0,879,0,1,17,0,14
1500055,360,360,120600,48750,3210,1118,0,44422,108,77,1019,164,791
1500058,26,26,8624,1985,173,153,0,1659,4,7,44,6,42
1500061,38,38,12241,3030,153,90,0,2787,6,11,61,8,42
1500064,53,53,17107,4276,346,260,0,3670,14,8,41,20,76
1500067,73,73,23977,4584,308,303,0,3973,7,18,76,16,85
1500070,15,15,4653,809,26,84,0,699,0,2,5,1,8
1500072,61,61,20092,6404,891,407,0,5106,30,33,84,49,156
1500076,325,325,104175,27814,3115,982,0,23717,106,133,457,200,733
1500079,32,32,10062,2777,161,169,0,2447,3,4,46,6,41
1500085,18,18,5689,1038,52,74,0,912,1,0,23,2,13
1500088,250,250,80065,22249,2114,786,0,19349,75,71,424,112,698
1500091,13,13,4312,1146,91,82,0,973,4,3,17,2,27
1500094,372,372,122077,34404,3203,1546,0,29655,75,111,918,133,698
1500097,19,19,5309,963,29,25,0,909,0,1,24,1,20
1500100,38,38,12669,2940,378,147,0,2415,10,18,65,22,81
1500103,29,29,9050,2213,129,154,0,1930,3,3,27,7,34
1500106,10,10,3192,784,40,55,0,689,0,1,35,2,6
1500109,267,267,87859,22806,2367,1155,0,19284,64,125,587,93,619
1500112,30,30,9599,1992,156,138,0,1698,4,10,67,9,26
1500115,77,77,22959,4968,417,410,0,4141,6,17,87,14,105
1500118,38,38,12364,3371,270,161,0,2940,8,14,68,20,52
1500121,9,9,2802,334,27,35,0,272,0,3,10,1,11
1500124,17,17,5645,1377,67,50,0,1260,1,1,32,4,18
1500127,16,16,4604,1256,66,80,0,1110,2,5,48,5,20
1500128,15,15,4776,1153,79,97,0,977,0,3,20,1,19
1500130,9,9,2930,774,36,83,0,655,1,4,18,1,17
1500132,21,21,6720,1198,125,83,0,990,4,3,22,4,19
1500133,9,9,2873,449,23,27,0,399,0,2,4,0,9
1500136,18,18,5499,1171,91,105,0,975,2,2,18,4,26
1500139,80,80,25398,7874,489,260,0,7125,15,12,216,38,155
1500142,87,87,27969,6395,484,301,0,5610,20,32,120,38,126
1500145,28,28,8561,1217,73,122,0,1022,4,1,34,12,17
1500148,20,20,6159,1452,47,175,0,1230,1,3,18,2,16
1500151,44,44,14488,3479,203,131,0,3145,7,7,99,8,39
1500154,24,24,7635,2830,139,162,0,2529,4,1,30,10,26
1500157,20,20,6670,1945,88,119,0,1738,1,2,29,10,18
1500160,273,273,88351,25795,2898,1079,0,21818,109,111,516,160,780
1500163,13,13,4101,1195,48,89,0,1058,0,1,44,7,15
1500166,26,26,7047,1381,52,80,0,1249,0,2,15,3,13
1500169,292,292,95183,24883,1948,648,0,22287,73,51,498,123,611
1500172,9,9,2949,531,48,49,0,434,0,2,10,2,22
1500175,35,35,11406,3106,349,200,0,2557,10,11,68,12,70
1500178,20,20,6502,1367,109,134,0,1124,1,11,18,5,32
1500181,12,12,3485,929,42,73,0,814,1,3,28,2,10
1500184,17,17,5445,1316,93,120,0,1103,5,6,25,1,13
1500190,75,75,23708,6735,385,387,0,5963,8,14,103,22,97
1500193,16,16,5243,921,21,69,0,831,0,1,29,3,13
1500196,14,14,4431,777,70,81,0,626,1,1,15,1,16
1500198,26,26,7847,1462,94,134,0,1234,1,2,18,8,22
1500199,26,26,8587,1243,94,103,0,1046,4,6,21,2,51
1500202,42,42,13515,1930,210,201,0,1519,6,21,36,10,38
1500205,12,12,2914,522,21,50,0,451,1,0,12,28,7
1500208,14,14,4380,1300,71,113,0,1116,1,0,35,3,15
1500211,18,18,5916,1372,115,100,0,1157,5,6,34,4,29
1500214,21,21,6286,1411,42,108,0,1261,4,4,19,10,12
1500217,23,23,7408,1056,63,41,0,952,2,1,21,2,18
1500218,40,40,12965,2716,215,192,0,2309,10,17,48,7,61
1500220,28,28,9510,2257,141,143,0,1973,1,11,32,9,33
1500223,25,25,8031,1430,93,116,0,1221,2,4,41,3,26
1500226,17,17,4594,997,25,70,0,902,1,1,14,5,12
1500229,32,32,9772,2875,181,169,0,2525,4,5,67,10,49
1500232,30,30,9293,1756,107,116,0,1533,5,5,39,3,24
1500235,30,30,9608,2296,131,149,0,2016,3,3,29,10,43
1500238,30,30,9646,1726,134,43,0,1549,4,10,41,5,36
1500239,89,89,28234,6211,557,254,0,5400,21,23,151,20,148
1500241,62,62,20336,3775,242,193,0,3340,7,9,83,16,61
1500244,33,33,10353,3346,375,307,0,2664,13,12,61,18,64
1500247,1036,1036,339995,71214,7324,2784,0,61106,335,354,1351,418,2172
1500250,65,65,20770,5186,354,144,0,4688,10,16,106,9,126
1500256,41,41,13231,4607,379,196,0,4032,5,8,53,15,58
1500259,38,38,11887,3339,435,279,0,2625,7,16,55,26,80
1500262,15,15,4753,1279,85,69,0,1125,2,2,15,5,20
1500265,17,17,5677,1472,85,133,0,1254,2,3,69,6,42
1500268,14,14,4336,1149,80,91,0,978,4,3,25,1,14
1500271,58,58,18715,5845,536,258,0,5051,21,16,84,26,99
1500274,21,21,6385,1533,120,102,0,1311,1,6,29,6,21
1500277,24,24,7957,1572,85,91,0,1396,1,3,36,3,33
1500280,58,58,19154,5148,340,107,0,4701,4,4,101,14,93
1500283,15,15,4558,1061,57,92,0,912,2,6,29,3,24
1500286,10,10,3069,603,36,76,0,491,2,3,9,0,8
1500289,41,41,13307,2241,135,150,0,1956,5,8,35,6,85
1500292,126,126,40247,12436,1433,557,0,10446,38,82,157,84,383
1500295,14,14,4509,774,26,82,0,666,0,2,21,4,17
1500298,35,35,8911,2187,110,249,0,1828,1,3,47,6,28
1500301,20,20,6364,1247,93,52,0,1102,1,4,81,3,30
1500304,119,119,37178,11475,982,527,0,9966,25,38,236,67,237
1500307,23,23,6917,1591,132,94,0,1365,3,4,126,3,20
1500316,16,16,5095,1451,88,152,0,1211,0,4,26,4,10
1500318,14,14,3876,749,51,82,0,616,1,5,27,15,11
1500319,24,24,7381,1776,69,162,0,1545,3,6,27,6,22
1500322,14,14,4430,1054,63,50,0,941,2,1,34,4,5
1500323,8,8,2230,449,27,35,0,387,0,0,6,0,9
1500325,45,45,14656,4271,208,195,0,3868,10,6,52,13,52
1500328,81,81,25365,5469,360,259,0,4850,10,12,91,19,78
1500331,39,39,12162,1945,120,143,0,1682,4,6,42,5,93
1500334,39,39,11173,1686,76,119,0,1491,2,1,367,4,18
1500337,13,13,4387,1147,93,57,0,997,1,6,75,7,22
1500340,336,336,110079,30953,3088,963,0,26902,90,87,710,158,832
1600001,18157,18151,6101479,1804505,111557,37943,0,1655005,5116,3822,37851,7018,34540
1700001,283,282,90105,15969,2277,2304,0,11388,79,296,1853,1123,2145
1700002,28,28,8547,1301,130,278,0,893,6,23,141,166,112
1700004,37,37,10992,1044,63,284,0,697,5,17,43,9,43
1700006,54,49,12065,511,24,120,0,367,1,8,87,18,136
1700007,31,31,8536,2062,30,912,0,1120,2,237,49,5,607
1700008,30,30,9025,464,60,68,0,336,1,11,11,3,36
1700010,45,34,12582,471,24,91,0,356,2,4,65,8,47
1700011,36,26,8904,586,34,107,0,445,3,5,37,13,194
1700012,26,24,7586,719,80,119,0,520,2,40,249,18,55
1700013,42,42,11446,913,132,203,0,578,3,17,82,2,95
1700014,18,18,5148,749,89,158,0,502,2,18,60,8,115
1700015,38,38,10346,1895,111,781,0,1003,4,36,344,14,57
1700016,24,24,7297,987,42,154,0,791,2,9,10,8,43
1700017,19,19,5990,552,36,109,0,407,5,19,62,9,80
1700019,84,84,24507,3204,354,800,0,2050,13,81,155,30,369
1700022,14,14,3918,98,11,19,0,68,0,3,7,0,10
1700025,32,32,9275,988,119,236,0,633,0,14,70,8,115
1700026,37,35,9759,1075,25,245,0,805,3,7,380,9,42
1700027,30,29,8044,1463,137,876,0,450,6,27,83,3,69
1700028,26,26,6059,723,65,307,0,351,2,12,45,15,43
1700031,24,24,7190,261,35,68,0,158,0,6,15,2,34
1700032,20,20,4751,257,21,72,0,164,0,5,19,0,16
1700034,53,49,14381,1053,67,387,0,599,5,53,39,7,90
1700035,25,25,7611,863,48,140,0,675,2,19,44,28,98
1700037,22,22,4409,175,20,27,0,128,0,2,12,1,7
1700038,43,42,9216,486,195,198,0,93,1,11,14,2,6
1700040,12,12,3162,660,49,303,0,308,0,4,120,6,28
1700043,51,51,14720,1172,161,304,0,707,5,21,59,20,125
1700048,34,34,10345,434,27,80,0,327,2,13,61,4,28
1700060,22,22,6087,508,66,93,0,349,3,11,20,2,62
1700082,40,40,11740,1068,66,399,0,603,4,32,43,9,57
1900001,889,889,297137,73221,7421,4355,0,61445,233,328,3066,386,2099
1900004,71,71,23574,4410,206,397,0,3807,4,12,35,18,51
1900007,26,26,8254,1137,107,130,0,900,1,11,39,2,25
1900010,52,52,16542,2573,241,203,0,2129,3,15,134,3,107
1900013,58,58,18610,1931,135,288,0,1508,4,6,87,13,43
1900016,11,11,3618,385,29,28,0,328,1,2,45,1,5
1900019,22,22,6535,1272,76,196,0,1000,0,5,75,4,19
1900022,83,83,26480,3262,349,240,0,2673,5,18,186,13,66
1900025,28,28,8901,1883,175,192,0,1516,3,4,20,7,39
1900028,23,23,7011,1196,51,121,0,1024,1,4,9,6,14
1900031,13,13,3966,705,55,75,0,575,2,4,23,3,19
1900034,180,180,61202,13364,1123,1144,0,11097,42,55,368,59,279
1900037,65,65,20915,3509,306,334,0,2869,11,20,97,17,63
1900040,46,46,14881,2409,154,269,0,1986,8,13,72,11,48
1900043,21,21,6445,1014,108,133,0,773,3,6,19,6,19
1900044,70,70,22687,2585,203,316,0,2066,6,20,35,19,72
1900046,26,26,8016,1155,59,120,0,976,2,3,44,8,22
1900047,40,40,13144,1755,128,207,0,1420,2,10,225,9,34
1900049,136,136,47012,7159,681,733,0,5745,20,26,233,35,143
1900050,17,17,5486,884,46,117,0,721,1,4,15,4,11
1900051,29,29,9185,1611,68,181,0,1362,2,7,11,6,14
1900052,18,18,5583,1600,94,144,0,1362,1,3,17,9,19
1900055,68,68,22614,3781,407,343,0,3031,7,21,73,15,77
1900056,32,32,10299,1409,87,193,0,1129,3,11,28,4,37
1900058,33,33,10687,1779,136,240,0,1403,2,8,39,12,32
1900061,332,332,113482,19404,1733,1821,0,15850,57,74,329,115,491
1900064,63,63,20202,4672,470,520,0,3682,7,20,351,19,120
1900067,34,34,10871,2264,93,317,0,1854,6,8,25,14,25
1900070,87,87,27574,3935,235,564,0,3136,6,26,74,17,87
1900074,28,28,8991,1477,68,95,0,1314,2,8,17,4,14
1900076,50,50,16518,1488,83,120,0,1285,0,2,91,3,32
1900079,42,42,13386,2080,115,170,0,1795,4,9,46,6,24
1900082,35,35,11319,1639,145,216,0,1278,2,9,31,3,28
1900085,22,22,6931,1832,96,170,0,1566,4,5,28,5,20
1900088,54,54,17520,2528,182,181,0,2165,3,12,70,18,41
1900091,22,22,6980,1174,105,157,0,912,3,12,45,4,23
1900094,23,23,7182,1505,160,131,0,1214,6,5,21,7,34
2100001,1233,1233,409754,82901,10285,7192,0,65424,512,888,3594,587,3031
2100008,36,36,11238,976,94,322,0,560,4,36,60,9,38
2100010,95,95,30800,3637,382,940,0,2315,24,72,288,30,115
2100012,77,77,25008,1710,123,168,0,1419,8,19,89,5,54
2100013,30,30,9224,584,40,123,0,421,2,3,87,3,21
2100015,49,49,15899,1023,37,179,0,807,5,11,106,0,40
2100016,283,283,94906,16046,2497,2774,0,10775,116,291,508,150,539
2100020,38,38,12353,925,37,127,0,761,3,18,75,6,38
2100025,162,162,52945,4893,360,754,0,3779,23,63,422,26,131
2100028,46,46,14304,1082,59,216,0,807,6,13,133,5,20
2100030,51,51,16780,953,117,277,0,559,10,20,41,2,40
2100031,176,176,60685,8007,964,1765,0,5278,45,101,298,48,214
2100040,82,82,25242,1952,89,279,0,1584,0,62,102,11,35
2100042,54,54,17402,1112,68,182,0,862,3,11,72,7,32
2100046,32,32,10946,1249,43,172,0,1034,0,5,66,7,82
2100048,36,36,10074,909,49,108,0,752,3,11,141,4,29
2100049,96,96,31480,3403,280,594,0,2529,24,54,563,28,94
2100052,132,132,44536,4738,548,832,0,3358,31,69,205,31,193
2100055,69,69,22924,2398,298,719,0,1381,15,35,37,21,59
2100058,26,26,7788,737,65,201,0,471,6,15,46,2,17
2100060,43,43,12694,1031,35,174,0,822,2,15,39,13,13
2100067,26,26,8514,933,47,268,0,618,4,18,29,8,15
2100070,60,60,18435,1571,76,274,0,1221,4,22,178,0,41
2100073,32,32,9660,852,42,145,0,665,0,4,162,4,22
2100076,57,57,18084,1662,100,246,0,1316,3,10,83,12,53
2100078,30,30,9296,661,24,138,0,499,0,11,113,4,23
2100079,66,66,21755,3205,316,752,0,2137,31,51,418,23,94
2100085,40,40,12158,871,46,173,0,652,7,14,101,2,35
2100090,30,30,9187,705,35,96,0,574,1,1,43,2,12
2100095,153,153,51678,4374,609,1201,0,2564,30,124,115,35,189
2300001,943,943,315816,55357,6526,3863,0,44968,249,278,2973,309,2583
2300004,26,26,7545,1471,84,197,0,1190,4,10,43,2,24
2300007,21,21,6357,713,53,124,0,536,4,2,20,4,141
2300010,26,26,7236,611,40,105,0,466,1,14,44,4,40
2300013,20,20,6166,640,21,73,0,546,0,6,30,1,16
2300016,94,88,24403,1526,117,185,0,1224,9,27,550,19,33
2300017,18,18,5511,622,29,89,0,504,3,9,21,2,58
2300019,63,63,19140,2369,154,416,0,1799,7,26,124,14,62
2300022,25,25,7233,738,58,134,0,546,1,7,136,3,42
2300025,35,35,9146,1194,88,183,0,923,4,18,127,4,58
2300028,22,22,6473,657,48,85,0,524,2,2,43,4,30
2300031,36,36,11528,802,54,178,0,570,3,7,30,3,146
2300034,26,26,8245,548,43,96,0,409,3,4,22,4,101
2300037,83,83,26841,1906,127,289,0,1490,13,25,129,12,328
2300038,37,37,11544,1217,108,213,0,896,3,16,45,4,36
2300039,27,27,7594,515,136,230,0,149,1,10,5,2,46
2300040,26,26,7262,758,30,84,0,644,2,4,327,4,30
2300041,62,62,18282,971,120,459,0,392,5,28,54,12,15
2300043,36,36,12393,1320,72,258,0,990,3,9,46,6,68
2300044,21,21,6072,392,21,85,0,286,2,9,27,0,16
2300046,39,39,12102,1836,140,343,0,1353,9,20,73,11,46
2300047,26,26,7037,119,11,46,0,62,2,2,4,1,2
2300049,21,21,6062,633,37,78,0,518,0,6,19,2,19
2300052,47,47,14949,1003,52,119,0,832,5,10,223,3,83
2300055,37,37,11274,1717,215,371,0,1131,3,42,202,11,109
2300058,17,17,5525,604,46,132,0,426,2,0,49,7,47
2300061,25,25,7655,671,43,161,0,467,3,10,23,10,74
2300064,26,26,6858,557,38,52,0,467,2,6,29,4,25
2300067,307,307,106717,13365,1253,1367,0,10745,121,94,801,129,1106
2300073,48,48,14221,1560,105,295,0,1160,7,20,54,11,51
2300076,32,32,9588,1185,100,246,0,839,6,13,49,8,31
2300077,14,14,4138,361,34,81,0,246,4,6,9,3,14
2300078,20,20,5898,240,9,51,0,180,1,7,106,1,6
2300079,82,82,24337,3307,269,478,0,2560,12,26,127,9,104
2300080,31,31,9001,500,44,86,0,370,1,7,35,3,44
2300082,30,30,8624,723,53,181,0,489,3,10,37,0,21
2300085,27,27,8149,750,89,199,0,462,3,8,23,3,31
2300088,32,32,7496,248,25,75,0,148,0,5,49,2,15
2300091,23,23,6638,381,47,67,0,267,1,0,14,2,43
2300094,27,27,7294,93,13,25,0,55,0,1,15,1,1
2300095,55,55,16628,435,46,91,0,298,2,10,61,8,19
2300096,17,17,5198,1226,162,266,0,798,5,13,41,9,64
2300097,20,20,6102,760,65,151,0,544,2,16,23,2,26
2300098,41,41,12950,543,74,119,0,350,3,4,96,2,50
2300100,37,37,10164,1021,72,138,0,811,1,12,42,6,202
2300101,16,16,5204,245,57,50,0,138,1,3,15,1,10
2300103,25,25,7874,830,72,115,0,643,3,3,129,3,67
2300106,47,47,15725,2165,177,291,0,1697,17,15,141,16,190
2300109,65,63,18993,613,55,117,0,441,6,8,45,6,59
2300112,39,36,10193,217,20,71,0,126,1,2,36,1,15
2300115,84,84,23148,971,107,197,0,667,5,15,65,2,46
2300118,55,55,17496,2368,202,492,0,1674,8,30,173,10,101
2300120,21,21,6923,1367,68,236,0,1063,5,8,35,7,35
2300121,42,42,13741,1630,167,329,0,1134,6,26,102,10,38
2300123,20,20,5910,975,41,159,0,775,2,5,14,8,29
2300124,42,42,12045,885,85,236,0,564,1,22,55,3,30
2300125,30,30,8104,581,189,150,0,242,1,14,59,3,8
2300127,28,27,8155,448,28,70,0,350,3,3,73,1,116
2300130,19,19,5983,718,40,126,0,552,8,5,77,0,34
2300133,45,45,14142,1072,107,259,0,706,6,12,25,43,36
2300136,37,37,10365,911,66,149,0,696,0,7,50,7,49
2300139,525,501,144630,15259,1526,4922,0,8811,63,164,1704,115,604
2300142,120,120,36557,2913,423,506,0,1984,16,15,162,12,264
2300145,30,30,9177,785,72,95,0,618,2,9,28,4,38
2400001,1378,1378,461611,107136,9190,6323,0,91623,337,391,3210,502,2804
2400008,35,35,10855,1579,88,135,0,1356,4,5,32,2,23
2400013,20,20,5934,511,29,39,0,443,0,4,21,1,14
2400021,72,72,22859,3029,201,362,0,2466,13,18,94,13,66
2400025,547,547,177873,34959,3505,2434,0,29020,122,148,1080,191,1035
2400029,34,34,11015,1835,88,162,0,1585,2,14,27,11,33
2400038,22,22,6903,514,19,18,0,477,0,3,11,2,7
2400046,98,98,34276,3128,256,212,0,2660,13,16,94,13,110
2400054,51,51,15820,2045,135,198,0,1712,4,10,43,5,34
2400062,41,41,12825,793,56,88,0,649,1,3,32,3,14
2400070,38,38,12219,796,44,142,0,610,0,9,44,4,33
2400078,68,68,21760,1283,64,95,0,1124,5,8,40,3,90
2400086,199,199,68634,12349,994,754,0,10601,27,23,209,49,309
2400094,39,39,12111,1273,56,142,0,1075,1,5,20,4,39
2500001,1995,1995,659655,161441,13350,13215,0,134876,360,567,3214,825,2728
2500004,89,89,25676,4298,209,869,0,3220,7,18,49,26,67
2500007,26,26,7817,1014,73,123,0,818,0,1,12,2,8
2500010,29,29,8756,2116,136,201,0,1779,3,4,29,7,32
2500013,15,15,4503,768,32,75,0,661,0,0,6,1,5
2500016,9,9,2702,583,29,54,0,500,3,0,3,2,3
2500019,27,27,7695,2268,55,282,0,1931,1,5,24,4,12
2500022,57,57,17059,1758,110,281,0,1367,4,11,81,11,51
2500025,23,23,7130,1138,32,110,0,996,1,3,23,5,5
2500028,50,50,16061,3754,360,289,0,3105,5,7,62,16,54
2500031,32,32,9297,1503,72,152,0,1279,2,3,23,3,13
2500034,23,23,7055,1180,41,72,0,1067,3,4,23,2,12
2500036,54,54,16554,1106,104,378,0,624,6,32,43,18,68
2500037,46,46,11659,1451,68,269,0,1114,3,7,81,7,39
2500038,79,79,25465,5014,344,641,0,4029,10,18,94,30,59
2500040,19,19,5854,2041,81,112,0,1848,2,3,30,5,14
2500043,27,27,8355,647,52,232,0,363,0,13,27,7,39
2500046,17,17,5174,549,11,48,0,490,1,0,3,3,10
2500049,19,19,5671,718,35,75,0,608,1,0,2,0,8
2500051,35,35,10494,1627,99,301,0,1227,3,13,23,6,35
2500052,23,23,7257,718,47,133,0,538,0,5,12,5,13
2500054,259,259,83885,20259,1770,1576,0,16913,52,57,345,107,399
2500055,12,12,3761,1462,51,302,0,1109,0,2,5,3,7
2500058,11,11,3404,733,51,115,0,567,0,1,8,5,9
2500061,285,285,91011,21726,1712,1890,0,18124,63,71,458,112,499
2500064,155,155,49561,12649,1007,794,0,10848,46,50,194,65,285
2500067,14,14,4496,1566,93,190,0,1283,4,9,19,7,17
2500069,64,64,20694,623,30,70,0,523,0,3,7,6,16
2500070,32,32,10138,1411,64,201,0,1146,1,5,10,5,13
2500073,34,34,10240,1898,116,202,0,1580,3,5,15,7,18
2500076,33,33,8775,747,113,288,0,346,2,10,29,5,43
2500079,32,32,10248,1640,117,185,0,1338,3,1,21,8,21
2500082,17,17,5330,816,28,57,0,731,1,1,3,3,6
2500085,75,75,20950,4581,273,803,0,3505,7,18,38,36,44
2500088,16,16,4799,1014,25,104,0,885,1,0,3,5,5
2500091,40,40,12267,756,44,309,0,403,0,9,43,5,35
2500093,144,144,46331,5724,483,1325,0,3916,19,65,219,58,167
2500094,45,45,13432,2976,131,311,0,2534,3,8,24,7,34
2500097,14,14,4160,637,27,57,0,553,1,4,12,0,7
2500100,336,336,109337,19282,1266,1776,0,16240,49,82,318,92,286
2600001,845,845,281077,70026,6348,3557,0,60121,208,203,2076,305,1878
2600005,9,9,2753,562,35,46,0,481,0,1,6,2,14
2600010,191,191,62979,12291,1113,798,0,10380,41,47,292,57,280
2600020,79,79,24524,5521,457,490,0,4574,11,16,188,27,119
2600025,17,17,5632,857,53,110,0,694,6,6,30,4,24
2600030,35,35,11022,1826,164,129,0,1533,6,7,29,10,39
2600040,24,24,7471,1715,97,228,0,1390,1,11,42,3,21
2600050,94,94,30764,4879,514,508,0,3857,21,23,134,17,149
2600060,110,110,35335,5845,663,608,0,4574,14,29,89,33,136
2600070,19,19,5835,977,58,69,0,850,3,3,21,3,22
2600080,91,91,31021,4218,303,272,0,3643,10,20,277,16,98
2600090,21,21,6130,1438,95,130,0,1213,4,6,97,3,25
2700001,1621,1621,527461,148359,13009,5501,0,129849,396,405,3744,642,2884
2700004,5,5,1566,337,11,40,0,286,0,0,13,1,3
2700007,15,15,3681,709,21,43,0,645,0,1,17,4,6
2700010,22,22,7239,1568,95,158,0,1315,2,7,34,11,21
2700013,86,86,27490,5859,484,380,0,4995,12,19,718,27,106
2700016,24,24,7874,1643,83,103,0,1457,0,1,39,8,25
2700019,595,595,191130,36829,5418,3135,0,28276,196,292,2796,272,2192
2700022,16,16,4582,764,53,83,0,628,2,6,12,9,13
2700025,35,35,8283,1312,78,159,0,1075,2,12,17,4,22
2700028,6,6,1842,468,15,42,0,411,1,1,9,3,2
2700031,6,6,1861,428,14,24,0,390,0,1,6,2,2
2700034,16,16,5146,1375,45,96,0,1234,1,2,32,1,11
2700037,16,16,3803,844,44,109,0,691,1,1,10,2,13
2700040,11,11,2187,528,22,40,0,466,0,2,16,1,4
2700043,20,20,5656,1145,54,105,0,986,2,3,27,9,16
2700045,98,98,30233,4016,378,425,0,3213,13,29,83,21,106
2700046,20,20,5328,1225,70,88,0,1067,2,7,20,4,18
2700049,10,10,2908,876,38,53,0,785,0,0,3,4,2
2700052,10,10,3111,729,68,86,0,575,1,6,19,2,9
2700055,14,14,4432,865,43,125,0,697,1,2,12,3,19
2700058,36,36,10646,2850,276,242,0,2332,3,9,38,20,46
2700061,34,34,10415,2300,148,213,0,1939,2,5,33,10,26
2700064,13,13,3523,1114,78,101,0,935,3,6,8,2,8
2700067,9,9,2633,510,15,42,0,453,0,1,6,3,8
2700070,14,14,4459,434,30,52,0,352,1,2,17,0,22
2700071,44,44,12571,2544,139,218,0,2187,2,7,16,8,32
2700073,6,6,1702,315,17,27,0,271,0,3,3,0,1
2700074,46,46,13378,2571,189,296,0,2086,11,16,36,20,38
2700075,17,17,4066,519,20,90,0,409,0,5,6,4,18
2700076,8,8,2267,410,13,37,0,360,0,0,2,2,3
2700079,16,16,3574,949,30,63,0,856,3,2,17,4,5
2700080,22,22,6222,615,25,73,0,517,0,2,24,3,10
2700082,682,682,220850,66015,5755,2864,0,57396,187,195,1533,306,1261
2700085,14,14,2727,680,27,35,0,618,0,1,6,2,8
2700088,13,13,3574,630,36,98,0,496,0,5,15,0,3
2700091,416,416,132989,30270,2878,1720,0,25672,103,106,595,144,677
2700094,23,23,5763,1224,55,92,0,1077,0,5,11,6,12
2700097,16,16,4475,1297,36,89,0,1172,2,6,16,3,9
2700100,7,7,2074,437,10,22,0,405,1,0,2,0,3
2700103,15,15,4699,747,54,97,0,596,3,1,20,4,19
2700106,14,14,4554,556,55,64,0,437,0,1,21,3,14
2700109,8,8,2202,390,28,56,0,306,0,2,8,0,12
2700112,12,12,3528,531,42,44,0,445,2,5,11,0,8
2700115,6,6,1421,452,6,29,0,417,0,0,4,1,3
2700118,14,14,4206,560,23,65,0,472,0,1,6,0,8
2700119,19,19,5973,1408,36,130,0,1242,1,4,22,3,8
2700120,36,36,10484,1323,69,87,0,1167,1,4,31,5,38
2700121,117,117,37185,8329,593,536,0,7200,14,30,119,35,119
2700124,34,34,10604,2446,180,195,0,2071,5,13,35,16,30
2700127,8,8,2397,580,13,60,0,507,0,2,6,1,9
2700130,56,56,16811,3665,191,178,0,3296,6,14,99,17,62
2700133,18,18,5424,1238,49,75,0,1114,1,5,17,3,10
2700136,29,29,8356,1808,149,183,0,1476,4,12,17,5,14
2700139,17,17,3987,890,37,68,0,785,1,1,15,2,11
2700142,13,13,4146,909,32,92,0,785,0,1,12,1,5
2700145,33,33,10114,2465,151,175,0,2139,9,4,83,9,28
2700148,14,14,3669,724,20,98,0,606,1,2,12,4,10
2700151,6,6,1618,319,13,25,0,281,0,0,5,0,5
2700154,8,8,2669,693,24,39,0,630,1,0,15,2,2
2700157,13,13,4027,1140,57,80,0,1003,0,0,27,4,18
2700160,414,414,131233,34454,3440,1939,0,29075,103,126,541,146,667
2700163,12,12,3899,876,36,26,0,814,4,1,22,0,14
2700166,46,46,13402,2252,117,88,0,2047,2,4,84,2,29
2700167,22,22,6692,496,31,45,0,420,0,7,13,3,13
2700169,85,85,26678,2289,218,301,0,1770,8,31,282,9,54
2700172,86,86,25122,4645,309,453,0,3883,8,27,93,24,73
2700174,78,78,25382,3800,338,408,0,3054,12,40,100,27,99
2700175,27,27,6851,1495,69,145,0,1281,2,5,33,7,22
2700178,10,10,3012,464,23,61,0,380,0,0,5,0,12
2700181,153,153,46971,12779,1064,550,0,11165,28,24,325,50,247
2700184,7,7,2306,335,21,30,0,284,0,1,7,2,4
2700187,17,17,4505,1137,53,72,0,1012,0,1,14,5,7
2700190,11,11,2286,463,13,38,0,412,1,1,8,0,7
2700193,82,82,25405,3606,264,296,0,3046,3,24,77,11,51
2700194,12,12,3461,646,46,107,0,493,1,1,20,4,4
2700195,9,9,2417,622,26,25,0,571,0,2,7,3,4
2700196,23,23,6503,1674,95,188,0,1391,2,7,40,7,31
2700199,79,79,25701,6894,581,322,0,5991,10,13,186,22,94
2700202,28,28,8928,1603,77,96,0,1430,6,1,23,10,33
2700205,23,23,5765,753,24,40,0,689,1,1,14,4,7
2700208,14,14,3705,779,30,57,0,692,0,1,9,1,14
2700211,19,19,5819,1429,94,171,0,1164,2,6,16,10,11
2700217,17,17,5307,974,60,57,0,857,2,3,22,3,9
2700219,5,5,1493,419,17,34,0,368,3,3,7,4,6
2700220,54,54,16952,3204,287,262,0,2655,7,11,86,15,87
2700221,23,23,7353,1761,95,103,0,1563,3,4,27,10,23
2700223,26,26,8402,1638,144,59,0,1435,3,2,20,3,23
2800001,665,665,223915,48024,5497,7546,0,34981,682,579,2741,882,2179
2800010,33,33,10575,979,39,124,0,816,19,16,48,24,34
2800020,37,37,10629,616,29,87,0,500,5,15,34,3,27
2800030,28,28,8778,999,57,219,0,723,16,24,63,22,24
2800040,161,161,51338,7935,865,966,0,6104,134,91,453,131,317
2800041,47,47,15270,1802,157,211,0,1434,15,22,249,10,73
2800042,37,37,9931,1090,61,193,0,836,12,30,62,20,52
2800045,17,17,5192,737,39,147,0,551,19,8,18,29,13
2800048,59,59,18720,2278,66,251,0,1961,7,25,80,18,66
2800049,53,53,15527,1056,59,146,0,851,9,24,25,12,30
2800050,35,35,11288,699,40,110,0,549,4,16,53,12,33
2800055,63,63,20315,1597,117,272,0,1208,26,16,131,16,68
2800060,102,102,30567,3336,113,682,0,2541,23,45,179,40,97
2800080,52,52,15882,2883,276,827,0,1780,62,34,101,88,84
2800100,76,76,23534,2465,170,383,0,1912,37,41,177,51,82
2800120,41,41,13249,1317,101,458,0,758,22,14,54,27,43
2800160,118,118,36814,4977,433,1035,0,3509,106,77,212,149,219
2800180,74,74,21765,2196,121,403,0,1672,21,29,99,42,75
2800190,40,40,12438,1285,79,175,0,1031,14,13,74,10,35
2800200,153,153,48859,4248,351,731,0,3166,81,82,276,86,237
2800220,158,158,47932,2773,138,835,0,1800,87,53,116,64,85
2800240,55,55,17966,1777,108,282,0,1387,37,25,125,25,78
2800260,90,90,28071,3031,211,413,0,2407,30,48,204,35,83
2800280,79,79,21965,1848,35,216,0,1597,10,25,199,12,41
2800300,84,84,26427,2132,304,447,0,1381,27,41,79,29,90
2800320,68,68,21639,3022,250,723,0,2049,38,26,173,51,111
2900001,1425,1425,470989,125899,12202,5698,0,107999,407,427,1881,565,3215
2900004,16,16,3888,1253,48,75,0,1130,1,2,6,0,8
2900007,30,30,9238,1500,101,121,0,1278,2,13,31,1,38
2900010,24,24,6802,705,53,45,0,607,2,7,8,2,16
2900013,28,28,8904,1209,37,86,0,1086,2,3,17,11,22
2900016,35,35,10696,1508,175,161,0,1172,2,19,14,10,34
2900019,56,56,17005,3210,84,587,0,2539,2,14,44,8,42
2900022,56,56,17376,2546,246,214,0,2086,4,3,22,8,71
2900025,34,34,10546,1939,148,144,0,1647,2,7,21,1,35
2900028,19,19,5799,940,35,85,0,820,3,2,12,5,15
2900031,28,28,8512,1764,169,334,0,1261,5,16,38,12,48
2900034,60,60,19041,1684,114,245,0,1325,5,16,25,7,41
2900037,25,25,7382,1881,63,133,0,1685,1,7,18,10,15
2900040,127,127,42544,6715,528,903,0,5284,10,54,92,51,133
2900043,25,25,7299,1547,58,83,0,1406,1,4,20,5,2
2900046,190,190,63329,15834,1418,1306,0,13110,36,79,239,75,325
2900049,21,21,6379,972,72,106,0,794,4,12,12,6,17
2900052,61,61,19925,4575,461,461,0,3653,10,25,77,18,100
2900055,94,94,28675,3700,194,309,0,3197,8,16,127,24,72
2900058,85,85,26744,6423,426,664,0,5333,14,30,90,38,140
2900061,21,21,5946,901,38,88,0,775,1,0,6,6,16
2900064,63,63,22935,4707,454,378,0,3875,21,34,78,16,109
2900067,30,30,9588,1478,78,143,0,1257,4,10,27,7,24
2900070,50,50,15792,1923,174,180,0,1569,12,14,58,10,52
2900073,100,100,34460,3929,337,289,0,3303,12,20,43,21,93
2900076,96,96,30588,5365,571,405,0,4389,17,33,63,35,133
2900079,104,104,33147,6437,683,371,0,5383,16,32,161,20,145
2900080,13,13,3871,535,42,54,0,439,1,2,7,1,11
2900082,49,49,15378,1967,115,213,0,1639,6,15,33,6,33
2900085,80,80,24250,3271,184,369,0,2718,6,32,34,16,76
2900087,27,27,8737,814,44,61,0,709,1,6,6,4,11
2900088,19,19,5803,890,106,92,0,692,0,8,41,5,15
2900089,78,78,24824,2614,152,450,0,2012,4,12,39,26,84
2900091,27,27,8087,1233,90,115,0,1028,2,4,13,9,16
2900094,65,65,20752,3576,239,344,0,2993,5,28,71,20,61
2900097,61,61,18580,1402,91,209,0,1102,2,12,16,6,25
2900100,15,15,4538,428,17,39,0,372,1,1,4,2,6
2900103,73,73,21980,3630,173,364,0,3093,3,21,35,15,59
2900105,41,41,13293,2684,162,184,0,2338,8,11,33,7,48
2900106,34,34,10953,1939,101,256,0,1582,6,7,15,10,17
2900109,42,42,12517,2696,157,225,0,2314,8,10,44,12,42
2900112,25,25,5940,1351,52,299,0,1000,1,6,9,2,25
2900115,18,18,4801,1078,79,83,0,916,0,5,14,1,16
2900118,16,16,4946,1418,62,159,0,1197,1,4,9,3,13
2900121,41,41,12089,2091,183,168,0,1740,5,19,27,8,21
2900124,26,26,7191,1127,46,106,0,975,1,4,9,4,19
2900127,18,18,5291,963,52,71,0,840,2,2,11,3,10
3100001,5443,5437,1841675,307389,30497,15522,0,261370,1211,1758,16984,1230,8453
3100004,40,40,12566,1476,157,188,0,1131,3,13,60,4,37
3100007,62,62,20083,1920,219,137,0,1564,7,8,166,8,53
3100010,67,67,19000,2011,150,225,0,1636,8,16,81,8,40
3100013,21,21,5932,699,17,65,0,617,1,1,32,3,15
3100016,47,47,13470,1446,101,145,0,1200,2,11,89,3,21
3100019,730,725,237167,19905,4202,4131,0,11572,128,533,2366,116,837
3100022,354,354,110301,17929,2148,1211,0,14570,79,107,1000,84,593
3100025,70,70,21147,1765,191,160,0,1414,10,10,205,4,65
3100028,91,91,27806,5292,348,540,0,4404,16,40,217,32,137
3100031,246,246,85518,9120,1381,833,0,6906,43,97,691,56,357
3100034,373,373,122473,20358,1924,1392,0,17042,61,100,977,91,595
3100037,123,123,38596,3380,312,373,0,2695,14,34,272,9,85
3100040,56,56,15597,1842,171,238,0,1433,8,15,63,11,73
3100043,33,33,7842,1230,57,138,0,1035,4,6,58,5,26
3100046,25,25,6649,558,28,60,0,470,2,2,4,2,13
3100049,175,175,56586,5367,823,561,0,3983,21,46,395,34,214
3100052,39,39,10688,1082,66,133,0,883,3,5,80,5,21
3100055,169,169,55334,5930,964,655,0,4311,22,86,743,28,256
3100058,60,60,19342,2096,255,153,0,1688,10,22,109,8,64
3100061,94,94,30357,4320,684,615,0,3021,17,73,943,17,131
3100064,381,381,127267,17460,2141,1119,0,14200,77,111,1070,48,510
3100067,47,47,14347,1575,171,137,0,1267,5,10,94,7,39
3100070,93,93,28487,3407,293,218,0,2896,5,12,142,15,74
3100073,37,37,11743,1403,123,154,0,1126,2,9,66,10,39
3100076,37,37,11129,787,84,83,0,620,2,6,28,1,36
3100079,885,885,290179,40608,4802,2795,0,33011,148,310,2214,187,1246
3100082,138,138,42926,4632,674,580,0,3378,21,68,368,27,142
3100085,55,55,16362,1760,173,240,0,1347,5,13,79,6,84
3100088,50,50,16195,1587,134,166,0,1287,2,11,66,5,42
3100091,109,109,31633,5807,560,479,0,4768,15,23,372,38,146
3100094,54,54,15356,1633,180,170,0,1283,5,6,104,8,38
3100097,120,120,38319,4721,450,474,0,3797,7,31,183,25,114
3100100,46,46,13046,1870,131,188,0,1551,3,7,262,6,33
3100103,58,58,16992,2638,219,343,0,2076,2,20,247,9,47
3100106,534,534,175038,28800,3420,1968,0,23412,91,200,1751,110,819
3100109,19,19,5508,603,44,70,0,489,2,3,32,4,43
3100112,33,33,7622,1144,60,99,0,985,2,4,85,5,14
3100115,38,38,11440,1107,121,191,0,795,3,8,67,5,16
3100118,52,52,15794,1615,199,162,0,1254,14,12,173,7,37
3100121,343,342,113020,13105,1829,1551,0,9725,65,127,1175,54,505
3100124,124,124,40245,4525,604,532,0,3389,26,35,495,22,185
4000001,260,260,83651,18047,1080,1394,0,15573,39,86,1071,64,289
4000005,127,127,39873,7513,458,1090,0,5965,13,42,248,35,113
4000010,115,115,36726,3650,309,906,0,2435,9,41,276,30,90
4000015,12,12,3804,584,29,101,0,454,0,2,15,2,10
4000017,44,44,13998,1102,99,255,0,748,3,16,92,9,27
4000020,13,13,4051,848,32,101,0,715,0,5,84,1,4
4000025,128,128,41277,6334,665,885,0,4784,16,66,406,41,164
4400001,420,420,138633,29134,2351,2634,0,24149,91,159,1039,150,883
4400002,14,14,4530,612,46,82,0,484,1,2,21,3,10
4400003,73,73,24481,2003,187,479,0,1337,8,57,42,29,63
4400004,27,27,8562,1216,105,174,0,937,5,17,25,4,30
4400005,52,52,16267,1627,98,144,0,1385,2,12,67,8,40
4400006,36,36,11828,907,69,140,0,698,2,8,21,4,26
4400007,40,40,13017,1100,79,231,0,790,2,14,23,7,31
4400009,63,63,20215,1990,106,264,0,1620,5,14,38,28,61
4400010,133,133,41955,4287,348,727,0,3212,18,77,280,45,115
4400012,25,25,7866,520,28,72,0,420,1,7,17,3,16
4400016,24,24,6940,446,37,93,0,316,1,1,17,5,12
4400017,15,15,4052,586,20,68,0,498,0,2,7,4,16
4400020,35,35,10921,1392,138,272,0,982,6,19,22,3,47
4400022,32,32,9026,467,23,128,0,316,3,20,35,0,20
4400024,20,20,6245,283,18,32,0,233,2,6,6,4,7
4400040,19,19,5915,747,44,88,0,615,2,2,129,0,21
4600001,424,424,135664,38769,3158,2207,0,33404,107,159,1278,142,800
4600040,94,94,29916,8266,776,531,0,6959,35,42,382,34,169
4600120,6,6,1856,429,13,25,0,391,0,0,19,0,5
4600320,34,34,7960,2050,72,165,0,1813,1,9,78,8,21
4600480,4,4,1021,66,0,10,0,56,0,0,4,0,6
4600520,42,42,12008,3275,214,275,0,2786,6,19,155,11,58
4600540,41,41,12638,3558,285,269,0,3004,4,10,65,12,54
4600560,27,27,6608,1877,77,166,0,1634,2,8,82,6,9
4600640,31,31,8928,1832,129,212,0,1491,3,13,43,11,17
4600680,90,90,28252,7935,371,570,0,6994,9,28,167,23,97
4600700,27,27,8477,2338,122,219,0,1997,4,4,60,6,22
4600760,5,5,1231,284,7,14,0,263,0,2,28,2,7
4600800,10,10,2833,937,42,56,0,839,2,0,108,3,7
4600815,6,6,1828,187,7,26,0,154,0,1,33,1,5
4600830,24,24,6673,2134,100,222,0,1812,2,8,58,7,10
4600840,18,18,4678,958,40,127,0,791,3,2,10,7,10
4600850,63,63,20217,5915,545,460,0,4910,15,26,150,31,82
4600865,36,36,10067,2824,117,293,0,2414,8,7,51,10,14
4600880,88,88,28143,6772,685,544,0,5543,16,46,129,47,154
4800001,494,493,158474,21114,2508,2830,0,15776,147,286,1512,183,805
4800002,64,64,21600,1532,201,336,0,995,20,32,66,26,64
4800004,84,84,27343,3542,319,681,0,2542,31,87,237,40,133
4800005,74,74,23960,1781,137,405,0,1239,20,43,69,20,57
4800006,27,27,8988,854,52,118,0,684,5,6,43,3,25
4800007,103,103,32543,3360,312,511,0,2537,30,46,311,37,119
4800008,35,35,11169,1033,81,130,0,822,8,14,75,9,27
4800009,51,51,16449,1860,237,480,0,1143,15,42,119,20,84
4800010,419,418,143165,13674,1285,2368,0,10021,265,203,719,371,620
4800011,188,187,63035,2804,177,870,0,1757,16,36,117,30,89
4800012,16,16,5137,500,31,55,0,414,5,7,16,3,16
4800013,120,120,37031,6261,497,775,0,4989,36,56,617,42,110
4800016,387,383,129879,4367,425,1480,0,2462,38,62,148,59,156
4800018,30,30,9448,1577,163,234,0,1180,9,29,107,13,61
4800020,63,63,20650,3030,305,387,0,2338,27,45,102,40,74
5000001,88,88,27944,4095,223,727,0,3145,42,45,166,55,208
5000070,19,19,5403,245,5,116,0,124,0,8,8,1,18
5000073,1,1,267,4,1,0,0,3,0,0,0,0,0
5000078,1,1,213,8,0,0,0,8,0,1,0,0,2
5000083,1,1,236,0,0,0,0,0,0,0,0,0,0
5000087,4,4,633,48,0,7,0,41,0,2,1,0,6
5000090,5,5,1300,52,1,14,0,37,1,1,0,0,3
5000092,3,3,933,27,1,6,0,20,0,1,1,0,1
5200001,1236,1236,405921,115597,9025,4711,0,101861,292,396,3713,495,2248
5200005,233,233,77155,23981,2662,1366,0,19953,70,124,495,128,556
5200006,19,19,5718,1123,98,150,0,875,3,15,15,5,30
5200008,20,20,6197,1614,113,212,0,1289,3,27,33,5,23
5200010,41,41,13351,4090,431,342,0,3317,13,22,132,27,75
5200015,18,18,5761,1610,87,96,0,1427,3,10,25,4,23
5200020,64,64,19538,5287,434,360,0,4493,15,23,101,28,89
5200025,8,8,1557,425,28,40,0,357,0,0,7,1,4
5200027,21,21,6372,774,59,102,0,613,2,11,24,3,13
5200028,13,13,3826,1407,49,119,0,1239,1,7,19,3,14
5200030,33,33,10072,1595,132,141,0,1322,1,17,35,11,21
5200035,177,177,60416,11040,939,781,0,9320,26,69,327,65,221
5200040,42,42,13621,4478,349,275,0,3854,11,11,75,25,58
5200041,37,37,11689,1160,99,255,0,806,7,26,35,17,44
5200042,28,28,8982,1528,103,158,0,1267,7,4,24,6,21
5200043,174,174,56342,12839,1923,1488,0,9428,64,201,790,147,491
5200044,29,29,9425,1168,109,199,0,860,5,14,35,7,21
5200045,84,84,26399,4194,266,301,0,3627,11,22,185,27,73
5200046,24,24,6173,872,85,306,0,481,3,18,18,10,21
5200047,23,23,7480,972,65,201,0,706,4,9,31,4,20
5200048,25,25,7445,1319,85,206,0,1028,2,7,77,7,25
5200049,31,31,9675,1263,111,195,0,957,8,26,29,15,41
5200050,54,54,17832,4604,322,244,0,4038,8,12,101,9,63
5200055,31,31,9788,1558,149,185,0,1224,4,15,58,30,77
5200058,22,22,6428,1173,56,104,0,1013,6,13,15,11,17
5200059,7,7,1421,205,4,11,0,190,1,0,2,0,6
5200060,62,62,19048,4146,379,327,0,3440,14,32,64,17,73
5200074,23,23,7411,274,52,57,0,165,1,3,23,0,17
5200080,48,48,14544,2251,177,339,0,1735,4,33,60,12,45
5400001,156,150,48750,8377,720,966,0,6691,30,90,368,42,295
5400003,24,24,7409,933,77,181,0,675,3,22,15,5,31
5400007,33,33,10241,1481,105,209,0,1167,2,24,32,6,45
5400012,15,15,3747,241,11,55,0,175,3,6,15,1,11
5600001,151,151,49218,7252,325,1003,0,5924,145,121,279,203,331
5600004,15,15,4849,637,11,74,0,552,12,3,31,18,26
6000001,142,142,45321,6713,347,863,0,5503,29,49,354,46,284
6000007,17,17,5199,374,18,110,0,246,6,6,60,3,13
6000010,3,3,770,51,0,18,0,33,0,0,3,1,0
6000013,4,4,1159,21,2,6,0,13,0,1,0,0,1
6000016,4,4,1332,77,2,29,0,46,1,5,1,0,10
6000017,1,1,76,29,5,15,0,9,0,1,2,0,0
6000019,3,3,553,11,0,3,0,8,0,0,1,0,1
6000021,2,2,592,9,0,6,0,3,0,0,1,0,0
6000022,6,6,1602,86,1,24,0,61,1,2,3,2,4
6000030,1,1,292,5,0,1,0,4,0,0,0,0,0
6000040,2,2,544,15,0,2,0,13,0,0,1,0,0
6400001,141,141,43210,6708,649,756,0,5303,34,72,966,48,367
6400002,167,167,53617,5534,655,977,0,3902,33,96,243,48,347
6400004,53,53,16164,836,53,140,0,643,10,26,15,7,28
6400007,15,15,4806,780,65,151,0,564,6,9,62,5,27
6400013,16,16,4942,774,50,131,0,593,7,7,130,1,23
6400016,21,21,6857,501,30,69,0,402,1,4,77,2,24
6400018,52,52,15965,546,36,120,0,390,3,11,12,4,44
6400019,35,35,11479,1514,122,222,0,1170,4,14,79,9,69
6400023,101,101,32110,2084,256,409,0,1419,15,34,188,8,228
6400025,45,45,13086,618,56,130,0,432,2,13,27,9,32
6400026,35,35,10874,742,91,177,0,474,4,15,45,11,42
6400028,99,99,30555,1496,239,303,0,954,3,32,100,9,123
6400030,66,66,21155,2439,289,382,0,1768,7,31,132,11,117
6800001,67,67,20009,2729,100,591,0,2038,11,40,406,21,135
6800004,6,6,1774,116,6,25,0,85,1,4,11,1,8
6800010,2,2,183,74,0,11,0,63,0,1,23,0,0
6800013,6,6,1258,71,3,31,0,37,0,0,6,0,5
6800017,6,6,1876,65,2,6,0,57,0,3,6,1,4
6800022,4,4,1062,48,1,8,0,39,0,1,14,0,1
7200001,69,69,21526,3252,208,486,0,2558,13,28,129,27,77
7200002,13,13,3503,606,24,99,0,483,0,3,13,2,25
7200006,93,91,25597,1648,92,596,0,960,17,26,83,20,98
7200008,28,28,7578,1004,44,107,0,853,2,6,43,5,17
8800115,8,8,63,10,0,0,0,10,0,1,2,0,0
8800120,40,40,17593,3146,129,65,0,2952,14,10,56,20,88
8800130,7,7,21,3,0,0,0,3,0,0,0,0,0
8800135,7,7,32,9,2,0,0,7,0,0,0,1,1
8800140,10,10,2619,202,21,1,0,180,1,1,1,0,8
8800155,41,41,19154,1903,149,68,0,1686,10,6,32,7,73
8800160,15,15,6172,572,82,30,0,460,1,3,6,1,10
8800165,71,71,25693,5063,292,100,0,4671,16,4,71,28,177
8800170,11,11,2346,428,20,15,0,393,5,0,7,0,14
8800190,14,14,4435,647,27,9,0,611,2,2,10,3,14
8800215,10,10,1640,239,18,2,0,219,1,0,4,4,3
8800220,49,49,7551,940,48,22,0,870,6,3,17,2,15
8800250,209,209,63810,12188,961,144,0,11083,21,19,184,34,220
8800275,7,7,373,77,3,1,0,73,0,0,2,0,3
8800285,26,26,11148,1801,104,37,0,1660,3,4,27,3,14
8800290,8,8,760,38,0,4,0,34,0,0,5,0,2
8800305,121,121,38536,3156,266,80,0,2810,10,8,52,15,73
8800315,28,28,1071,190,10,3,0,177,1,1,7,1,5
8800325,8,8,921,178,4,6,0,168,1,0,4,2,5
8800330,106,106,41753,2514,174,98,0,2242,5,9,31,13,53
8800335,8,8,294,53,0,3,0,50,0,0,1,0,0
8800340,9,9,746,200,8,3,0,189,0,0,5,3,1
8800350,13,13,4000,565,41,5,0,519,3,1,14,0,5
8800355,574,570,255821,21928,1801,758,0,19369,66,92,361,122,670
8800360,841,812,405325,56891,6099,1148,0,49644,60,52,663,80,552
8800370,7,7,171,29,0,0,0,29,0,0,0,0,0
8800375,7,7,502,84,3,0,0,81,0,0,2,0,1
8800380,108,108,23436,3762,216,133,0,3413,21,26,72,21,97
8800410,9,9,2045,503,25,2,0,476,1,0,6,0,5
8800430,7,7,25,9,0,0,0,9,0,0,3,1,0
8800435,21,21,5707,854,34,27,0,793,2,3,20,7,10
8800440,8,8,737,112,1,0,0,111,0,1,2,0,2
8800445,7,7,363,88,5,0,0,83,0,0,1,0,5
8800455,7,7,82,10,0,0,0,10,0,0,0,0,0
8800460,7,7,96,12,0,0,0,12,0,0,0,0,0
8800465,71,71,21350,2898,209,64,0,2625,5,7,73,10,45
8800470,8,8,736,204,10,2,0,192,0,1,2,1,5
8800490,10,10,2065,0,0,0,0,0,0,0,0,0,0
8800495,42,42,16830,2122,136,45,0,1941,5,3,28,11,71
8800500,8,8,300,34,3,4,0,27,0,1,0,0,0
8800505,16,16,1329,109,15,0,0,94,0,1,4,0,1
8800515,7,7,103,33,0,0,0,33,0,0,0,0,0
8800535,9,9,1431,25,0,0,0,25,0,0,0,1,1
8800560,7,7,153,44,1,0,0,43,0,0,0,0,0
8800580,7,7,63,11,0,0,0,11,0,0,0,0,0
8800590,83,83,18263,3902,181,36,0,3685,8,4,53,13,54
8800620,7,7,274,35,2,1,0,32,0,0,0,0,0
8800625,10,10,1952,358,28,7,0,323,1,3,11,2,13
8800635,8,8,1019,129,3,1,0,125,0,1,2,1,7
8800655,72,72,26585,3198,200,104,0,2894,3,2,37,12,31
8800665,7,7,673,108,8,6,0,94,0,0,1,0,1
8800670,25,25,8439,1123,55,14,0,1054,2,0,13,4,14
8800675,11,11,2305,156,9,1,0,146,0,0,10,0,8
8800680,13,13,4071,770,41,22,0,707,6,2,10,4,33
8800683,10,10,2109,307,24,5,0,278,0,0,4,2,4
8800685,12,12,3563,708,34,6,0,668,2,0,12,0,13
8800688,7,7,328,97,2,0,0,95,1,0,1,0,1
8800690,7,7,73,13,0,1,0,12,0,0,0,0,1
8800700,8,8,806,38,1,1,0,36,0,0,0,0,4
8800745,8,8,215,48,3,0,0,45,1,0,2,0,0
8800755,24,24,3479,343,16,15,0,312,4,3,5,1,15
8800760,19,19,8103,1129,101,21,0,1007,4,4,21,2,17
8800765,7,7,153,70,1,0,0,69,0,0,0,0,1
8800770,14,14,403,80,2,2,0,76,2,1,3,0,4
8800785,9,9,281,53,0,0,0,53,1,0,1,0,1
8800805,8,8,1316,160,2,7,0,151,1,0,4,1,1
8800815,349,349,177035,2656,96,231,0,2329,17,30,29,22,39
