mpio_reg_code_7,mesas_total,mesas_escrutadas,censo,votantes,votos_nulos,votos_no_marcados,votos_blanco,votos_validos,cand_30_000001|CLAUDIA NAYIBE LOPEZ HERNANDEZ,cand_30_000002|LEONARDO HUMBERTO HUERTA GUTIERREZ
0100001,5499,5498,1862718,576754,32020,17187,0,527547,16058,1148
0100004,51,51,15644,4020,93,475,0,3452,79,8
0100007,7,7,2062,704,14,37,0,653,6,3
0100010,15,15,4733,1024,40,85,0,899,24,0
0100013,78,78,24730,3452,223,234,0,2995,126,9
0100016,60,60,19294,2129,84,180,0,1865,90,14
0100019,115,115,36920,7049,249,456,0,6344,156,19
0100022,20,20,6041,856,49,88,0,719,22,1
0100025,30,30,9718,959,37,113,0,809,40,2
0100028,45,45,13909,737,21,139,0,577,17,2
0100031,77,77,24242,4110,205,349,0,3556,101,8
0100034,21,21,6764,1005,20,121,0,864,21,1
0100035,336,336,109862,14637,1383,1721,0,11533,818,75
0100037,75,75,24079,1932,87,267,0,1578,92,7
0100039,25,25,6990,935,13,112,0,810,21,2
0100040,15,15,4667,770,29,106,0,635,14,4
0100043,145,145,46850,8592,590,786,0,7216,355,27
0100046,20,20,5466,1389,27,115,0,1247,33,2
0100049,1063,1063,368373,89027,5658,3665,0,79704,2997,229
0100052,27,27,8596,1259,46,122,0,1091,25,3
0100055,45,45,14145,2209,65,256,0,1888,31,3
0100058,75,75,24357,5234,201,336,0,4697,88,13
0100061,28,28,8423,1035,20,189,0,826,18,4
0100062,25,25,7121,631,32,104,0,495,19,1
0100064,66,66,21504,1428,103,485,0,840,86,11
0100067,22,22,7301,1766,31,158,0,1577,16,4
0100070,223,223,72495,18897,1361,1029,0,16507,726,50
0100073,23,23,7332,1172,34,187,0,951,27,0
0100076,46,46,15282,2750,65,249,0,2436,33,8
0100078,17,17,4972,707,25,83,0,599,13,1
0100079,16,16,5098,1407,30,181,0,1196,13,5
0100080,155,155,50144,6575,555,1131,0,4889,421,37
0100082,141,141,45777,12882,601,484,0,11797,491,33
0100085,14,14,4419,1223,57,77,0,1089,18,3
0100088,248,248,78183,8478,714,1374,0,6390,568,40
0100091,39,39,12859,2580,164,301,0,2115,90,9
0100094,48,48,14930,2952,77,155,0,2720,49,208
0100097,14,14,4557,1362,36,126,0,1200,16,1
0100100,52,52,16573,2526,57,223,0,2246,35,3
0100103,241,241,77778,17428,1053,705,0,15670,581,40
0100106,165,165,53823,5573,420,754,0,4399,336,29
0100109,67,67,20829,1718,74,296,0,1348,28,5
0100112,58,58,19149,4542,130,230,0,4182,99,5
0100115,37,37,11640,2497,130,259,0,2108,45,6
0100117,131,131,42682,2413,197,439,0,1777,152,27
0100118,30,30,9845,2786,112,214,0,2460,80,7
0100121,752,752,245614,97897,4811,2246,0,90840,2180,200
0100124,60,60,18270,3499,170,334,0,2995,107,7
0100127,59,59,18464,1607,42,43,0,1522,12,0
0100130,17,17,5194,968,26,96,0,846,19,0
0100133,173,173,57065,11495,650,515,0,10330,414,39
0100136,28,28,9174,2120,102,157,0,1861,58,13
0100139,32,32,10193,1882,49,104,0,1729,40,5
0100140,20,20,6000,719,37,117,0,565,23,2
0100142,136,136,43263,14161,871,688,0,12602,541,35
0100145,25,25,8236,2181,71,41,0,2069,42,1
0100148,20,20,6156,978,33,87,0,858,18,3
0100150,17,17,5339,874,27,75,0,772,23,3
0100151,770,770,267367,70559,4558,2958,0,63043,2515,198
0100154,62,62,18208,896,46,78,0,772,36,5
0100157,42,42,13394,3964,129,284,0,3551,98,10
0100160,36,36,11599,3038,121,194,0,2723,73,8
0100163,183,183,59367,22281,1133,923,0,20225,792,47
0100166,205,205,66476,17885,993,528,0,16364,464,44
0100168,39,39,12566,1487,57,134,0,1296,60,4
0100169,63,63,20261,5398,216,224,0,4958,211,9
0100170,23,23,7577,923,33,59,0,831,14,1
0100172,31,31,9787,1540,46,117,0,1377,29,2
0100175,28,28,8734,1410,47,143,0,1220,48,7
0100178,159,159,51760,15957,743,645,0,14569,546,30
0100181,21,21,6570,1337,48,152,0,1137,34,3
0100184,13,13,3583,190,1,67,0,122,8,0
0100187,51,51,16692,1501,71,296,0,1134,68,10
0100190,30,30,9079,1695,45,212,0,1438,27,5
0100191,68,68,22306,1322,54,283,0,985,78,8
0100192,121,121,40654,3856,162,885,0,2809,237,20
0100193,10,10,3024,568,16,41,0,511,2,0
0100196,57,57,18759,4827,237,336,0,4254,150,11
0100199,23,23,6907,1937,14,147,0,1776,10,4
0100202,23,23,7578,1513,30,181,0,1302,26,0
0100205,114,114,35634,3530,210,235,0,3085,139,8
0100206,47,47,15461,2056,137,244,0,1675,76,7
0100208,75,75,23623,1361,102,165,0,1094,55,5
0100211,67,67,21852,10695,363,329,0,10003,204,8
0100214,390,390,128988,53162,2758,1827,0,48577,1511,93
0100217,26,26,7957,1020,23,128,0,869,14,2
0100218,297,297,96878,38117,1712,982,0,35423,998,57
0100220,46,46,14478,2264,28,249,0,1987,39,2
0100223,22,22,5915,771,35,68,0,668,27,1
0100226,50,50,15668,3090,104,253,0,2733,79,7
0100227,21,21,6792,824,20,73,0,731,11,0
0100229,44,44,13800,3269,175,397,0,2697,78,17
0100230,10,10,3330,658,17,70,0,571,15,3
0100231,66,66,21449,1584,37,196,0,1351,83,4
0100232,40,40,12537,2531,87,131,0,2313,48,2
0100235,74,74,23828,5521,229,173,0,5119,256,27
0100237,94,94,30160,2131,80,289,0,1762,116,4
0100238,43,43,13883,2512,106,215,0,2191,76,11
0100241,51,51,16786,3969,153,437,0,3379,95,3
0100244,56,56,17491,4763,155,361,0,4247,146,10
0100247,73,73,22963,2421,132,84,0,2205,62,1
0100250,94,94,29556,6209,325,370,0,5514,233,17
0100253,33,33,9727,1547,57,46,0,1444,33,3
0100256,96,96,30949,11205,459,662,0,10084,293,24
0100259,101,101,33157,1806,129,210,0,1467,90,11
0100262,97,97,28173,7986,311,703,0,6972,256,22
0100265,45,45,13695,4181,143,361,0,3677,54,4
0100268,47,47,15347,3389,165,335,0,2889,101,7
0100270,81,81,25953,1269,67,265,0,937,57,8
0100271,19,19,6186,739,19,29,0,691,7,0
0100274,29,29,8829,1524,63,91,0,1370,27,3
0100277,15,15,4763,605,32,64,0,509,10,2
0100280,301,301,100009,10575,867,2316,0,7392,829,89
0100282,22,22,6847,1058,27,116,0,915,14,3
0100283,82,82,26331,4653,182,559,0,3912,150,8
0100286,39,39,12963,1257,71,281,0,905,45,4
0100289,19,19,5781,898,33,38,0,827,20,1
0100290,40,40,12450,1997,50,273,0,1674,30,7
0100291,26,25,6970,1161,47,399,0,715,20,4
0100292,37,37,11608,2303,83,201,0,2019,50,12
0100293,21,21,6520,871,22,118,0,731,15,5
0100295,115,115,35886,4201,141,146,0,3914,145,9
0100298,55,55,17481,2675,85,240,0,2350,89,8
0100300,52,52,16144,2160,180,236,0,1744,100,14
0100301,69,69,22036,1503,86,265,0,1152,93,10
0300001,3648,3647,1191452,222868,24851,26941,0,171076,12564,1838
0300004,165,165,53287,7259,701,1469,0,5089,547,82
0300007,74,74,23740,1527,104,239,0,1184,82,8
0300010,46,46,14846,1486,107,455,0,924,75,10
0300013,143,143,46123,6679,780,1582,0,4317,483,67
0300016,60,60,19563,2946,251,618,0,2077,175,23
0300019,80,80,26578,1635,106,335,0,1194,107,17
0300022,292,292,95348,12563,1769,2968,0,7826,870,151
0300025,52,52,17149,1137,51,225,0,861,111,8
0300028,73,73,23802,2790,289,804,0,1697,198,39
0300031,19,19,5949,873,47,313,0,513,34,11
0300034,46,46,15079,1566,156,431,0,979,114,23
0300035,63,63,21208,2101,239,457,0,1405,139,20
0300037,121,121,39265,7995,780,1223,0,5992,543,58
0300040,70,70,22515,1664,133,369,0,1162,128,25
0300043,81,81,26445,3414,415,779,0,2220,191,32
0300046,236,236,76785,12272,1431,2548,0,8293,708,128
0300047,41,41,13524,825,57,122,0,646,37,6
0300049,87,87,27778,3383,331,434,0,2618,465,30
0300052,1049,1049,340919,44809,5717,7525,0,31567,3213,532
0300055,36,36,11925,868,44,177,0,647,40,10
0300058,35,35,10767,809,98,134,0,577,68,4
0300061,28,28,9088,785,89,161,0,535,47,3
0500001,2641,2641,865352,130969,14631,19723,0,96615,8201,1124
0500004,63,63,18977,2581,56,507,0,2018,86,13
0500005,25,25,7059,346,20,58,0,268,17,5
0500006,27,27,8527,359,8,83,0,268,9,1
0500007,175,175,60230,5774,675,1329,0,3770,377,64
0500009,33,33,10528,476,18,61,0,397,20,5
0500010,41,41,13138,703,34,116,0,553,19,3
0500013,64,64,21137,1256,109,236,0,911,69,8
0500014,26,26,8337,805,74,190,0,541,45,6
0500015,36,36,11730,595,38,88,0,469,22,2
0500016,49,49,15570,1816,79,609,0,1128,73,13
0500018,41,41,13098,1132,86,320,0,726,66,8
0500022,197,197,62634,6151,516,725,0,4910,236,42
0500025,28,28,8386,955,28,300,0,627,39,5
0500026,39,39,12501,827,36,122,0,669,24,1
0500027,22,22,6872,402,13,37,0,352,9,0
0500028,322,322,106180,12500,1363,2519,0,8618,813,90
0500031,69,69,23021,2167,136,634,0,1397,131,35
0500037,35,35,10645,479,20,24,0,435,16,3
0500040,142,141,45577,3111,290,909,0,1912,235,25
0500041,38,38,10814,1025,31,237,0,757,41,10
0500043,130,130,40405,3280,257,631,0,2392,142,19
0500044,44,44,13126,877,62,137,0,678,33,2
0500050,20,20,5332,188,11,17,0,160,8,1
0500059,66,66,19357,998,36,170,0,792,28,7
0500063,20,20,5710,237,25,40,0,172,7,1
0500065,25,25,7079,493,34,37,0,422,27,3
0500070,49,49,16593,1020,85,192,0,743,63,12
0500072,25,25,8168,493,68,94,0,331,25,2
0500073,36,36,10290,389,22,60,0,307,10,0
0500076,72,72,22377,2213,224,291,0,1698,117,18
0500078,25,25,7533,657,17,124,0,516,33,6
0500079,105,105,33286,3250,273,543,0,2434,142,33
0500082,41,41,13104,784,39,153,0,592,36,10
0500084,68,68,21201,1582,99,326,0,1157,83,29
0500091,43,43,14322,902,74,249,0,579,45,6
0500094,53,53,17470,1300,117,333,0,850,90,23
0500095,89,89,27650,4298,271,694,0,3333,189,31
0500097,51,51,14135,1312,99,249,0,964,57,5
0500106,27,27,9016,692,72,175,0,445,43,8
0500110,35,35,10684,1018,49,167,0,802,45,4
0500113,52,52,15502,730,38,166,0,526,21,3
0500118,220,220,76485,11375,1568,2116,0,7691,822,91
0500121,53,53,17049,1608,162,424,0,1022,97,24
0500124,55,55,17795,1739,162,440,0,1137,108,29
0500127,32,32,10186,427,33,185,0,209,10,6
0700001,424,424,141698,47115,3695,1253,0,42167,4834,164
0700007,7,7,2014,270,14,14,0,242,16,0
0700008,47,47,13225,1871,131,178,0,1562,129,12
0700010,16,16,5254,742,51,25,0,666,51,2
0700013,22,22,7090,1873,133,111,0,1629,209,5
0700016,5,5,1509,299,11,33,0,255,14,1
0700019,7,7,1976,458,26,33,0,399,55,1
0700022,17,17,5047,1221,74,107,0,1040,104,3
0700025,14,14,4600,757,50,87,0,620,73,9
0700028,8,8,2497,539,20,41,0,478,28,0
0700031,17,17,5079,1064,50,115,0,899,52,6
0700034,4,4,1010,300,15,23,0,262,22,0
0700037,13,13,3292,581,32,18,0,531,53,1
0700040,9,9,2454,437,18,23,0,396,20,1
0700043,12,12,3685,699,39,22,0,638,77,3
0700046,12,12,3947,883,35,81,0,767,65,4
0700049,32,32,10139,2447,218,170,0,2059,370,12
0700052,13,13,3291,581,32,80,0,469,15,1
0700055,8,8,2424,761,46,46,0,669,53,3
0700058,12,12,3433,793,13,78,0,702,20,2
0700059,23,23,7044,608,61,120,0,427,44,4
0700060,11,11,3473,743,66,63,0,614,175,8
0700061,6,6,1904,486,23,40,0,423,46,2
0700064,10,10,3145,799,42,60,0,697,61,2
0700067,139,139,44576,11704,938,552,0,10214,1171,30
0700068,16,16,4800,844,87,124,0,633,85,5
0700070,0,0,0,0,0,0,0,0,0,0
0700073,24,24,6500,1123,44,129,0,950,26,9
0700076,19,19,5881,1242,35,79,0,1128,47,2
0700077,10,10,3338,817,53,62,0,702,105,0
0700078,7,7,1851,548,25,43,0,480,15,1
0700079,287,287,97678,29314,2333,911,0,26070,3497,82
0700082,12,12,3486,706,31,74,0,601,31,2
0700085,8,8,2289,701,16,44,0,641,8,1
0700088,20,20,6131,1345,113,124,0,1108,187,4
0700091,12,12,3561,1003,39,34,0,930,76,0
0700094,10,10,3056,557,57,48,0,452,36,1
0700097,14,14,4125,1063,40,95,0,928,64,4
0700100,41,41,12682,3207,225,185,0,2797,366,11
0700103,5,5,1616,473,27,44,0,402,11,4
0700106,29,29,9329,2279,170,143,0,1966,206,10
0700109,12,12,3949,961,43,59,0,859,68,4
0700112,12,12,3173,487,23,41,0,423,21,1
0700118,7,7,2320,626,32,37,0,557,33,3
0700121,20,20,6452,1309,77,125,0,1107,108,13
0700124,12,12,3436,785,19,125,0,641,14,3
0700127,10,10,3185,562,24,72,0,466,22,2
0700130,8,8,2517,427,21,37,0,369,34,3
0700136,9,9,2512,701,25,54,0,622,38,3
0700137,7,7,1631,279,13,16,0,250,14,1
0700139,42,42,13752,3559,272,163,0,3124,333,14
0700142,12,12,3677,826,56,83,0,687,81,4
0700148,20,20,6078,1311,50,131,0,1130,36,2
0700151,24,24,7765,1548,131,154,0,1263,120,3
0700154,13,13,4176,1186,67,68,0,1051,50,5
0700157,13,13,4026,900,87,60,0,753,78,4
0700160,61,61,19917,4761,374,261,0,4126,483,19
0700161,19,19,5886,1302,163,117,0,1022,150,3
0700163,26,26,7704,1461,99,183,0,1179,95,9
0700166,42,42,13741,3608,322,189,0,3097,446,8
0700169,15,15,4998,723,66,66,0,591,53,9
0700173,9,9,2888,795,61,51,0,683,91,2
0700176,28,28,7253,1568,59,130,0,1379,64,4
0700178,6,6,1979,467,27,35,0,405,23,5
0700179,9,9,2450,561,26,59,0,476,16,1
0700181,95,95,30521,8514,611,353,0,7550,1073,37
0700184,7,7,1779,334,18,35,0,281,12,0
0700187,5,5,1607,409,5,21,0,383,12,1
0700190,23,23,7067,1697,74,144,0,1479,89,5
0700193,7,7,1749,255,11,28,0,216,12,2
0700199,14,14,4127,654,51,27,0,576,71,2
0700202,21,21,6588,1402,84,117,0,1201,151,6
0700205,4,4,1261,254,10,43,0,201,11,1
0700214,125,125,39982,9531,991,988,0,7552,650,55
0700215,18,18,5141,1100,48,132,0,920,36,3
0700217,30,30,9526,2387,154,225,0,2008,169,18
0700220,18,18,5564,1241,120,100,0,1021,159,5
0700223,8,8,2314,476,20,40,0,416,19,3
0700226,36,36,10709,1453,110,95,0,1248,124,11
0700232,14,14,4348,1062,77,82,0,903,120,7
0700235,50,50,16357,3597,310,282,0,3005,497,9
0700237,5,5,1552,194,6,11,0,177,21,0
0700238,19,19,5642,1275,43,88,0,1144,71,2
0700241,16,16,4281,959,53,51,0,855,29,1
0700247,11,11,3606,1058,33,79,0,946,37,2
0700248,9,9,2910,771,58,35,0,678,55,1
0700249,20,20,6103,1519,60,131,0,1328,33,5
0700250,23,23,7368,1385,68,92,0,1225,64,4
0700251,12,12,3202,621,63,52,0,506,63,2
0700253,28,28,8921,2934,211,154,0,2569,276,25
0700256,10,10,3290,828,61,67,0,700,51,1
0700259,9,9,2543,705,12,61,0,632,36,2
0700262,4,4,1301,303,9,28,0,266,22,3
0700265,20,20,6371,1201,82,103,0,1016,135,5
0700268,24,24,7812,2277,114,92,0,2071,247,10
0700271,21,21,6004,1466,81,147,0,1238,64,2
0700274,23,23,6907,1831,125,127,0,1579,100,4
0700277,301,301,101449,29175,2319,1054,0,25802,3467,147
0700280,9,9,2898,542,21,40,0,481,52,8
0700281,10,10,3023,652,60,62,0,530,109,4
0700282,20,20,6447,1341,128,127,0,1086,143,5
0700283,20,20,6282,1193,81,57,0,1055,127,4
0700286,9,9,2565,367,13,7,0,347,31,1
0700289,19,19,6320,1622,104,88,0,1430,162,18
0700292,12,12,3946,1027,64,86,0,877,90,7
0700298,15,15,5005,632,45,28,0,559,51,0
0700301,11,11,3642,464,14,15,0,435,57,1
0700304,25,25,7677,1453,78,179,0,1196,121,4
0700307,31,31,10294,2653,211,158,0,2284,350,10
0700310,10,10,3128,771,47,38,0,686,70,11
0700311,12,12,3682,810,25,118,0,667,45,1
0700313,25,25,8116,1493,139,134,0,1220,164,4
0700316,14,14,4538,778,28,69,0,681,43,0
0700319,12,12,3513,910,44,48,0,818,68,1
0700322,15,15,4546,821,48,155,0,618,76,6
0700324,5,5,1596,310,22,48,0,240,11,0
0700325,18,18,5784,1225,90,113,0,1022,189,2
0700328,27,27,8597,2069,173,142,0,1754,269,2
0700331,7,7,2099,295,11,10,0,274,21,2
0700334,18,18,5889,1141,57,111,0,973,124,8
0700337,37,37,12079,1615,100,75,0,1440,189,3
0700340,8,8,2553,525,40,51,0,434,40,2
0700346,14,14,4666,877,43,75,0,759,80,6
0900001,1065,1065,348772,102350,8221,4808,0,89321,8324,458
0900004,63,63,19292,2851,137,278,0,2436,136,13
0900007,96,96,29710,5501,350,613,0,4538,292,29
0900013,40,40,11416,2053,96,226,0,1731,131,4
0900022,33,33,10510,1749,57,120,0,1572,43,6
0900034,148,148,47735,7849,634,579,0,6636,598,54
0900037,31,31,9402,1505,74,200,0,1231,77,13
0900049,183,183,58225,8488,1027,761,0,6700,547,55
0900052,20,20,5728,659,17,37,0,605,27,0
0900055,51,51,15777,2216,78,169,0,1969,136,8
0900058,25,25,7793,581,35,73,0,473,37,3
0900061,39,39,12546,3076,114,318,0,2644,128,10
0900067,9,9,2421,493,23,123,0,347,34,1
0900076,65,65,20188,3378,195,333,0,2850,233,15
0900078,22,22,6868,667,46,70,0,551,60,6
0900079,42,42,12207,1919,84,219,0,1616,96,20
0900082,48,48,15170,1811,117,171,0,1523,108,11
0900085,55,55,16830,3714,122,401,0,3191,138,9
0900103,130,130,41515,6731,484,621,0,5626,423,30
0900106,34,34,10724,1290,89,116,0,1085,54,4
0900109,49,49,15051,1918,82,78,0,1758,89,4
0900115,54,54,16905,2281,107,253,0,1921,96,12
0900120,17,17,5070,659,28,50,0,581,28,4
0900124,78,78,24116,4421,491,536,0,3394,282,31
0900127,28,28,8601,1214,76,98,0,1040,63,5
0900130,154,154,48037,10286,845,599,0,8842,1008,54
0900133,47,47,13494,1967,108,143,0,1716,86,20
1100001,801,801,267293,55089,6044,4121,0,44924,4698,284
1100004,45,45,13202,298,21,113,0,164,25,6
1100005,74,74,22750,851,76,319,0,456,53,8
1100006,55,55,17546,1313,116,467,0,730,65,7
1100007,122,122,30906,1375,182,347,0,846,61,6
1100010,61,61,18843,2863,461,764,0,1638,85,31
1100013,85,85,27053,1419,127,189,0,1103,63,2
1100016,79,79,26450,1202,144,314,0,744,89,7
1100019,70,70,21523,1931,318,268,0,1345,104,12
1100022,61,61,19528,1261,124,267,0,870,98,10
1100025,137,124,38686,3332,340,911,0,2081,242,31
1100027,17,17,5128,509,26,120,0,363,31,0
1100028,74,73,19719,1037,124,322,0,591,77,5
1100029,48,48,14880,1482,333,345,0,804,59,14
1100031,65,65,19578,1064,109,213,0,742,80,2
1100034,34,34,10414,170,25,81,0,64,9,4
1100037,31,31,9438,775,91,180,0,504,40,4
1100040,54,54,15469,794,55,177,0,562,34,1
1100043,62,59,14067,1330,47,259,0,1024,33,4
1100046,49,49,14375,1112,89,297,0,726,36,7
1100049,72,72,22350,2353,346,307,0,1700,131,11
1100052,77,77,23293,2252,200,463,0,1589,150,14
1100053,25,25,7431,1011,195,215,0,601,49,9
1100055,81,81,23079,721,75,117,0,529,48,1
1100058,93,93,27951,3110,380,833,0,1897,219,19
1100060,26,26,6824,425,27,85,0,313,28,5
1100061,105,105,32510,3766,365,637,0,2764,447,24
1100064,104,104,35735,3445,613,408,0,2424,110,31
1100067,32,32,10146,707,59,157,0,491,44,1
1100070,30,30,8963,964,96,151,0,717,51,8
1100073,24,24,7348,285,11,92,0,182,9,3
1100076,247,247,86978,9269,1397,1183,0,6689,610,69
1100079,19,19,4311,346,17,69,0,260,20,0
1100082,81,81,24867,1787,171,361,0,1255,131,14
1100085,29,29,7852,878,88,198,0,592,50,6
1100086,23,23,6195,168,10,52,0,106,11,0
1100087,62,62,19307,2161,355,523,0,1283,117,17
1100088,93,93,28887,4091,486,619,0,2986,262,16
1100091,61,54,16363,471,45,105,0,321,27,4
1100094,68,68,21556,695,91,254,0,350,44,9
1100097,44,44,13520,516,63,96,0,357,30,2
1100098,49,49,15894,910,206,199,0,505,41,7
1200001,1047,1046,349551,68841,6403,7051,0,55387,4294,591
1200075,245,245,78338,13784,1377,1564,0,10843,668,113
1200150,157,157,54423,9088,762,1436,0,6890,577,70
1200170,53,53,17189,2002,85,409,0,1508,72,44
1200180,62,62,19915,2134,191,462,0,1481,277,65
1200200,104,104,33947,2680,285,415,0,1980,125,19
1200225,100,100,31596,2866,238,506,0,2122,174,21
1200300,86,86,26644,2947,201,451,0,2295,167,305
1200375,77,77,25314,3482,275,514,0,2693,170,27
1200410,82,82,26359,2204,247,398,0,1559,86,16
1200415,86,86,29352,2820,307,523,0,1990,180,39
1200450,38,38,11458,1190,80,148,0,962,47,1
1200525,19,19,4922,601,46,80,0,475,37,1
1200600,39,39,11902,1309,91,265,0,953,77,4
1200608,101,101,32951,3645,495,703,0,2447,289,48
1200625,31,31,9357,1505,138,188,0,1179,102,11
1200650,52,52,16794,2292,164,414,0,1714,88,15
1200700,53,53,17469,1702,130,207,0,1365,84,15
1200720,73,73,23782,1732,192,371,0,1169,63,14
1200750,56,56,16963,2517,183,341,0,1993,93,10
1200800,65,65,20487,3127,279,360,0,2488,355,12
1200825,74,74,23907,3597,267,640,0,2690,179,38
1200850,55,55,17333,2643,198,354,0,2091,116,40
1200875,63,63,19805,3145,305,294,0,2546,151,14
1200900,38,38,11595,1172,85,217,0,870,49,8
1300001,1138,1135,376892,77961,8145,11828,0,57988,5885,596
1300004,117,117,36987,2356,150,421,0,1785,170,11
1300007,64,64,19576,1195,79,238,0,878,67,25
1300009,58,58,18357,918,57,128,0,733,56,4
1300010,238,238,79395,12885,1511,2401,0,8973,997,135
1300013,152,152,49141,3981,422,774,0,2785,213,17
1300014,52,52,16845,1714,88,332,0,1294,135,13
1300016,43,43,13686,967,63,133,0,771,44,10
1300019,137,137,40765,5082,431,703,0,3948,259,34
1300020,41,41,13126,849,64,252,0,533,66,6
1300022,287,287,94814,9158,707,1339,0,7112,550,59
1300023,56,56,16858,1121,54,181,0,886,73,7
1300024,46,46,15124,1370,67,197,0,1106,46,5
1300025,187,187,63800,5426,615,1125,0,3686,450,64
1300027,69,69,22402,1659,90,348,0,1221,129,16
1300028,162,162,57839,4972,472,755,0,3745,270,35
1300031,90,90,28189,1896,142,275,0,1479,83,14
1300032,102,102,32875,2383,210,609,0,1564,192,25
1300033,65,65,20510,1526,83,281,0,1162,105,12
1300034,47,47,14875,1535,101,331,0,1103,95,7
1300037,271,271,86638,9017,813,1363,0,6841,539,67
1300040,99,99,32798,2042,148,388,0,1506,137,4
1300043,78,78,25053,2541,158,630,0,1753,143,25
1300046,92,92,29363,1951,208,472,0,1271,142,15
1300049,69,69,22129,2113,117,436,0,1560,169,21
1300052,31,31,8745,654,67,193,0,394,64,9
1300055,116,116,39286,4759,395,878,0,3486,450,43
1300058,231,229,73305,6161,445,1484,0,4232,634,47
1300060,89,89,28285,1957,132,494,0,1331,112,16
1300061,93,93,29327,2327,135,445,0,1747,254,38
1500004,30,30,10001,1647,108,87,0,1452,180,5
1500007,17,17,5545,1209,88,52,0,1069,115,4
1500010,41,41,13487,3460,197,217,0,3046,216,21
1500013,38,38,12351,2773,158,143,0,2472,222,6
1500016,31,31,9943,2684,172,176,0,2336,289,21
1500019,7,7,2278,456,40,53,0,363,21,2
1500022,0,0,0,0,0,0,0,0,0,0
1500025,23,23,7519,2134,253,126,0,1755,257,9
1500029,12,12,3687,263,19,16,0,228,47,0
1500030,31,31,9965,1957,101,67,0,1789,159,7
1500031,201,201,65041,25415,1687,446,0,23282,2521,68
1500034,37,37,10960,1854,91,161,0,1602,90,2
1500037,48,48,15096,3399,260,176,0,2963,314,14
1500040,21,21,6504,1229,102,65,0,1062,123,3
1500043,52,52,16878,4686,441,203,0,4042,669,18
1500046,96,96,31160,9026,465,151,0,8410,668,18
1500049,17,17,5394,1322,87,70,0,1165,97,3
1500052,13,13,4094,1013,55,79,0,879,65,2
1500055,360,360,120600,48750,3210,1118,0,44422,4350,108
1500058,26,26,8624,1985,173,153,0,1659,171,6
1500061,38,38,12241,3030,153,90,0,2787,163,5
1500064,53,53,17107,4276,346,260,0,3670,488,46
1500067,73,73,23977,4584,308,303,0,3973,456,24
1500070,15,15,4653,809,26,84,0,699,41,2
1500072,61,61,20092,6404,891,407,0,5106,867,31
1500076,325,325,104175,27814,3115,982,0,23717,3226,115
1500079,32,32,10062,2777,161,169,0,2447,182,10
1500085,18,18,5689,1038,52,74,0,912,44,10
1500088,250,250,80065,22249,2114,786,0,19349,2624,84
1500091,13,13,4312,1146,91,82,0,973,151,4
1500094,372,372,122077,34404,3203,1546,0,29655,3283,102
1500097,19,19,5309,963,29,25,0,909,92,11
1500100,38,38,12669,2940,378,147,0,2415,421,15
1500103,29,29,9050,2213,129,154,0,1930,210,14
1500106,10,10,3192,784,40,55,0,689,80,4
1500109,267,267,87859,22806,2367,1155,0,19284,2146,91
1500112,30,30,9599,1992,156,138,0,1698,253,10
1500115,77,77,22959,4968,417,410,0,4141,341,11
1500118,38,38,12364,3371,270,161,0,2940,421,19
1500121,9,9,2802,334,27,35,0,272,21,0
1500124,17,17,5645,1377,67,50,0,1260,153,2
1500127,16,16,4604,1256,66,80,0,1110,127,6
1500128,15,15,4776,1153,79,97,0,977,36,4
1500130,9,9,2930,774,36,83,0,655,54,5
1500132,21,21,6720,1198,125,83,0,990,103,5
1500133,9,9,2873,449,23,27,0,399,34,5
1500136,18,18,5499,1171,91,105,0,975,93,4
1500139,80,80,25398,7874,489,260,0,7125,707,23
1500142,87,87,27969,6395,484,301,0,5610,593,14
1500145,28,28,8561,1217,73,122,0,1022,83,4
1500148,20,20,6159,1452,47,175,0,1230,47,5
1500151,44,44,14488,3479,203,131,0,3145,232,4
1500154,24,24,7635,2830,139,162,0,2529,182,12
1500157,20,20,6670,1945,88,119,0,1738,115,1
1500160,273,273,88351,25795,2898,1079,0,21818,3294,129
1500163,13,13,4101,1195,48,89,0,1058,53,3
1500166,26,26,7047,1381,52,80,0,1249,24,4
1500169,292,292,95183,24883,1948,648,0,22287,2530,92
1500172,9,9,2949,531,48,49,0,434,37,4
1500175,35,35,11406,3106,349,200,0,2557,332,26
1500178,20,20,6502,1367,109,134,0,1124,96,6
1500181,12,12,3485,929,42,73,0,814,44,5
1500184,17,17,5445,1316,93,120,0,1103,74,2
1500190,75,75,23708,6735,385,387,0,5963,457,27
1500193,16,16,5243,921,21,69,0,831,49,4
1500196,14,14,4431,777,70,81,0,626,68,2
1500198,26,26,7847,1462,94,134,0,1234,51,5
1500199,26,26,8587,1243,94,103,0,1046,137,4
1500202,42,42,13515,1930,210,201,0,1519,125,4
1500205,12,12,2914,522,21,50,0,451,34,1
1500208,14,14,4380,1300,71,113,0,1116,58,2
1500211,18,18,5916,1372,115,100,0,1157,78,3
1500214,21,21,6286,1411,42,108,0,1261,66,4
1500217,23,23,7408,1056,63,41,0,952,54,7
1500218,40,40,12965,2716,215,192,0,2309,232,8
1500220,28,28,9510,2257,141,143,0,1973,213,8
1500223,25,25,8031,1430,93,116,0,1221,139,4
1500226,17,17,4594,997,25,70,0,902,55,6
1500229,32,32,9772,2875,181,169,0,2525,233,6
1500232,30,30,9293,1756,107,116,0,1533,89,3
1500235,30,30,9608,2296,131,149,0,2016,155,10
1500238,30,30,9646,1726,134,43,0,1549,200,8
1500239,89,89,28234,6211,557,254,0,5400,702,25
1500241,62,62,20336,3775,242,193,0,3340,254,15
1500244,33,33,10353,3346,375,307,0,2664,334,9
1500247,1036,1036,339995,71214,7324,2784,0,61106,8853,329
1500250,65,65,20770,5186,354,144,0,4688,542,13
1500256,41,41,13231,4607,379,196,0,4032,367,17
1500259,38,38,11887,3339,435,279,0,2625,527,21
1500262,15,15,4753,1279,85,69,0,1125,88,3
1500265,17,17,5677,1472,85,133,0,1254,185,4
1500268,14,14,4336,1149,80,91,0,978,97,3
1500271,58,58,18715,5845,536,258,0,5051,811,22
1500274,21,21,6385,1533,120,102,0,1311,173,10
1500277,24,24,7957,1572,85,91,0,1396,130,3
1500280,58,58,19154,5148,340,107,0,4701,617,24
1500283,15,15,4558,1061,57,92,0,912,78,5
1500286,10,10,3069,603,36,76,0,491,51,7
1500289,41,41,13307,2241,135,150,0,1956,189,12
1500292,126,126,40247,12436,1433,557,0,10446,1541,57
1500295,14,14,4509,774,26,82,0,666,61,6
1500298,35,35,8911,2187,110,249,0,1828,153,6
1500301,20,20,6364,1247,93,52,0,1102,89,4
1500304,119,119,37178,11475,982,527,0,9966,1438,55
1500307,23,23,6917,1591,132,94,0,1365,133,4
1500316,16,16,5095,1451,88,152,0,1211,53,5
1500318,14,14,3876,749,51,82,0,616,64,2
1500319,24,24,7381,1776,69,162,0,1545,95,6
1500322,14,14,4430,1054,63,50,0,941,60,1
1500323,8,8,2230,449,27,35,0,387,22,0
1500325,45,45,14656,4271,208,195,0,3868,350,8
1500328,81,81,25365,5469,360,259,0,4850,271,17
1500331,39,39,12162,1945,120,143,0,1682,141,5
1500334,39,39,11173,1686,76,119,0,1491,52,2
1500337,13,13,4387,1147,93,57,0,997,104,6
1500340,336,336,110079,30953,3088,963,0,26902,3807,100
1600001,18157,18151,6101479,1804505,111557,37943,0,1655005,188201,6764
1700001,283,282,90105,15969,2277,2304,0,11388,1044,159
1700002,28,28,8547,1301,130,278,0,893,70,42
1700004,37,37,10992,1044,63,284,0,697,71,12
1700006,54,49,12065,511,24,120,0,367,21,1
1700007,31,31,8536,2062,30,912,0,1120,17,1
1700008,30,30,9025,464,60,68,0,336,28,10
1700010,45,34,12582,471,24,91,0,356,40,13
1700011,36,26,8904,586,34,107,0,445,10,1
1700012,26,24,7586,719,80,119,0,520,31,2
1700013,42,42,11446,913,132,203,0,578,66,12
1700014,18,18,5148,749,89,158,0,502,58,7
1700015,38,38,10346,1895,111,781,0,1003,111,16
1700016,24,24,7297,987,42,154,0,791,35,6
1700017,19,19,5990,552,36,109,0,407,38,4
1700019,84,84,24507,3204,354,800,0,2050,274,38
1700022,14,14,3918,98,11,19,0,68,12,1
1700025,32,32,9275,988,119,236,0,633,64,57
1700026,37,35,9759,1075,25,245,0,805,23,6
1700027,30,29,8044,1463,137,876,0,450,59,11
1700028,26,26,6059,723,65,307,0,351,24,14
1700031,24,24,7190,261,35,68,0,158,13,0
1700032,20,20,4751,257,21,72,0,164,11,1
1700034,53,49,14381,1053,67,387,0,599,53,29
1700035,25,25,7611,863,48,140,0,675,74,7
1700037,22,22,4409,175,20,27,0,128,6,0
1700038,43,42,9216,486,195,198,0,93,19,5
1700040,12,12,3162,660,49,303,0,308,28,8
1700043,51,51,14720,1172,161,304,0,707,81,9
1700048,34,34,10345,434,27,80,0,327,32,2
1700060,22,22,6087,508,66,93,0,349,48,7
1700082,40,40,11740,1068,66,399,0,603,79,6
1900001,889,889,297137,73221,7421,4355,0,61445,5504,304
1900004,71,71,23574,4410,206,397,0,3807,119,15
1900007,26,26,8254,1137,107,130,0,900,44,6
1900010,52,52,16542,2573,241,203,0,2129,168,4
1900013,58,58,18610,1931,135,288,0,1508,102,9
1900016,11,11,3618,385,29,28,0,328,16,0
1900019,22,22,6535,1272,76,196,0,1000,62,1
1900022,83,83,26480,3262,349,240,0,2673,220,7
1900025,28,28,8901,1883,175,192,0,1516,94,5
1900028,23,23,7011,1196,51,121,0,1024,31,3
1900031,13,13,3966,705,55,75,0,575,32,2
1900034,180,180,61202,13364,1123,1144,0,11097,867,58
1900037,65,65,20915,3509,306,334,0,2869,209,8
1900040,46,46,14881,2409,154,269,0,1986,120,9
1900043,21,21,6445,1014,108,133,0,773,71,6
1900044,70,70,22687,2585,203,316,0,2066,87,8
1900046,26,26,8016,1155,59,120,0,976,54,3
1900047,40,40,13144,1755,128,207,0,1420,75,2
1900049,136,136,47012,7159,681,733,0,5745,398,32
1900050,17,17,5486,884,46,117,0,721,54,8
1900051,29,29,9185,1611,68,181,0,1362,55,5
1900052,18,18,5583,1600,94,144,0,1362,64,6
1900055,68,68,22614,3781,407,343,0,3031,190,13
1900056,32,32,10299,1409,87,193,0,1129,55,8
1900058,33,33,10687,1779,136,240,0,1403,82,5
1900061,332,332,113482,19404,1733,1821,0,15850,1142,77
1900064,63,63,20202,4672,470,520,0,3682,237,19
1900067,34,34,10871,2264,93,317,0,1854,69,7
1900070,87,87,27574,3935,235,564,0,3136,200,11
1900074,28,28,8991,1477,68,95,0,1314,52,3
1900076,50,50,16518,1488,83,120,0,1285,47,3
1900079,42,42,13386,2080,115,170,0,1795,57,12
1900082,35,35,11319,1639,145,216,0,1278,62,12
1900085,22,22,6931,1832,96,170,0,1566,57,4
1900088,54,54,17520,2528,182,181,0,2165,111,8
1900091,22,22,6980,1174,105,157,0,912,86,4
1900094,23,23,7182,1505,160,131,0,1214,74,8
2100001,1233,1233,409754,82901,10285,7192,0,65424,5755,724
2100008,36,36,11238,976,94,322,0,560,54,6
2100010,95,95,30800,3637,382,940,0,2315,202,42
2100012,77,77,25008,1710,123,168,0,1419,60,16
2100013,30,30,9224,584,40,123,0,421,19,0
2100015,49,49,15899,1023,37,179,0,807,32,11
2100016,283,283,94906,16046,2497,2774,0,10775,1160,187
2100020,38,38,12353,925,37,127,0,761,55,11
2100025,162,162,52945,4893,360,754,0,3779,326,40
2100028,46,46,14304,1082,59,216,0,807,49,9
2100030,51,51,16780,953,117,277,0,559,60,13
2100031,176,176,60685,8007,964,1765,0,5278,352,47
2100040,82,82,25242,1952,89,279,0,1584,152,62
2100042,54,54,17402,1112,68,182,0,862,50,12
2100046,32,32,10946,1249,43,172,0,1034,37,10
2100048,36,36,10074,909,49,108,0,752,42,4
2100049,96,96,31480,3403,280,594,0,2529,127,19
2100052,132,132,44536,4738,548,832,0,3358,285,44
2100055,69,69,22924,2398,298,719,0,1381,174,29
2100058,26,26,7788,737,65,201,0,471,46,11
2100060,43,43,12694,1031,35,174,0,822,45,13
2100067,26,26,8514,933,47,268,0,618,48,9
2100070,60,60,18435,1571,76,274,0,1221,80,12
2100073,32,32,9660,852,42,145,0,665,30,4
2100076,57,57,18084,1662,100,246,0,1316,63,12
2100078,30,30,9296,661,24,138,0,499,23,1
2100079,66,66,21755,3205,316,752,0,2137,200,42
2100085,40,40,12158,871,46,173,0,652,35,8
2100090,30,30,9187,705,35,96,0,574,31,7
2100095,153,153,51678,4374,609,1201,0,2564,224,61
2300001,943,943,315816,55357,6526,3863,0,44968,4191,338
2300004,26,26,7545,1471,84,197,0,1190,60,3
2300007,21,21,6357,713,53,124,0,536,53,10
2300010,26,26,7236,611,40,105,0,466,38,3
2300013,20,20,6166,640,21,73,0,546,20,0
2300016,94,88,24403,1526,117,185,0,1224,130,12
2300017,18,18,5511,622,29,89,0,504,49,1
2300019,63,63,19140,2369,154,416,0,1799,163,10
2300022,25,25,7233,738,58,134,0,546,39,7
2300025,35,35,9146,1194,88,183,0,923,58,8
2300028,22,22,6473,657,48,85,0,524,51,4
2300031,36,36,11528,802,54,178,0,570,44,2
2300034,26,26,8245,548,43,96,0,409,24,2
2300037,83,83,26841,1906,127,289,0,1490,92,6
2300038,37,37,11544,1217,108,213,0,896,77,8
2300039,27,27,7594,515,136,230,0,149,12,4
2300040,26,26,7262,758,30,84,0,644,169,2
2300041,62,62,18282,971,120,459,0,392,77,14
2300043,36,36,12393,1320,72,258,0,990,45,6
2300044,21,21,6072,392,21,85,0,286,24,1
2300046,39,39,12102,1836,140,343,0,1353,116,10
2300047,26,26,7037,119,11,46,0,62,8,0
2300049,21,21,6062,633,37,78,0,518,15,2
2300052,47,47,14949,1003,52,119,0,832,52,9
2300055,37,37,11274,1717,215,371,0,1131,100,15
2300058,17,17,5525,604,46,132,0,426,31,4
2300061,25,25,7655,671,43,161,0,467,48,3
2300064,26,26,6858,557,38,52,0,467,37,4
2300067,307,307,106717,13365,1253,1367,0,10745,1143,84
2300073,48,48,14221,1560,105,295,0,1160,96,12
2300076,32,32,9588,1185,100,246,0,839,83,2
2300077,14,14,4138,361,34,81,0,246,14,2
2300078,20,20,5898,240,9,51,0,180,7,2
2300079,82,82,24337,3307,269,478,0,2560,168,75
2300080,31,31,9001,500,44,86,0,370,26,3
2300082,30,30,8624,723,53,181,0,489,45,8
2300085,27,27,8149,750,89,199,0,462,40,5
2300088,32,32,7496,248,25,75,0,148,12,2
2300091,23,23,6638,381,47,67,0,267,25,2
2300094,27,27,7294,93,13,25,0,55,4,0
2300095,55,55,16628,435,46,91,0,298,47,14
2300096,17,17,5198,1226,162,266,0,798,99,6
2300097,20,20,6102,760,65,151,0,544,35,2
2300098,41,41,12950,543,74,119,0,350,32,5
2300100,37,37,10164,1021,72,138,0,811,50,3
2300101,16,16,5204,245,57,50,0,138,16,0
2300103,25,25,7874,830,72,115,0,643,43,3
2300106,47,47,15725,2165,177,291,0,1697,151,22
2300109,65,63,18993,613,55,117,0,441,31,3
2300112,39,36,10193,217,20,71,0,126,9,1
2300115,84,84,23148,971,107,197,0,667,53,4
2300118,55,55,17496,2368,202,492,0,1674,173,13
2300120,21,21,6923,1367,68,236,0,1063,53,7
2300121,42,42,13741,1630,167,329,0,1134,113,4
2300123,20,20,5910,975,41,159,0,775,42,4
2300124,42,42,12045,885,85,236,0,564,56,6
2300125,30,30,8104,581,189,150,0,242,25,1
2300127,28,27,8155,448,28,70,0,350,16,2
2300130,19,19,5983,718,40,126,0,552,65,2
2300133,45,45,14142,1072,107,259,0,706,80,4
2300136,37,37,10365,911,66,149,0,696,54,5
2300139,525,501,144630,15259,1526,4922,0,8811,1071,161
2300142,120,120,36557,2913,423,506,0,1984,197,13
2300145,30,30,9177,785,72,95,0,618,64,3
2400001,1378,1378,461611,107136,9190,6323,0,91623,6433,3803
2400008,35,35,10855,1579,88,135,0,1356,72,16
2400013,20,20,5934,511,29,39,0,443,20,10
2400021,72,72,22859,3029,201,362,0,2466,180,21
2400025,547,547,177873,34959,3505,2434,0,29020,2508,869
2400029,34,34,11015,1835,88,162,0,1585,95,18
2400038,22,22,6903,514,19,18,0,477,19,8
2400046,98,98,34276,3128,256,212,0,2660,166,48
2400054,51,51,15820,2045,135,198,0,1712,122,113
2400062,41,41,12825,793,56,88,0,649,35,11
2400070,38,38,12219,796,44,142,0,610,33,22
2400078,68,68,21760,1283,64,95,0,1124,70,21
2400086,199,199,68634,12349,994,754,0,10601,784,157
2400094,39,39,12111,1273,56,142,0,1075,71,12
2500001,1995,1995,659655,161441,13350,13215,0,134876,7396,673
2500004,89,89,25676,4298,209,869,0,3220,131,22
2500007,26,26,7817,1014,73,123,0,818,42,3
2500010,29,29,8756,2116,136,201,0,1779,77,14
2500013,15,15,4503,768,32,75,0,661,12,2
2500016,9,9,2702,583,29,54,0,500,22,4
2500019,27,27,7695,2268,55,282,0,1931,44,1
2500022,57,57,17059,1758,110,281,0,1367,67,11
2500025,23,23,7130,1138,32,110,0,996,39,6
2500028,50,50,16061,3754,360,289,0,3105,209,7
2500031,32,32,9297,1503,72,152,0,1279,64,4
2500034,23,23,7055,1180,41,72,0,1067,38,5
2500036,54,54,16554,1106,104,378,0,624,66,10
2500037,46,46,11659,1451,68,269,0,1114,60,5
2500038,79,79,25465,5014,344,641,0,4029,228,21
2500040,19,19,5854,2041,81,112,0,1848,27,2
2500043,27,27,8355,647,52,232,0,363,24,6
2500046,17,17,5174,549,11,48,0,490,28,20
2500049,19,19,5671,718,35,75,0,608,22,2
2500051,35,35,10494,1627,99,301,0,1227,79,9
2500052,23,23,7257,718,47,133,0,538,41,4
2500054,259,259,83885,20259,1770,1576,0,16913,1006,80
2500055,12,12,3761,1462,51,302,0,1109,32,5
2500058,11,11,3404,733,51,115,0,567,33,6
2500061,285,285,91011,21726,1712,1890,0,18124,1025,102
2500064,155,155,49561,12649,1007,794,0,10848,925,87
2500067,14,14,4496,1566,93,190,0,1283,64,2
2500069,64,64,20694,623,30,70,0,523,21,5
2500070,32,32,10138,1411,64,201,0,1146,70,8
2500073,34,34,10240,1898,116,202,0,1580,66,5
2500076,33,33,8775,747,113,288,0,346,48,1
2500079,32,32,10248,1640,117,185,0,1338,67,8
2500082,17,17,5330,816,28,57,0,731,15,4
2500085,75,75,20950,4581,273,803,0,3505,130,21
2500088,16,16,4799,1014,25,104,0,885,17,3
2500091,40,40,12267,756,44,309,0,403,47,9
2500093,144,144,46331,5724,483,1325,0,3916,431,73
2500094,45,45,13432,2976,131,311,0,2534,119,6
2500097,14,14,4160,637,27,57,0,553,10,1
2500100,336,336,109337,19282,1266,1776,0,16240,850,97
2600001,845,845,281077,70026,6348,3557,0,60121,4253,268
2600005,9,9,2753,562,35,46,0,481,25,2
2600010,191,191,62979,12291,1113,798,0,10380,888,51
2600020,79,79,24524,5521,457,490,0,4574,330,18
2600025,17,17,5632,857,53,110,0,694,42,1
2600030,35,35,11022,1826,164,129,0,1533,110,10
2600040,24,24,7471,1715,97,228,0,1390,63,12
2600050,94,94,30764,4879,514,508,0,3857,351,32
2600060,110,110,35335,5845,663,608,0,4574,382,43
2600070,19,19,5835,977,58,69,0,850,44,0
2600080,91,91,31021,4218,303,272,0,3643,266,18
2600090,21,21,6130,1438,95,130,0,1213,74,7
2700001,1621,1621,527461,148359,13009,5501,0,129849,7596,515
2700004,5,5,1566,337,11,40,0,286,11,1
2700007,15,15,3681,709,21,43,0,645,18,2
2700010,22,22,7239,1568,95,158,0,1315,55,5
2700013,86,86,27490,5859,484,380,0,4995,392,23
2700016,24,24,7874,1643,83,103,0,1457,83,1
2700019,595,595,191130,36829,5418,3135,0,28276,2652,196
2700022,16,16,4582,764,53,83,0,628,39,4
2700025,35,35,8283,1312,78,159,0,1075,62,2
2700028,6,6,1842,468,15,42,0,411,9,0
2700031,6,6,1861,428,14,24,0,390,11,0
2700034,16,16,5146,1375,45,96,0,1234,59,2
2700037,16,16,3803,844,44,109,0,691,27,5
2700040,11,11,2187,528,22,40,0,466,10,3
2700043,20,20,5656,1145,54,105,0,986,57,3
2700045,98,98,30233,4016,378,425,0,3213,215,14
2700046,20,20,5328,1225,70,88,0,1067,32,2
2700049,10,10,2908,876,38,53,0,785,17,30
2700052,10,10,3111,729,68,86,0,575,49,3
2700055,14,14,4432,865,43,125,0,697,28,5
2700058,36,36,10646,2850,276,242,0,2332,163,6
2700061,34,34,10415,2300,148,213,0,1939,150,11
2700064,13,13,3523,1114,78,101,0,935,40,2
2700067,9,9,2633,510,15,42,0,453,6,7
2700070,14,14,4459,434,30,52,0,352,27,0
2700071,44,44,12571,2544,139,218,0,2187,46,9
2700073,6,6,1702,315,17,27,0,271,9,1
2700074,46,46,13378,2571,189,296,0,2086,100,13
2700075,17,17,4066,519,20,90,0,409,27,2
2700076,8,8,2267,410,13,37,0,360,12,0
2700079,16,16,3574,949,30,63,0,856,12,2
2700080,22,22,6222,615,25,73,0,517,37,2
2700082,682,682,220850,66015,5755,2864,0,57396,3712,261
2700085,14,14,2727,680,27,35,0,618,12,1
2700088,13,13,3574,630,36,98,0,496,28,5
2700091,416,416,132989,30270,2878,1720,0,25672,1990,141
2700094,23,23,5763,1224,55,92,0,1077,33,4
2700097,16,16,4475,1297,36,89,0,1172,41,2
2700100,7,7,2074,437,10,22,0,405,10,1
2700103,15,15,4699,747,54,97,0,596,40,4
2700106,14,14,4554,556,55,64,0,437,48,1
2700109,8,8,2202,390,28,56,0,306,15,0
2700112,12,12,3528,531,42,44,0,445,46,2
2700115,6,6,1421,452,6,29,0,417,7,0
2700118,14,14,4206,560,23,65,0,472,23,0
2700119,19,19,5973,1408,36,130,0,1242,52,2
2700120,36,36,10484,1323,69,87,0,1167,46,2
2700121,117,117,37185,8329,593,536,0,7200,324,31
2700124,34,34,10604,2446,180,195,0,2071,202,7
2700127,8,8,2397,580,13,60,0,507,14,1
2700130,56,56,16811,3665,191,178,0,3296,174,9
2700133,18,18,5424,1238,49,75,0,1114,27,3
2700136,29,29,8356,1808,149,183,0,1476,81,9
2700139,17,17,3987,890,37,68,0,785,19,7
2700142,13,13,4146,909,32,92,0,785,37,3
2700145,33,33,10114,2465,151,175,0,2139,129,6
2700148,14,14,3669,724,20,98,0,606,21,3
2700151,6,6,1618,319,13,25,0,281,12,1
2700154,8,8,2669,693,24,39,0,630,28,2
2700157,13,13,4027,1140,57,80,0,1003,33,5
2700160,414,414,131233,34454,3440,1939,0,29075,2097,151
2700163,12,12,3899,876,36,26,0,814,45,0
2700166,46,46,13402,2252,117,88,0,2047,133,5
2700167,22,22,6692,496,31,45,0,420,18,2
2700169,85,85,26678,2289,218,301,0,1770,134,13
2700172,86,86,25122,4645,309,453,0,3883,184,19
2700174,78,78,25382,3800,338,408,0,3054,212,30
2700175,27,27,6851,1495,69,145,0,1281,65,27
2700178,10,10,3012,464,23,61,0,380,52,1
2700181,153,153,46971,12779,1064,550,0,11165,840,35
2700184,7,7,2306,335,21,30,0,284,14,0
2700187,17,17,4505,1137,53,72,0,1012,34,6
2700190,11,11,2286,463,13,38,0,412,10,2
2700193,82,82,25405,3606,264,296,0,3046,113,3
2700194,12,12,3461,646,46,107,0,493,20,1
2700195,9,9,2417,622,26,25,0,571,14,0
2700196,23,23,6503,1674,95,188,0,1391,50,8
2700199,79,79,25701,6894,581,322,0,5991,288,17
2700202,28,28,8928,1603,77,96,0,1430,66,5
2700205,23,23,5765,753,24,40,0,689,24,2
2700208,14,14,3705,779,30,57,0,692,32,5
2700211,19,19,5819,1429,94,171,0,1164,54,4
2700217,17,17,5307,974,60,57,0,857,44,6
2700219,5,5,1493,419,17,34,0,368,10,3
2700220,54,54,16952,3204,287,262,0,2655,152,16
2700221,23,23,7353,1761,95,103,0,1563,87,8
2700223,26,26,8402,1638,144,59,0,1435,75,0
2800001,665,665,223915,48024,5497,7546,0,34981,2887,320
2800010,33,33,10575,979,39,124,0,816,23,2
2800020,37,37,10629,616,29,87,0,500,36,3
2800030,28,28,8778,999,57,219,0,723,53,5
2800040,161,161,51338,7935,865,966,0,6104,391,60
2800041,47,47,15270,1802,157,211,0,1434,80,9
2800042,37,37,9931,1090,61,193,0,836,53,11
2800045,17,17,5192,737,39,147,0,551,22,11
2800048,59,59,18720,2278,66,251,0,1961,68,8
2800049,53,53,15527,1056,59,146,0,851,43,8
2800050,35,35,11288,699,40,110,0,549,49,5
2800055,63,63,20315,1597,117,272,0,1208,59,10
2800060,102,102,30567,3336,113,682,0,2541,136,10
2800080,52,52,15882,2883,276,827,0,1780,152,23
2800100,76,76,23534,2465,170,383,0,1912,114,20
2800120,41,41,13249,1317,101,458,0,758,81,9
2800160,118,118,36814,4977,433,1035,0,3509,323,47
2800180,74,74,21765,2196,121,403,0,1672,87,17
2800190,40,40,12438,1285,79,175,0,1031,39,4
2800200,153,153,48859,4248,351,731,0,3166,225,30
2800220,158,158,47932,2773,138,835,0,1800,138,27
2800240,55,55,17966,1777,108,282,0,1387,68,8
2800260,90,90,28071,3031,211,413,0,2407,125,22
2800280,79,79,21965,1848,35,216,0,1597,53,13
2800300,84,84,26427,2132,304,447,0,1381,141,15
2800320,68,68,21639,3022,250,723,0,2049,131,22
2900001,1425,1425,470989,125899,12202,5698,0,107999,7062,445
2900004,16,16,3888,1253,48,75,0,1130,31,3
2900007,30,30,9238,1500,101,121,0,1278,74,3
2900010,24,24,6802,705,53,45,0,607,40,2
2900013,28,28,8904,1209,37,86,0,1086,36,1
2900016,35,35,10696,1508,175,161,0,1172,141,9
2900019,56,56,17005,3210,84,587,0,2539,96,8
2900022,56,56,17376,2546,246,214,0,2086,153,13
2900025,34,34,10546,1939,148,144,0,1647,131,10
2900028,19,19,5799,940,35,85,0,820,70,6
2900031,28,28,8512,1764,169,334,0,1261,97,7
2900034,60,60,19041,1684,114,245,0,1325,74,10
2900037,25,25,7382,1881,63,133,0,1685,45,10
2900040,127,127,42544,6715,528,903,0,5284,428,34
2900043,25,25,7299,1547,58,83,0,1406,27,2
2900046,190,190,63329,15834,1418,1306,0,13110,1432,81
2900049,21,21,6379,972,72,106,0,794,61,4
2900052,61,61,19925,4575,461,461,0,3653,421,26
2900055,94,94,28675,3700,194,309,0,3197,217,18
2900058,85,85,26744,6423,426,664,0,5333,463,26
2900061,21,21,5946,901,38,88,0,775,34,1
2900064,63,63,22935,4707,454,378,0,3875,365,20
2900067,30,30,9588,1478,78,143,0,1257,128,4
2900070,50,50,15792,1923,174,180,0,1569,112,9
2900073,100,100,34460,3929,337,289,0,3303,202,16
2900076,96,96,30588,5365,571,405,0,4389,389,27
2900079,104,104,33147,6437,683,371,0,5383,417,48
2900080,13,13,3871,535,42,54,0,439,12,1
2900082,49,49,15378,1967,115,213,0,1639,89,10
2900085,80,80,24250,3271,184,369,0,2718,142,14
2900087,27,27,8737,814,44,61,0,709,34,0
2900088,19,19,5803,890,106,92,0,692,38,3
2900089,78,78,24824,2614,152,450,0,2012,176,12
2900091,27,27,8087,1233,90,115,0,1028,54,3
2900094,65,65,20752,3576,239,344,0,2993,246,17
2900097,61,61,18580,1402,91,209,0,1102,91,2
2900100,15,15,4538,428,17,39,0,372,31,0
2900103,73,73,21980,3630,173,364,0,3093,173,9
2900105,41,41,13293,2684,162,184,0,2338,171,14
2900106,34,34,10953,1939,101,256,0,1582,66,6
2900109,42,42,12517,2696,157,225,0,2314,137,4
2900112,25,25,5940,1351,52,299,0,1000,42,2
2900115,18,18,4801,1078,79,83,0,916,43,4
2900118,16,16,4946,1418,62,159,0,1197,25,6
2900121,41,41,12089,2091,183,168,0,1740,88,9
2900124,26,26,7191,1127,46,106,0,975,63,0
2900127,18,18,5291,963,52,71,0,840,26,2
3100001,5443,5437,1841675,307389,30497,15522,0,261370,17231,1359
3100004,40,40,12566,1476,157,188,0,1131,95,7
3100007,62,62,20083,1920,219,137,0,1564,106,8
3100010,67,67,19000,2011,150,225,0,1636,104,3
3100013,21,21,5932,699,17,65,0,617,34,1
3100016,47,47,13470,1446,101,145,0,1200,73,8
3100019,730,725,237167,19905,4202,4131,0,11572,1154,190
3100022,354,354,110301,17929,2148,1211,0,14570,1110,95
3100025,70,70,21147,1765,191,160,0,1414,87,3
3100028,91,91,27806,5292,348,540,0,4404,280,33
3100031,246,246,85518,9120,1381,833,0,6906,542,53
3100034,373,373,122473,20358,1924,1392,0,17042,1445,159
3100037,123,123,38596,3380,312,373,0,2695,152,18
3100040,56,56,15597,1842,171,238,0,1433,142,14
3100043,33,33,7842,1230,57,138,0,1035,62,6
3100046,25,25,6649,558,28,60,0,470,41,4
3100049,175,175,56586,5367,823,561,0,3983,380,44
3100052,39,39,10688,1082,66,133,0,883,59,4
3100055,169,169,55334,5930,964,655,0,4311,346,33
3100058,60,60,19342,2096,255,153,0,1688,107,11
3100061,94,94,30357,4320,684,615,0,3021,263,45
3100064,381,381,127267,17460,2141,1119,0,14200,1109,82
3100067,47,47,14347,1575,171,137,0,1267,75,3
3100070,93,93,28487,3407,293,218,0,2896,168,20
3100073,37,37,11743,1403,123,154,0,1126,79,9
3100076,37,37,11129,787,84,83,0,620,47,6
3100079,885,885,290179,40608,4802,2795,0,33011,3120,247
3100082,138,138,42926,4632,674,580,0,3378,281,29
3100085,55,55,16362,1760,173,240,0,1347,116,10
3100088,50,50,16195,1587,134,166,0,1287,71,8
3100091,109,109,31633,5807,560,479,0,4768,311,42
3100094,54,54,15356,1633,180,170,0,1283,107,5
3100097,120,120,38319,4721,450,474,0,3797,275,21
3100100,46,46,13046,1870,131,188,0,1551,97,13
3100103,58,58,16992,2638,219,343,0,2076,146,19
3100106,534,534,175038,28800,3420,1968,0,23412,1831,131
3100109,19,19,5508,603,44,70,0,489,28,7
3100112,33,33,7622,1144,60,99,0,985,43,6
3100115,38,38,11440,1107,121,191,0,795,60,7
3100118,52,52,15794,1615,199,162,0,1254,98,10
3100121,343,342,113020,13105,1829,1551,0,9725,870,91
3100124,124,124,40245,4525,604,532,0,3389,284,32
4000001,260,260,83651,18047,1080,1394,0,15573,844,90
4000005,127,127,39873,7513,458,1090,0,5965,423,31
4000010,115,115,36726,3650,309,906,0,2435,331,40
4000015,12,12,3804,584,29,101,0,454,9,7
4000017,44,44,13998,1102,99,255,0,748,96,15
4000020,13,13,4051,848,32,101,0,715,19,2
4000025,128,128,41277,6334,665,885,0,4784,527,32
4400001,420,420,138633,29134,2351,2634,0,24149,2021,178
4400002,14,14,4530,612,46,82,0,484,19,4
4400003,73,73,24481,2003,187,479,0,1337,167,15
4400004,27,27,8562,1216,105,174,0,937,75,5
4400005,52,52,16267,1627,98,144,0,1385,78,12
4400006,36,36,11828,907,69,140,0,698,58,3
4400007,40,40,13017,1100,79,231,0,790,65,3
4400009,63,63,20215,1990,106,264,0,1620,143,13
4400010,133,133,41955,4287,348,727,0,3212,322,25
4400012,25,25,7866,520,28,72,0,420,29,9
4400016,24,24,6940,446,37,93,0,316,15,1
4400017,15,15,4052,586,20,68,0,498,14,0
4400020,35,35,10921,1392,138,272,0,982,57,7
4400022,32,32,9026,467,23,128,0,316,42,3
4400024,20,20,6245,283,18,32,0,233,16,4
4400040,19,19,5915,747,44,88,0,615,23,2
4600001,424,424,135664,38769,3158,2207,0,33404,2602,190
4600040,94,94,29916,8266,776,531,0,6959,406,31
4600120,6,6,1856,429,13,25,0,391,9,4
4600320,34,34,7960,2050,72,165,0,1813,43,3
4600480,4,4,1021,66,0,10,0,56,4,0
4600520,42,42,12008,3275,214,275,0,2786,268,20
4600540,41,41,12638,3558,285,269,0,3004,199,18
4600560,27,27,6608,1877,77,166,0,1634,47,3
4600640,31,31,8928,1832,129,212,0,1491,57,7
4600680,90,90,28252,7935,371,570,0,6994,252,15
4600700,27,27,8477,2338,122,219,0,1997,73,9
4600760,5,5,1231,284,7,14,0,263,9,2
4600800,10,10,2833,937,42,56,0,839,18,1
4600815,6,6,1828,187,7,26,0,154,8,2
4600830,24,24,6673,2134,100,222,0,1812,78,4
4600840,18,18,4678,958,40,127,0,791,24,5
4600850,63,63,20217,5915,545,460,0,4910,329,30
4600865,36,36,10067,2824,117,293,0,2414,74,7
4600880,88,88,28143,6772,685,544,0,5543,451,34
4800001,494,493,158474,21114,2508,2830,0,15776,1678,236
4800002,64,64,21600,1532,201,336,0,995,117,23
4800004,84,84,27343,3542,319,681,0,2542,261,32
4800005,74,74,23960,1781,137,405,0,1239,173,27
4800006,27,27,8988,854,52,118,0,684,54,12
4800007,103,103,32543,3360,312,511,0,2537,258,38
4800008,35,35,11169,1033,81,130,0,822,67,15
4800009,51,51,16449,1860,237,480,0,1143,141,25
4800010,419,418,143165,13674,1285,2368,0,10021,907,172
4800011,188,187,63035,2804,177,870,0,1757,193,58
4800012,16,16,5137,500,31,55,0,414,25,6
4800013,120,120,37031,6261,497,775,0,4989,355,58
4800016,387,383,129879,4367,425,1480,0,2462,240,91
4800018,30,30,9448,1577,163,234,0,1180,71,17
4800020,63,63,20650,3030,305,387,0,2338,184,112
5000001,88,88,27944,4095,223,727,0,3145,425,147
5000070,19,19,5403,245,5,116,0,124,16,7
5000073,1,1,267,4,1,0,0,3,1,1
5000078,1,1,213,8,0,0,0,8,0,0
5000083,1,1,236,0,0,0,0,0,0,0
5000087,4,4,633,48,0,7,0,41,5,1
5000090,5,5,1300,52,1,14,0,37,5,0
5000092,3,3,933,27,1,6,0,20,1,2
5200001,1236,1236,405921,115597,9025,4711,0,101861,6206,513
5200005,233,233,77155,23981,2662,1366,0,19953,1579,93
5200006,19,19,5718,1123,98,150,0,875,67,4
5200008,20,20,6197,1614,113,212,0,1289,67,10
5200010,41,41,13351,4090,431,342,0,3317,289,128
5200015,18,18,5761,1610,87,96,0,1427,49,2
5200020,64,64,19538,5287,434,360,0,4493,302,15
5200025,8,8,1557,425,28,40,0,357,8,0
5200027,21,21,6372,774,59,102,0,613,67,5
5200028,13,13,3826,1407,49,119,0,1239,35,0
5200030,33,33,10072,1595,132,141,0,1322,71,8
5200035,177,177,60416,11040,939,781,0,9320,760,77
5200040,42,42,13621,4478,349,275,0,3854,232,20
5200041,37,37,11689,1160,99,255,0,806,99,9
5200042,28,28,8982,1528,103,158,0,1267,51,6
5200043,174,174,56342,12839,1923,1488,0,9428,1067,133
5200044,29,29,9425,1168,109,199,0,860,86,5
5200045,84,84,26399,4194,266,301,0,3627,234,20
5200046,24,24,6173,872,85,306,0,481,51,8
5200047,23,23,7480,972,65,201,0,706,60,7
5200048,25,25,7445,1319,85,206,0,1028,70,4
5200049,31,31,9675,1263,111,195,0,957,70,8
5200050,54,54,17832,4604,322,244,0,4038,204,12
5200055,31,31,9788,1558,149,185,0,1224,83,3
5200058,22,22,6428,1173,56,104,0,1013,42,43
5200059,7,7,1421,205,4,11,0,190,9,1
5200060,62,62,19048,4146,379,327,0,3440,245,17
5200074,23,23,7411,274,52,57,0,165,26,3
5200080,48,48,14544,2251,177,339,0,1735,175,11
5400001,156,150,48750,8377,720,966,0,6691,717,53
5400003,24,24,7409,933,77,181,0,675,109,11
5400007,33,33,10241,1481,105,209,0,1167,129,8
5400012,15,15,3747,241,11,55,0,175,39,6
5600001,151,151,49218,7252,325,1003,0,5924,620,50
5600004,15,15,4849,637,11,74,0,552,42,8
6000001,142,142,45321,6713,347,863,0,5503,749,44
6000007,17,17,5199,374,18,110,0,246,24,4
6000010,3,3,770,51,0,18,0,33,2,3
6000013,4,4,1159,21,2,6,0,13,1,0
6000016,4,4,1332,77,2,29,0,46,7,1
6000017,1,1,76,29,5,15,0,9,0,0
6000019,3,3,553,11,0,3,0,8,3,0
6000021,2,2,592,9,0,6,0,3,0,0
6000022,6,6,1602,86,1,24,0,61,11,1
6000030,1,1,292,5,0,1,0,4,0,0
6000040,2,2,544,15,0,2,0,13,0,2
6400001,141,141,43210,6708,649,756,0,5303,456,52
6400002,167,167,53617,5534,655,977,0,3902,513,44
6400004,53,53,16164,836,53,140,0,643,69,9
6400007,15,15,4806,780,65,151,0,564,38,4
6400013,16,16,4942,774,50,131,0,593,37,5
6400016,21,21,6857,501,30,69,0,402,27,1
6400018,52,52,15965,546,36,120,0,390,51,6
6400019,35,35,11479,1514,122,222,0,1170,97,6
6400023,101,101,32110,2084,256,409,0,1419,165,27
6400025,45,45,13086,618,56,130,0,432,52,3
6400026,35,35,10874,742,91,177,0,474,59,5
6400028,99,99,30555,1496,239,303,0,954,107,14
6400030,66,66,21155,2439,289,382,0,1768,224,18
6800001,67,67,20009,2729,100,591,0,2038,245,31
6800004,6,6,1774,116,6,25,0,85,12,3
6800010,2,2,183,74,0,11,0,63,10,5
6800013,6,6,1258,71,3,31,0,37,3,2
6800017,6,6,1876,65,2,6,0,57,8,0
6800022,4,4,1062,48,1,8,0,39,5,1
7200001,69,69,21526,3252,208,486,0,2558,318,36
7200002,13,13,3503,606,24,99,0,483,26,6
7200006,93,91,25597,1648,92,596,0,960,116,21
7200008,28,28,7578,1004,44,107,0,853,30,6
8800115,8,8,63,10,0,0,0,10,1,0
8800120,40,40,17593,3146,129,65,0,2952,434,13
8800130,7,7,21,3,0,0,0,3,0,0
8800135,7,7,32,9,2,0,0,7,2,0
8800140,10,10,2619,202,21,1,0,180,4,1
8800155,41,41,19154,1903,149,68,0,1686,188,9
8800160,15,15,6172,572,82,30,0,460,22,6
8800165,71,71,25693,5063,292,100,0,4671,496,15
8800170,11,11,2346,428,20,15,0,393,66,2
8800190,14,14,4435,647,27,9,0,611,90,5
8800215,10,10,1640,239,18,2,0,219,14,4
8800220,49,49,7551,940,48,22,0,870,120,0
8800250,209,209,63810,12188,961,144,0,11083,804,33
8800275,7,7,373,77,3,1,0,73,5,0
8800285,26,26,11148,1801,104,37,0,1660,82,12
8800290,8,8,760,38,0,4,0,34,4,1
8800305,121,121,38536,3156,266,80,0,2810,209,23
8800315,28,28,1071,190,10,3,0,177,20,0
8800325,8,8,921,178,4,6,0,168,25,0
8800330,106,106,41753,2514,174,98,0,2242,130,21
8800335,8,8,294,53,0,3,0,50,4,0
8800340,9,9,746,200,8,3,0,189,14,0
8800350,13,13,4000,565,41,5,0,519,26,1
8800355,574,570,255821,21928,1801,758,0,19369,1661,154
8800360,841,812,405325,56891,6099,1148,0,49644,1715,181
8800370,7,7,171,29,0,0,0,29,9,0
8800375,7,7,502,84,3,0,0,81,21,0
8800380,108,108,23436,3762,216,133,0,3413,488,27
8800410,9,9,2045,503,25,2,0,476,17,1
8800430,7,7,25,9,0,0,0,9,0,0
8800435,21,21,5707,854,34,27,0,793,103,3
8800440,8,8,737,112,1,0,0,111,7,0
8800445,7,7,363,88,5,0,0,83,14,0
8800455,7,7,82,10,0,0,0,10,0,0
8800460,7,7,96,12,0,0,0,12,3,0
8800465,71,71,21350,2898,209,64,0,2625,241,14
8800470,8,8,736,204,10,2,0,192,24,0
8800490,10,10,2065,0,0,0,0,0,0,0
8800495,42,42,16830,2122,136,45,0,1941,190,9
8800500,8,8,300,34,3,4,0,27,1,0
8800505,16,16,1329,109,15,0,0,94,12,1
8800515,7,7,103,33,0,0,0,33,6,0
8800535,9,9,1431,25,0,0,0,25,0,0
8800560,7,7,153,44,1,0,0,43,5,0
8800580,7,7,63,11,0,0,0,11,2,0
8800590,83,83,18263,3902,181,36,0,3685,234,8
8800620,7,7,274,35,2,1,0,32,1,0
8800625,10,10,1952,358,28,7,0,323,31,4
8800635,8,8,1019,129,3,1,0,125,16,0
8800655,72,72,26585,3198,200,104,0,2894,115,10
8800665,7,7,673,108,8,6,0,94,1,1
8800670,25,25,8439,1123,55,14,0,1054,63,5
8800675,0,0,0,0,0,0,0,0,0,0
8800680,13,13,4071,770,41,22,0,707,72,7
8800683,10,10,2109,307,24,5,0,278,15,1
8800685,12,12,3563,708,34,6,0,668,29,1
8800688,7,7,328,97,2,0,0,95,3,0
8800690,7,7,73,13,0,1,0,12,1,0
8800700,8,8,806,38,1,1,0,36,6,0
8800745,8,8,215,48,3,0,0,45,6,0
8800755,24,24,3479,343,16,15,0,312,57,2
8800760,19,19,8103,1129,101,21,0,1007,129,5
8800765,7,7,153,70,1,0,0,69,2,0
8800770,14,14,403,80,2,2,0,76,10,0
8800785,9,9,281,53,0,0,0,53,2,0
8800805,8,8,1316,160,2,7,0,151,14,1
8800815,349,349,177035,2656,96,231,0,2329,127,42
