mpio_reg_code_7,mesas_total,mesas_escrutadas,censo,votantes,votos_nulos,votos_no_marcados,votos_blanco,votos_validos,cand_31_000001|MAURICIO CARDENAS SANTAMARIA,cand_31_000002|DAVID ANDRES LUNA SANCHEZ,cand_31_000003|VICTORIA EUGENIA DAVILA HOYOS,cand_31_000004|JUAN MANUEL GALAN PACHON,cand_31_000005|PALOMA SUSANA VALENCIA LASERNA,cand_31_000006|JUAN CARLOS PINZON BUENO,cand_31_000007|ANIBAL GAVIRIA CORREA,cand_31_000008|ENRIQUE PEÑALOSA LONDOÑO,cand_31_000009|JUAN DANIEL OVIEDO ARANGO
0100001,5499,5498,1862718,576754,32020,17187,0,527547,4235,3763,14515,10421,324809,16706,42232,3609,58432
0100004,51,51,15644,4020,93,475,0,3452,10,11,95,30,2645,60,298,13,113
0100007,7,7,2062,704,14,37,0,653,3,0,7,3,135,12,460,1,10
0100010,15,15,4733,1024,40,85,0,899,2,4,30,69,555,23,93,5,52
0100013,78,78,24730,3452,223,234,0,2995,10,12,92,78,1759,60,405,21,243
0100016,60,60,19294,2129,84,180,0,1865,5,8,67,30,734,42,585,17,157
0100019,115,115,36920,7049,249,456,0,6344,14,21,138,87,3728,101,1581,22,267
0100022,20,20,6041,856,49,88,0,719,1,3,48,13,351,19,138,8,54
0100025,30,30,9718,959,37,113,0,809,8,7,30,10,394,28,188,7,44
0100028,45,45,13909,737,21,139,0,577,4,3,22,18,265,30,93,7,28
0100031,77,77,24242,4110,205,349,0,3556,10,20,106,68,2073,62,695,15,195
0100034,21,21,6764,1005,20,121,0,864,2,3,21,49,536,4,151,2,34
0100035,336,336,109862,14637,1383,1721,0,11533,74,101,367,423,5082,240,1823,155,861
0100037,75,75,24079,1932,87,267,0,1578,7,11,43,36,942,42,132,12,59
0100039,25,25,6990,935,13,112,0,810,1,3,14,6,609,13,76,3,33
0100040,15,15,4667,770,29,106,0,635,5,6,19,19,385,21,106,2,31
0100043,145,145,46850,8592,590,786,0,7216,58,43,290,191,4044,167,760,50,615
0100046,20,20,5466,1389,27,115,0,1247,2,1,46,13,509,17,525,5,52
0100049,1063,1063,368373,89027,5658,3665,0,79704,638,452,2881,2042,46124,2665,7102,473,8668
0100052,27,27,8596,1259,46,122,0,1091,7,4,29,14,621,22,319,1,21
0100055,45,45,14145,2209,65,256,0,1888,5,11,35,13,1310,18,325,9,68
0100058,75,75,24357,5234,201,336,0,4697,12,20,87,49,3663,81,357,6,171
0100061,28,28,8423,1035,20,189,0,826,3,0,25,9,356,24,258,5,48
0100062,25,25,7121,631,32,104,0,495,4,3,29,19,216,10,114,1,35
0100064,66,66,21504,1428,103,485,0,840,7,6,46,33,307,24,109,13,38
0100067,22,22,7301,1766,31,158,0,1577,2,1,18,14,526,14,916,3,22
0100070,223,223,72495,18897,1361,1029,0,16507,101,112,793,525,8254,574,2344,102,1827
0100073,23,23,7332,1172,34,187,0,951,3,5,26,7,231,14,588,7,16
0100076,46,46,15282,2750,65,249,0,2436,7,18,48,28,1465,49,618,15,86
0100078,17,17,4972,707,25,83,0,599,5,3,11,4,381,15,87,3,41
0100079,16,16,5098,1407,30,181,0,1196,2,7,28,5,353,15,692,20,25
0100080,155,155,50144,6575,555,1131,0,4889,26,43,168,190,2384,106,511,50,284
0100082,141,141,45777,12882,601,484,0,11797,60,49,432,259,7223,296,1202,75,1094
0100085,14,14,4419,1223,57,77,0,1089,5,3,24,12,486,35,340,6,101
0100088,248,248,78183,8478,714,1374,0,6390,49,79,345,315,2850,178,418,78,462
0100091,39,39,12859,2580,164,301,0,2115,5,14,124,50,994,48,408,28,161
0100094,48,48,14930,2952,77,155,0,2720,7,15,74,31,1912,80,131,3,112
0100097,14,14,4557,1362,36,126,0,1200,4,6,27,28,856,29,168,5,42
0100100,52,52,16573,2526,57,223,0,2246,6,13,52,23,1732,42,180,6,70
0100103,241,241,77778,17428,1053,705,0,15670,99,89,587,395,8641,631,1720,90,1859
0100106,165,165,53823,5573,420,754,0,4399,39,34,182,127,2245,79,428,53,263
0100109,67,67,20829,1718,74,296,0,1348,5,6,50,27,679,29,354,5,77
0100112,58,58,19149,4542,130,230,0,4182,13,19,93,31,2403,88,1141,10,173
0100115,37,37,11640,2497,130,259,0,2108,7,14,52,31,1486,51,262,6,71
0100117,131,131,42682,2413,197,439,0,1777,10,19,78,74,789,41,234,16,107
0100118,30,30,9845,2786,112,214,0,2460,6,15,88,37,1272,94,575,8,186
0100121,752,752,245614,97897,4811,2246,0,90840,758,591,1926,1495,60325,3773,5656,616,10069
0100124,60,60,18270,3499,170,334,0,2995,10,7,109,139,1930,52,322,14,157
0100127,59,59,18464,1607,42,43,0,1522,1,1,22,13,614,16,744,4,58
0100130,17,17,5194,968,26,96,0,846,3,0,13,19,445,31,228,2,38
0100133,173,173,57065,11495,650,515,0,10330,47,63,358,288,5929,218,1154,61,1068
0100136,28,28,9174,2120,102,157,0,1861,20,11,67,38,1105,43,273,9,132
0100139,32,32,10193,1882,49,104,0,1729,9,11,48,9,1177,66,231,6,73
0100140,20,20,6000,719,37,117,0,565,1,4,23,15,324,28,79,3,16
0100142,136,136,43263,14161,871,688,0,12602,59,76,586,594,7573,323,955,102,1161
0100145,25,25,8236,2181,71,41,0,2069,8,14,41,37,1478,52,202,5,137
0100148,20,20,6156,978,33,87,0,858,2,2,16,5,562,24,145,4,38
0100150,17,17,5339,874,27,75,0,772,3,3,23,6,439,29,153,2,35
0100151,770,770,267367,70559,4558,2958,0,63043,537,411,2575,1680,36090,1865,5779,439,6859
0100154,62,62,18208,896,46,78,0,772,3,4,31,13,406,28,142,6,41
0100157,42,42,13394,3964,129,284,0,3551,4,13,85,132,2200,81,610,22,164
0100160,36,36,11599,3038,121,194,0,2723,15,10,60,39,1904,80,324,10,129
0100163,183,183,59367,22281,1133,923,0,20225,142,109,916,614,12118,571,1925,135,2003
0100166,205,205,66476,17885,993,528,0,16364,109,94,459,298,10279,381,1503,74,1874
0100168,39,39,12566,1487,57,134,0,1296,5,4,47,26,789,15,96,8,69
0100169,63,63,20261,5398,216,224,0,4958,13,20,219,172,2506,255,918,40,347
0100170,23,23,7577,923,33,59,0,831,0,3,17,18,634,8,84,1,22
0100172,31,31,9787,1540,46,117,0,1377,2,7,28,14,894,28,255,7,53
0100175,28,28,8734,1410,47,143,0,1220,3,3,27,26,669,35,247,9,58
0100178,159,159,51760,15957,743,645,0,14569,62,93,492,256,9341,523,1065,91,1447
0100181,21,21,6570,1337,48,152,0,1137,6,5,38,48,644,36,187,13,63
0100184,13,13,3583,190,1,67,0,122,4,1,4,7,43,2,13,2,3
0100187,51,51,16692,1501,71,296,0,1134,2,7,63,31,558,13,187,14,45
0100190,30,30,9079,1695,45,212,0,1438,4,7,30,11,1039,21,228,6,30
0100191,68,68,22306,1322,54,283,0,985,10,17,26,29,505,30,97,17,58
0100192,121,121,40654,3856,162,885,0,2809,19,21,91,101,1623,61,224,36,73
0100193,10,10,3024,568,16,41,0,511,1,2,11,3,271,11,155,1,37
0100196,57,57,18759,4827,237,336,0,4254,31,35,150,80,2914,116,308,30,259
0100199,23,23,6907,1937,14,147,0,1776,3,3,11,15,223,1,1456,3,9
0100202,23,23,7578,1513,30,181,0,1302,3,10,27,20,803,29,294,4,33
0100205,114,114,35634,3530,210,235,0,3085,12,19,109,84,1740,119,318,26,260
0100206,47,47,15461,2056,137,244,0,1675,5,12,57,53,901,33,212,14,113
0100208,75,75,23623,1361,102,165,0,1094,4,6,53,24,462,33,184,9,99
0100211,67,67,21852,10695,363,329,0,10003,68,33,172,146,7669,236,466,86,704
0100214,390,390,128988,53162,2758,1827,0,48577,269,282,1361,960,33359,1511,2497,320,4509
0100217,26,26,7957,1020,23,128,0,869,3,7,24,10,615,12,115,6,33
0100218,297,297,96878,38117,1712,982,0,35423,216,256,852,619,21099,1264,3719,237,4768
0100220,46,46,14478,2264,28,249,0,1987,4,6,54,20,1559,24,171,9,52
0100223,22,22,5915,771,35,68,0,668,1,4,22,12,371,17,130,3,32
0100226,50,50,15668,3090,104,253,0,2733,6,9,57,43,1867,126,254,14,141
0100227,21,21,6792,824,20,73,0,731,2,3,15,2,435,16,190,4,34
0100229,44,44,13800,3269,175,397,0,2697,7,14,70,49,1687,120,360,7,143
0100230,10,10,3330,658,17,70,0,571,3,0,19,4,194,10,260,9,27
0100231,66,66,21449,1584,37,196,0,1351,4,13,34,34,653,17,349,7,35
0100232,40,40,12537,2531,87,131,0,2313,7,6,33,12,1850,15,157,6,94
0100235,74,74,23828,5521,229,173,0,5119,43,14,136,68,3023,74,980,8,331
0100237,94,94,30160,2131,80,289,0,1762,16,11,51,102,969,61,197,26,44
0100238,43,43,13883,2512,106,215,0,2191,5,13,66,42,1431,41,264,13,129
0100241,51,51,16786,3969,153,437,0,3379,12,15,136,41,2367,59,390,19,110
0100244,56,56,17491,4763,155,361,0,4247,15,19,113,55,2528,93,903,10,202
0100247,73,73,22963,2421,132,84,0,2205,7,8,83,53,1303,72,284,5,173
0100250,94,94,29556,6209,325,370,0,5514,16,37,206,76,3172,164,916,32,425
0100253,33,33,9727,1547,57,46,0,1444,15,3,43,14,898,39,227,6,101
0100256,96,96,30949,11205,459,662,0,10084,25,65,337,161,7220,315,498,69,698
0100259,101,101,33157,1806,129,210,0,1467,11,12,68,70,545,29,226,12,117
0100262,97,97,28173,7986,311,703,0,6972,14,33,195,69,5136,148,600,33,266
0100265,45,45,13695,4181,143,361,0,3677,4,5,73,50,2903,33,269,3,122
0100268,47,47,15347,3389,165,335,0,2889,8,10,89,47,1846,51,442,13,149
0100270,81,81,25953,1269,67,265,0,937,10,6,44,50,406,23,94,14,53
0100271,19,19,6186,739,19,29,0,691,2,0,10,14,396,8,92,3,21
0100274,29,29,8829,1524,63,91,0,1370,8,4,40,24,794,152,180,7,73
0100277,15,15,4763,605,32,64,0,509,0,0,8,6,258,8,158,5,12
0100280,301,301,100009,10575,867,2316,0,7392,69,84,340,333,2993,180,730,114,344
0100282,22,22,6847,1058,27,116,0,915,0,1,24,12,649,7,142,4,25
0100283,82,82,26331,4653,182,559,0,3912,8,13,103,54,1835,50,1186,14,163
0100286,39,39,12963,1257,71,281,0,905,7,5,44,15,423,21,214,5,35
0100289,19,19,5781,898,33,38,0,827,2,3,12,7,566,10,167,3,20
0100290,40,40,12450,1997,50,273,0,1674,3,5,56,33,809,23,547,6,71
0100291,26,25,6970,1161,47,399,0,715,0,2,24,9,122,31,326,4,4
0100292,37,37,11608,2303,83,201,0,2019,7,10,54,41,1383,58,210,13,76
0100293,21,21,6520,871,22,118,0,731,3,1,27,18,385,23,178,5,24
0100295,115,115,35886,4201,141,146,0,3914,15,27,118,57,2243,97,642,24,315
0100298,55,55,17481,2675,85,240,0,2350,9,9,59,35,1209,50,631,27,95
0100300,52,52,16144,2160,180,236,0,1744,4,20,88,70,818,55,102,29,154
0100301,69,69,22036,1503,86,265,0,1152,10,92,60,52,360,21,233,9,35
0300001,3648,3647,1191452,222868,24851,26941,0,171076,1744,12389,7856,11326,65417,5755,869,4309,23580
0300004,165,165,53287,7259,701,1469,0,5089,32,305,299,436,1366,132,37,149,592
0300007,74,74,23740,1527,104,239,0,1184,7,45,43,76,653,82,2,13,66
0300010,46,46,14846,1486,107,455,0,924,9,47,53,63,375,22,3,23,43
0300013,143,143,46123,6679,780,1582,0,4317,41,219,280,487,1264,141,35,128,462
0300016,60,60,19563,2946,251,618,0,2077,16,197,112,122,783,41,12,46,181
0300019,80,80,26578,1635,106,335,0,1194,22,49,50,80,466,31,16,37,94
0300022,292,292,95348,12563,1769,2968,0,7826,80,413,592,764,2072,221,50,236,776
0300025,52,52,17149,1137,51,225,0,861,4,41,40,66,357,35,3,24,66
0300028,73,73,23802,2790,289,804,0,1697,29,134,109,115,386,34,6,47,198
0300031,19,19,5949,873,47,313,0,513,3,24,20,30,233,11,1,4,41
0300034,46,46,15079,1566,156,431,0,979,10,54,50,105,255,16,3,25,102
0300035,63,63,21208,2101,239,457,0,1405,19,76,81,110,516,35,6,38,109
0300037,121,121,39265,7995,780,1223,0,5992,57,383,263,468,1912,157,26,152,871
0300040,70,70,22515,1664,133,369,0,1162,14,57,97,107,340,31,12,34,87
0300043,81,81,26445,3414,415,779,0,2220,17,187,156,167,592,68,12,74,285
0300046,236,236,76785,12272,1431,2548,0,8293,77,536,459,641,2436,206,44,190,689
0300047,41,41,13524,825,57,122,0,646,11,13,35,45,356,15,1,9,21
0300049,87,87,27778,3383,331,434,0,2618,161,214,82,136,702,51,2,34,303
0300052,1049,1049,340919,44809,5717,7525,0,31567,488,1741,1889,2574,9541,1051,213,853,3816
0300055,36,36,11925,868,44,177,0,647,10,33,24,51,248,21,2,30,66
0300058,35,35,10767,809,98,134,0,577,6,25,37,39,167,19,6,13,81
0300061,28,28,9088,785,89,161,0,535,3,30,45,61,145,10,3,8,45
0500001,2641,2641,865352,130969,14631,19723,0,96615,1172,3582,4793,6083,41959,2693,693,2200,10454
0500004,63,63,18977,2581,56,507,0,2018,9,17,86,58,1292,21,9,15,59
0500005,25,25,7059,346,20,58,0,268,0,3,10,11,155,10,0,4,20
0500006,27,27,8527,359,8,83,0,268,0,8,14,7,182,4,1,1,9
0500007,175,175,60230,5774,675,1329,0,3770,46,135,171,272,1724,79,25,73,310
0500009,33,33,10528,476,18,61,0,397,6,32,16,25,205,10,1,8,24
0500010,41,41,13138,703,34,116,0,553,2,2,29,26,316,10,2,5,18
0500013,64,64,21137,1256,109,236,0,911,0,0,0,0,0,0,0,0,0
0500014,26,26,8337,805,74,190,0,541,2,7,38,26,249,24,4,6,38
0500015,36,36,11730,595,38,88,0,469,0,6,25,17,204,9,1,5,37
0500016,49,49,15570,1816,79,609,0,1128,11,18,58,49,626,22,5,11,47
0500018,41,41,13098,1132,86,320,0,726,11,18,29,38,386,24,3,15,32
0500022,197,197,62634,6151,516,725,0,4910,25,83,147,186,2737,93,37,51,225
0500025,28,28,8386,955,28,300,0,627,4,22,30,25,363,13,2,8,24
0500026,39,39,12501,827,36,122,0,669,1,9,34,8,523,4,1,7,16
0500027,22,22,6872,402,13,37,0,352,1,3,14,7,196,9,0,1,5
0500028,322,322,106180,12500,1363,2519,0,8618,102,255,500,508,4028,165,58,127,714
0500031,69,69,23021,2167,136,634,0,1397,32,23,63,102,730,38,9,23,56
0500037,35,35,10645,479,20,24,0,435,1,1,15,19,307,19,0,4,16
0500040,142,141,45577,3111,290,909,0,1912,17,36,72,160,870,46,17,42,78
0500041,38,38,10814,1025,31,237,0,757,3,3,17,28,255,13,8,7,25
0500043,130,130,40405,3280,257,631,0,2392,9,50,107,142,1281,56,7,33,167
0500044,44,44,13126,877,62,137,0,678,8,13,36,28,454,23,1,9,25
0500050,20,20,5332,188,11,17,0,160,1,0,6,17,75,5,2,8,13
0500059,66,66,19357,998,36,170,0,792,3,3,43,23,572,15,3,11,17
0500063,20,20,5710,237,25,40,0,172,0,2,8,5,118,2,1,3,9
0500065,25,25,7079,493,34,37,0,422,4,0,22,7,230,10,0,6,11
0500070,49,49,16593,1020,85,192,0,743,5,31,37,39,394,22,1,16,49
0500072,25,25,8168,493,68,94,0,331,2,13,15,18,143,13,2,12,38
0500073,36,36,10290,389,22,60,0,307,4,5,12,17,181,9,0,1,28
0500076,72,72,22377,2213,224,291,0,1698,10,41,53,74,986,35,10,20,130
0500078,25,25,7533,657,17,124,0,516,3,9,15,59,297,9,4,6,14
0500079,105,105,33286,3250,273,543,0,2434,26,95,83,126,1398,62,13,19,214
0500082,41,41,13104,784,39,153,0,592,0,12,17,25,356,14,1,7,23
0500084,68,68,21201,1582,99,326,0,1157,7,19,69,65,553,43,5,18,112
0500091,43,43,14322,902,74,249,0,579,7,17,25,108,205,10,3,11,32
0500094,53,53,17470,1300,117,333,0,850,6,10,35,100,273,22,4,23,44
0500095,89,89,27650,4298,271,694,0,3333,12,98,267,201,1859,133,22,55,190
0500097,51,51,14135,1312,99,249,0,964,5,9,87,47,508,47,6,13,62
0500106,27,27,9016,692,72,175,0,445,6,17,20,25,185,7,2,11,21
0500110,35,35,10684,1018,49,167,0,802,6,18,37,21,506,17,0,12,40
0500113,52,52,15502,730,38,166,0,526,3,7,16,35,335,11,0,7,20
0500118,220,220,76485,11375,1568,2116,0,7691,55,280,308,602,3297,191,51,138,776
0500121,53,53,17049,1608,162,424,0,1022,4,22,44,65,417,35,7,31,98
0500124,55,55,17795,1739,162,440,0,1137,2,24,61,80,583,27,5,27,59
0500127,32,32,10186,427,33,185,0,209,0,13,2,7,106,2,0,3,6
0700001,424,424,141698,47115,3695,1253,0,42167,486,475,1422,1994,11640,2517,174,1099,13000
0700007,7,7,2014,270,14,14,0,242,1,4,5,7,135,12,0,6,41
0700008,47,47,13225,1871,131,178,0,1562,11,10,63,55,897,114,8,25,173
0700010,16,16,5254,742,51,25,0,666,2,3,23,14,277,36,2,12,189
0700013,22,22,7090,1873,133,111,0,1629,20,17,70,113,705,85,5,68,256
0700016,5,5,1509,299,11,33,0,255,0,1,2,11,162,10,1,1,28
0700019,7,7,1976,458,26,33,0,399,3,1,17,48,192,10,2,12,41
0700022,17,17,5047,1221,74,107,0,1040,2,9,45,24,679,36,4,14,73
0700025,14,14,4600,757,50,87,0,620,15,6,23,41,247,44,1,8,88
0700028,8,8,2497,539,20,41,0,478,2,3,10,5,351,15,3,12,33
0700031,17,17,5079,1064,50,115,0,899,1,3,26,37,606,19,2,7,103
0700034,4,4,1010,300,15,23,0,262,0,0,15,8,150,8,1,17,34
0700037,13,13,3292,581,32,18,0,531,1,8,18,29,276,27,0,7,85
0700040,9,9,2454,437,18,23,0,396,1,1,7,3,288,31,3,8,23
0700043,12,12,3685,699,39,22,0,638,29,41,24,20,241,34,2,7,104
0700046,12,12,3947,883,35,81,0,767,17,10,24,36,447,34,3,8,89
0700049,32,32,10139,2447,218,170,0,2059,19,23,165,147,635,118,6,42,325
0700052,13,13,3291,581,32,80,0,469,2,1,18,7,352,18,1,1,28
0700055,8,8,2424,761,46,46,0,669,7,8,19,23,361,26,1,11,113
0700058,12,12,3433,793,13,78,0,702,4,2,16,8,587,22,1,5,20
0700059,23,23,7044,608,61,120,0,427,11,7,21,41,181,13,5,7,46
0700060,11,11,3473,743,66,63,0,614,1,4,27,31,174,30,3,14,101
0700061,6,6,1904,486,23,40,0,423,4,1,8,24,222,39,2,8,45
0700064,10,10,3145,799,42,60,0,697,9,5,16,20,391,52,3,8,94
0700067,139,139,44576,11704,938,552,0,10214,84,179,418,432,4301,518,24,206,2206
0700068,16,16,4800,844,87,124,0,633,7,5,32,78,138,12,4,18,52
0700070,11,11,3319,727,38,98,0,591,2,6,17,27,428,6,1,5,35
0700073,24,24,6500,1123,44,129,0,950,4,6,8,20,799,9,2,5,32
0700076,19,19,5881,1242,35,79,0,1128,9,21,11,14,891,12,4,10,57
0700077,10,10,3338,817,53,62,0,702,1,3,50,75,204,54,6,25,116
0700078,7,7,1851,548,25,43,0,480,4,5,21,15,356,11,0,4,31
0700079,287,287,97678,29314,2333,911,0,26070,335,255,852,1335,8905,1537,121,532,6694
0700082,12,12,3486,706,31,74,0,601,7,3,14,31,429,15,5,7,34
0700085,8,8,2289,701,16,44,0,641,3,2,20,9,537,15,0,2,24
0700088,20,20,6131,1345,113,124,0,1108,9,9,43,59,396,71,8,18,174
0700091,12,12,3561,1003,39,34,0,930,2,6,33,20,525,61,1,7,148
0700094,10,10,3056,557,57,48,0,452,2,7,12,17,270,5,0,6,55
0700097,14,14,4125,1063,40,95,0,928,7,6,38,27,555,53,3,9,99
0700100,41,41,12682,3207,225,185,0,2797,29,31,96,139,1072,163,18,53,628
0700103,5,5,1616,473,27,44,0,402,2,3,10,5,321,6,0,2,34
0700106,29,29,9329,2279,170,143,0,1966,26,18,88,139,756,102,11,46,444
0700109,12,12,3949,961,43,59,0,859,15,8,25,21,574,27,4,9,84
0700112,12,12,3173,487,23,41,0,423,3,1,13,16,312,12,1,1,24
0700118,7,7,2320,626,32,37,0,557,1,1,15,21,291,39,2,7,105
0700121,20,20,6452,1309,77,125,0,1107,9,11,42,74,486,67,2,22,210
0700124,12,12,3436,785,19,125,0,641,2,6,13,13,504,21,3,13,32
0700127,10,10,3185,562,24,72,0,466,0,2,14,10,343,11,2,7,32
0700130,8,8,2517,427,21,37,0,369,4,5,16,15,155,31,6,13,50
0700136,9,9,2512,701,25,54,0,622,6,2,9,18,437,28,0,6,41
0700137,7,7,1631,279,13,16,0,250,0,0,5,4,154,7,1,3,42
0700139,42,42,13752,3559,272,163,0,3124,44,36,91,202,1353,123,24,111,610
0700142,12,12,3677,826,56,83,0,687,10,7,26,20,329,44,3,17,100
0700148,20,20,6078,1311,50,131,0,1130,5,3,23,20,915,24,0,7,53
0700151,24,24,7765,1548,131,154,0,1263,8,15,47,88,498,62,9,35,232
0700154,13,13,4176,1186,67,68,0,1051,3,5,24,16,800,52,2,5,67
0700157,13,13,4026,900,87,60,0,753,5,6,48,23,392,38,0,14,118
0700160,61,61,19917,4761,374,261,0,4126,24,43,135,202,2103,199,21,78,530
0700161,19,19,5886,1302,163,117,0,1022,3,11,40,116,306,75,6,18,156
0700163,26,26,7704,1461,99,183,0,1179,3,9,52,41,701,47,5,28,117
0700166,42,42,13741,3608,322,189,0,3097,22,57,118,157,894,178,8,60,784
0700169,15,15,4998,723,66,66,0,591,5,4,14,59,249,26,5,13,98
0700173,9,9,2888,795,61,51,0,683,2,4,31,38,237,39,4,19,123
0700176,28,28,7253,1568,59,130,0,1379,2,9,34,12,948,86,3,22,88
0700178,6,6,1979,467,27,35,0,405,4,3,14,10,245,22,1,4,49
0700179,9,9,2450,561,26,59,0,476,2,0,11,17,354,15,4,5,28
0700181,95,95,30521,8514,611,353,0,7550,73,86,222,663,2733,399,44,177,1614
0700184,7,7,1779,334,18,35,0,281,1,0,11,10,203,9,0,2,25
0700187,5,5,1607,409,5,21,0,383,2,1,7,8,262,26,0,20,35
0700190,23,23,7067,1697,74,144,0,1479,6,4,35,38,1060,26,2,9,139
0700193,7,7,1749,255,11,28,0,216,2,0,6,1,153,11,1,1,22
0700199,14,14,4127,654,51,27,0,576,5,4,7,31,229,23,2,5,117
0700202,21,21,6588,1402,84,117,0,1201,6,15,70,102,541,72,8,24,151
0700205,4,4,1261,254,10,43,0,201,0,2,3,6,159,6,0,0,6
0700214,125,125,39982,9531,991,988,0,7552,49,63,277,259,4485,168,68,111,608
0700215,18,18,5141,1100,48,132,0,920,2,6,30,23,695,23,4,6,47
0700217,30,30,9526,2387,154,225,0,2008,15,16,136,104,909,90,4,52,332
0700220,18,18,5564,1241,120,100,0,1021,10,8,70,63,464,49,3,15,116
0700223,8,8,2314,476,20,40,0,416,4,2,11,17,266,17,0,2,42
0700226,36,36,10709,1453,110,95,0,1248,3,25,22,51,695,77,13,7,148
0700232,14,14,4348,1062,77,82,0,903,8,14,29,46,294,34,3,28,133
0700235,50,50,16357,3597,310,282,0,3005,27,41,125,233,866,115,15,72,632
0700237,5,5,1552,194,6,11,0,177,2,2,2,9,86,9,0,4,29
0700238,19,19,5642,1275,43,88,0,1144,10,2,24,46,840,22,4,10,61
0700241,16,16,4281,959,53,51,0,855,8,11,12,29,638,22,1,11,62
0700247,11,11,3606,1058,33,79,0,946,3,6,18,17,656,33,3,7,114
0700248,9,9,2910,771,58,35,0,678,6,7,30,135,285,43,4,10,68
0700249,20,20,6103,1519,60,131,0,1328,6,1,34,25,1033,31,6,13,65
0700250,23,23,7368,1385,68,92,0,1225,5,29,43,67,783,44,2,8,107
0700251,12,12,3202,621,63,52,0,506,7,5,15,20,233,17,3,12,77
0700253,28,28,8921,2934,211,154,0,2569,75,18,117,117,1122,172,16,63,409
0700256,10,10,3290,828,61,67,0,700,8,5,29,30,428,49,0,9,56
0700259,9,9,2543,705,12,61,0,632,2,3,15,25,432,23,18,5,42
0700262,4,4,1301,303,9,28,0,266,2,1,8,18,143,21,0,3,32
0700265,20,20,6371,1201,82,103,0,1016,7,7,61,71,414,56,3,28,136
0700268,24,24,7812,2277,114,92,0,2071,18,17,40,58,1219,88,9,24,234
0700271,21,21,6004,1466,81,147,0,1238,1,3,36,77,900,30,3,4,69
0700274,23,23,6907,1831,125,127,0,1579,9,3,24,79,1040,46,4,17,163
0700277,301,301,101449,29175,2319,1054,0,25802,257,207,869,1566,8736,1555,88,546,6165
0700280,9,9,2898,542,21,40,0,481,4,45,26,22,189,30,2,9,63
0700281,10,10,3023,652,60,62,0,530,6,5,16,35,170,26,2,17,88
0700282,20,20,6447,1341,128,127,0,1086,11,10,99,79,386,36,4,36,170
0700283,20,20,6282,1193,81,57,0,1055,5,9,66,93,457,75,6,21,127
0700286,9,9,2565,367,13,7,0,347,0,0,7,12,223,6,0,3,32
0700289,19,19,6320,1622,104,88,0,1430,6,5,54,67,678,76,8,41,176
0700292,12,12,3946,1027,64,86,0,877,6,7,30,167,331,46,3,17,114
0700298,15,15,5005,632,45,28,0,559,2,7,16,26,308,18,2,6,70
0700301,11,11,3642,464,14,15,0,435,3,3,16,20,187,37,3,17,78
0700304,25,25,7677,1453,78,179,0,1196,15,19,34,107,389,56,5,28,117
0700307,31,31,10294,2653,211,158,0,2284,38,14,78,148,832,115,9,61,453
0700310,10,10,3128,771,47,38,0,686,6,7,24,18,346,32,2,5,104
0700311,12,12,3682,810,25,118,0,667,3,7,30,40,417,14,6,10,41
0700313,25,25,8116,1493,139,134,0,1220,2,13,89,95,410,56,7,22,216
0700316,14,14,4538,778,28,69,0,681,7,2,14,42,442,22,2,7,44
0700319,12,12,3513,910,44,48,0,818,6,6,23,29,456,55,6,20,115
0700322,15,15,4546,821,48,155,0,618,5,7,37,71,240,72,2,9,52
0700324,5,5,1596,310,22,48,0,240,3,1,13,10,166,8,0,1,15
0700325,18,18,5784,1225,90,113,0,1022,4,12,45,100,314,94,6,22,169
0700328,27,27,8597,2069,173,142,0,1754,13,12,95,129,610,118,12,33,316
0700331,7,7,2099,295,11,10,0,274,2,1,7,16,152,20,0,1,29
0700334,18,18,5889,1141,57,111,0,973,5,14,44,27,445,77,3,26,122
0700337,37,37,12079,1615,100,75,0,1440,7,10,53,55,605,90,3,28,275
0700340,8,8,2553,525,40,51,0,434,2,3,17,11,232,33,2,15,40
0700346,14,14,4666,877,43,75,0,759,7,6,24,31,417,32,4,13,89
0900001,1065,1065,348772,102350,8221,4808,0,89321,1636,1142,4283,5989,36433,5612,756,1656,16984
0900004,63,63,19292,2851,137,278,0,2436,18,8,147,77,1583,113,35,20,180
0900007,96,96,29710,5501,350,613,0,4538,29,30,199,182,2884,174,53,51,398
0900013,40,40,11416,2053,96,226,0,1731,19,26,78,106,1046,64,16,30,132
0900022,33,33,10510,1749,57,120,0,1572,3,4,38,34,1262,28,11,7,87
0900034,148,148,47735,7849,634,579,0,6636,68,53,322,522,3083,305,70,95,798
0900037,31,31,9402,1505,74,200,0,1231,33,7,84,43,724,49,19,14,100
0900049,183,183,58225,8488,1027,761,0,6700,51,68,388,435,3349,223,57,76,891
0900052,20,20,5728,659,17,37,0,605,7,5,31,17,291,13,3,3,51
0900055,51,51,15777,2216,78,169,0,1969,13,16,91,115,1235,54,18,17,176
0900058,25,25,7793,581,35,73,0,473,4,5,38,22,254,15,7,10,47
0900061,39,39,12546,3076,114,318,0,2644,9,13,64,320,1797,57,16,21,131
0900067,9,9,2421,493,23,123,0,347,4,4,11,33,206,8,2,6,27
0900076,65,65,20188,3378,195,333,0,2850,32,32,161,134,1525,171,29,45,321
0900078,22,22,6868,667,46,70,0,551,2,8,24,43,261,15,10,19,70
0900079,42,42,12207,1919,84,219,0,1616,20,20,105,42,973,80,19,20,137
0900082,48,48,15170,1811,117,171,0,1523,10,14,88,88,823,60,19,9,164
0900085,55,55,16830,3714,122,401,0,3191,7,12,100,162,2305,80,22,21,217
0900103,130,130,41515,6731,484,621,0,5626,30,26,317,277,3274,261,79,84,512
0900106,34,34,10724,1290,89,116,0,1085,6,5,60,55,686,45,5,12,81
0900109,49,49,15051,1918,82,78,0,1758,23,15,69,161,1036,75,21,14,144
0900115,54,54,16905,2281,107,253,0,1921,3,18,58,106,1289,65,21,21,117
0900120,17,17,5070,659,28,50,0,581,9,9,35,37,319,32,5,4,62
0900124,78,78,24116,4421,491,536,0,3394,29,39,227,163,1880,104,84,55,229
0900127,28,28,8601,1214,76,98,0,1040,7,21,33,61,630,31,8,13,113
0900130,154,154,48037,10286,845,599,0,8842,107,109,525,647,3686,524,66,153,1394
0900133,47,47,13494,1967,108,143,0,1716,11,12,57,60,1180,48,10,16,144
1100001,801,801,267293,55089,6044,4121,0,44924,367,337,946,1914,21616,1644,190,539,7607
1100004,45,45,13202,298,21,113,0,164,3,1,6,7,47,3,1,3,7
1100005,74,74,22750,851,76,319,0,456,4,6,13,25,156,18,4,7,48
1100006,55,55,17546,1313,116,467,0,730,6,4,27,44,160,18,8,12,46
1100007,122,122,30906,1375,182,347,0,846,7,10,31,37,365,35,2,5,33
1100010,61,61,18843,2863,461,764,0,1638,25,21,100,89,379,72,24,48,77
1100013,85,85,27053,1419,127,189,0,1103,9,5,19,43,738,62,5,12,63
1100016,79,79,26450,1202,144,314,0,744,12,6,34,47,328,38,2,11,42
1100019,70,70,21523,1931,318,268,0,1345,12,12,42,67,468,61,6,25,94
1100022,61,61,19528,1261,124,267,0,870,10,8,52,71,264,56,3,23,77
1100025,137,124,38686,3332,340,911,0,2081,19,16,94,135,905,84,17,29,113
1100027,17,17,5128,509,26,120,0,363,2,3,7,13,242,9,3,4,28
1100028,74,73,19719,1037,124,322,0,591,6,6,22,37,218,20,6,26,13
1100029,48,48,14880,1482,333,345,0,804,14,4,30,37,160,34,7,15,26
1100031,65,65,19578,1064,109,213,0,742,5,6,32,34,409,35,3,12,42
1100034,34,34,10414,170,25,81,0,64,1,0,2,3,17,2,0,2,2
1100037,31,31,9438,775,91,180,0,504,5,3,19,19,293,15,1,3,32
1100040,54,54,15469,794,55,177,0,562,2,6,12,21,283,13,1,7,19
1100043,62,59,14067,1330,47,259,0,1024,6,3,116,14,79,13,30,7,4
1100046,49,49,14375,1112,89,297,0,726,9,3,15,29,309,12,7,6,27
1100049,72,72,22350,2353,346,307,0,1700,13,12,50,73,468,64,12,19,219
1100052,77,77,23293,2252,200,463,0,1589,11,15,82,95,746,90,13,21,85
1100053,25,25,7431,1011,195,215,0,601,11,8,16,35,114,20,3,7,26
1100055,81,81,23079,721,75,117,0,529,4,4,31,19,314,12,0,7,30
1100058,93,93,27951,3110,380,833,0,1897,21,14,73,117,872,56,19,29,92
1100060,26,26,6824,425,27,85,0,313,5,11,13,14,138,6,2,7,20
1100061,105,105,32510,3766,365,637,0,2764,28,10,95,160,1165,127,16,31,300
1100064,104,104,35735,3445,613,408,0,2424,13,13,55,118,527,64,9,31,167
1100067,32,32,10146,707,59,157,0,491,2,3,14,14,281,18,0,1,38
1100070,30,30,8963,964,96,151,0,717,3,4,11,22,407,12,3,4,46
1100073,24,24,7348,285,11,92,0,182,1,0,6,6,90,2,1,0,21
1100076,247,247,86978,9269,1397,1183,0,6689,59,60,294,382,2582,356,47,126,857
1100079,19,19,4311,346,17,69,0,260,2,43,5,8,116,4,1,1,19
1100082,81,81,24867,1787,171,361,0,1255,13,10,59,69,433,80,8,13,110
1100085,29,29,7852,878,88,198,0,592,5,4,22,35,321,39,3,3,30
1100086,23,23,6195,168,10,52,0,106,0,0,1,5,58,1,0,1,6
1100087,62,62,19307,2161,355,523,0,1283,12,6,78,55,448,49,10,25,42
1100088,93,93,28887,4091,486,619,0,2986,16,25,125,147,1541,170,13,37,295
1100091,61,54,16363,471,45,105,0,321,5,1,9,14,115,2,1,11,10
1100094,68,68,21556,695,91,254,0,350,6,13,16,21,72,9,4,4,20
1100097,44,44,13520,516,63,96,0,357,1,3,12,9,187,12,1,6,32
1100098,49,49,15894,910,206,199,0,505,5,3,16,36,134,21,5,6,52
1200001,1047,1046,349551,68841,6403,7051,0,55387,1662,2400,2836,2436,26412,1264,391,926,4958
1200075,245,245,78338,13784,1377,1564,0,10843,46,204,650,496,6185,267,52,139,909
1200150,157,157,54423,9088,762,1436,0,6890,132,160,291,269,2788,127,39,95,394
1200170,53,53,17189,2002,85,409,0,1508,9,20,69,43,973,19,8,10,48
1200180,62,62,19915,2134,191,462,0,1481,18,38,67,72,569,26,3,27,94
1200200,104,104,33947,2680,285,415,0,1980,16,60,96,115,1002,54,8,27,140
1200225,100,100,31596,2866,238,506,0,2122,77,45,98,96,1118,56,15,28,139
1200300,86,86,26644,2947,201,451,0,2295,6,29,112,73,1255,53,6,25,54
1200375,77,77,25314,3482,275,514,0,2693,101,267,115,87,1043,49,10,44,266
1200410,82,82,26359,2204,247,398,0,1559,8,39,66,106,838,42,5,20,91
1200415,86,86,29352,2820,307,523,0,1990,18,45,86,74,876,43,12,25,162
1200450,38,38,11458,1190,80,148,0,962,7,16,44,38,608,24,3,10,64
1200525,19,19,4922,601,46,80,0,475,2,13,29,21,250,18,3,7,40
1200600,39,39,11902,1309,91,265,0,953,4,30,39,37,604,22,6,11,61
1200608,101,101,32951,3645,495,703,0,2447,34,109,130,140,926,66,15,43,209
1200625,31,31,9357,1505,138,188,0,1179,9,38,52,46,692,35,4,11,53
1200650,52,52,16794,2292,164,414,0,1714,9,24,72,124,1069,67,12,16,81
1200700,53,53,17469,1702,130,207,0,1365,6,20,78,69,810,32,5,16,100
1200720,73,73,23782,1732,192,371,0,1169,9,39,64,55,593,28,8,15,85
1200750,56,56,16963,2517,183,341,0,1993,27,35,79,57,1194,85,10,38,183
1200800,65,65,20487,3127,279,360,0,2488,9,22,128,121,1301,85,15,37,188
1200825,74,74,23907,3597,267,640,0,2690,31,73,128,102,1549,55,16,33,163
1200850,55,55,17333,2643,198,354,0,2091,20,90,74,62,1220,36,8,17,118
1200875,63,63,19805,3145,305,294,0,2546,15,50,98,115,1532,116,11,42,154
1200900,38,38,11595,1172,85,217,0,870,68,30,34,26,507,17,5,12,32
1300001,1138,1135,376892,77961,8145,11828,0,57988,374,2035,2355,3059,25604,1579,399,823,6549
1300004,117,117,36987,2356,150,421,0,1785,8,26,57,87,976,31,18,17,74
1300007,64,64,19576,1195,79,238,0,878,4,17,38,46,367,27,9,14,71
1300009,58,58,18357,918,57,128,0,733,5,12,20,41,390,29,6,7,33
1300010,238,238,79395,12885,1511,2401,0,8973,64,302,434,442,3768,217,54,169,955
1300013,152,152,49141,3981,422,774,0,2785,17,70,106,112,1226,61,15,39,241
1300014,52,52,16845,1714,88,332,0,1294,11,59,49,63,573,25,6,20,94
1300016,43,43,13686,967,63,133,0,771,2,17,41,26,378,34,7,6,50
1300019,137,137,40765,5082,431,703,0,3948,16,111,157,158,2205,150,27,48,200
1300020,41,41,13126,849,64,252,0,533,5,10,27,36,212,14,3,4,42
1300022,287,287,94814,9158,707,1339,0,7112,37,203,306,309,3303,134,30,93,450
1300023,56,56,16858,1121,54,181,0,886,3,12,36,44,511,26,5,8,40
1300024,46,46,15124,1370,67,197,0,1106,2,17,42,60,573,19,5,9,98
1300025,187,187,63800,5426,615,1125,0,3686,26,107,128,208,1328,68,46,53,343
1300027,69,69,22402,1659,90,348,0,1221,16,14,51,62,630,35,10,20,60
1300028,162,162,57839,4972,472,755,0,3745,20,85,114,177,1888,97,26,45,366
1300031,90,90,28189,1896,142,275,0,1479,9,37,58,61,806,54,16,22,92
1300032,102,102,32875,2383,210,609,0,1564,10,26,63,84,546,45,18,28,111
1300033,65,65,20510,1526,83,281,0,1162,4,21,38,59,614,23,12,15,57
1300034,47,47,14875,1535,101,331,0,1103,5,28,77,41,527,30,5,20,67
1300037,271,271,86638,9017,813,1363,0,6841,40,177,235,278,2800,314,177,98,489
1300040,99,99,32798,2042,148,388,0,1506,16,37,89,78,667,44,13,26,88
1300043,78,78,25053,2541,158,630,0,1753,9,40,95,85,890,55,12,32,73
1300046,92,92,29363,1951,208,472,0,1271,17,20,62,57,587,29,13,30,94
1300049,69,69,22129,2113,117,436,0,1560,12,29,64,65,769,42,7,28,85
1300052,31,31,8745,654,67,193,0,394,3,2,9,20,123,18,2,4,24
1300055,116,116,39286,4759,395,878,0,3486,15,81,163,138,1457,95,29,46,287
1300058,231,229,73305,6161,445,1484,0,4232,31,71,151,192,1757,113,34,58,232
1300060,89,89,28285,1957,132,494,0,1331,10,24,76,71,677,24,5,12,67
1300061,93,93,29327,2327,135,445,0,1747,16,46,63,77,686,47,18,18,116
1500004,30,30,10001,1647,108,87,0,1452,7,36,47,51,696,77,4,21,258
1500007,17,17,5545,1209,88,52,0,1069,3,12,26,59,558,48,1,12,181
1500010,41,41,13487,3460,197,217,0,3046,34,97,94,136,1667,131,19,77,412
1500013,38,38,12351,2773,158,143,0,2472,28,41,52,148,1278,127,14,55,391
1500016,31,31,9943,2684,172,176,0,2336,23,28,63,63,1283,110,4,52,306
1500019,7,7,2278,456,40,53,0,363,3,3,7,14,246,4,1,1,35
1500022,11,11,3023,754,34,74,0,646,3,8,15,21,352,25,7,15,81
1500025,23,23,7519,2134,253,126,0,1755,10,27,79,119,466,105,8,35,503
1500029,12,12,3687,263,19,16,0,228,0,1,3,17,105,7,0,0,23
1500030,31,31,9965,1957,101,67,0,1789,14,29,59,86,961,74,6,30,279
1500031,201,201,65041,25415,1687,446,0,23282,384,327,438,1570,8888,1173,89,701,6070
1500034,37,37,10960,1854,91,161,0,1602,4,22,40,44,1106,48,7,12,158
1500037,48,48,15096,3399,260,176,0,2963,13,43,73,121,1495,113,7,63,524
1500040,21,21,6504,1229,102,65,0,1062,7,6,44,45,534,74,2,21,153
1500043,52,52,16878,4686,441,203,0,4042,22,51,155,207,1377,222,25,96,945
1500046,96,96,31160,9026,465,151,0,8410,122,105,192,348,3379,509,26,342,2268
1500049,17,17,5394,1322,87,70,0,1165,7,11,59,40,645,92,4,16,130
1500052,13,13,4094,1013,55,79,0,879,4,8,12,21,625,32,4,11,63
1500055,360,360,120600,48750,3210,1118,0,44422,675,698,1076,1943,17470,2476,187,1542,11738
1500058,26,26,8624,1985,173,153,0,1659,12,20,47,81,762,70,7,69,311
1500061,38,38,12241,3030,153,90,0,2787,11,37,72,66,1619,114,6,59,507
1500064,53,53,17107,4276,346,260,0,3670,86,50,149,224,1445,227,16,93,687
1500067,73,73,23977,4584,308,303,0,3973,26,53,123,243,1852,230,25,99,640
1500070,15,15,4653,809,26,84,0,699,1,8,14,32,462,29,2,11,81
1500072,61,61,20092,6404,891,407,0,5106,31,53,204,471,1743,202,20,122,1010
1500076,325,325,104175,27814,3115,982,0,23717,177,229,723,1447,6816,1179,103,491,7582
1500079,32,32,10062,2777,161,169,0,2447,33,25,71,82,1478,133,10,38,285
1500085,18,18,5689,1038,52,74,0,912,10,5,12,16,606,38,2,7,123
1500088,250,250,80065,22249,2114,786,0,19349,158,227,514,1237,5326,982,84,531,6202
1500091,13,13,4312,1146,91,82,0,973,5,3,47,66,421,28,4,23,168
1500094,372,372,122077,34404,3203,1546,0,29655,216,250,913,1612,13148,1295,129,707,6065
1500097,19,19,5309,963,29,25,0,909,5,6,10,28,504,66,8,23,110
1500100,38,38,12669,2940,378,147,0,2415,22,21,77,137,768,127,8,37,586
1500103,29,29,9050,2213,129,154,0,1930,6,32,38,64,1107,60,9,36,280
1500106,10,10,3192,784,40,55,0,689,4,11,28,26,359,40,1,5,87
1500109,267,267,87859,22806,2367,1155,0,19284,105,208,699,1085,9232,732,85,387,3026
1500112,30,30,9599,1992,156,138,0,1698,12,11,99,128,694,64,6,31,274
1500115,77,77,22959,4968,417,410,0,4141,22,32,165,255,2363,121,12,53,537
1500118,38,38,12364,3371,270,161,0,2940,23,28,122,132,1142,167,22,70,632
1500121,9,9,2802,334,27,35,0,272,0,2,2,20,164,7,3,4,24
1500124,17,17,5645,1377,67,50,0,1260,11,18,31,50,566,68,6,41,258
1500127,16,16,4604,1256,66,80,0,1110,10,13,38,38,557,42,3,31,165
1500128,15,15,4776,1153,79,97,0,977,4,3,26,25,726,22,5,7,76
1500130,9,9,2930,774,36,83,0,655,4,7,9,15,443,21,4,8,44
1500132,21,21,6720,1198,125,83,0,990,7,6,45,68,447,44,2,15,196
1500133,9,9,2873,449,23,27,0,399,2,4,11,15,259,10,1,4,39
1500136,18,18,5499,1171,91,105,0,975,4,11,33,53,531,81,1,22,90
1500139,80,80,25398,7874,489,260,0,7125,127,101,159,308,2684,397,34,233,1916
1500142,87,87,27969,6395,484,301,0,5610,75,71,148,397,2490,299,25,157,1005
1500145,28,28,8561,1217,73,122,0,1022,4,6,41,74,573,27,19,14,109
1500148,20,20,6159,1452,47,175,0,1230,2,49,33,20,883,31,5,14,101
1500151,44,44,14488,3479,203,131,0,3145,34,30,62,169,1858,112,8,64,412
1500154,24,24,7635,2830,139,162,0,2529,9,15,83,73,1707,114,7,32,224
1500157,20,20,6670,1945,88,119,0,1738,12,16,37,58,1140,66,5,26,202
1500160,273,273,88351,25795,2898,1079,0,21818,164,257,717,1279,6017,1051,90,615,6529
1500163,13,13,4101,1195,48,89,0,1058,5,5,19,58,638,55,3,25,127
1500166,26,26,7047,1381,52,80,0,1249,4,7,33,32,960,46,1,13,92
1500169,292,292,95183,24883,1948,648,0,22287,198,272,555,1581,6562,1084,91,662,7304
1500172,9,9,2949,531,48,49,0,434,1,3,9,15,268,14,2,7,38
1500175,35,35,11406,3106,349,200,0,2557,11,25,129,126,1048,93,5,50,541
1500178,20,20,6502,1367,109,134,0,1124,4,11,37,55,640,50,6,13,139
1500181,12,12,3485,929,42,73,0,814,1,7,25,20,473,38,6,13,138
1500184,17,17,5445,1316,93,120,0,1103,4,16,30,28,664,51,3,24,157
1500190,75,75,23708,6735,385,387,0,5963,35,45,148,645,3066,353,12,103,828
1500193,16,16,5243,921,21,69,0,831,1,10,12,21,564,57,2,4,61
1500196,14,14,4431,777,70,81,0,626,3,7,17,33,328,41,3,18,72
1500198,26,26,7847,1462,94,134,0,1234,1,11,55,52,851,37,1,18,101
1500199,26,26,8587,1243,94,103,0,1046,11,18,33,63,416,69,6,21,184
1500202,42,42,13515,1930,210,201,0,1519,11,17,68,83,868,49,11,13,159
1500205,12,12,2914,522,21,50,0,451,3,5,9,8,262,18,3,4,56
1500208,14,14,4380,1300,71,113,0,1116,4,5,21,33,764,34,1,22,118
1500211,18,18,5916,1372,115,100,0,1157,7,8,24,31,713,34,2,17,162
1500214,21,21,6286,1411,42,108,0,1261,2,20,29,35,887,61,1,19,88
1500217,23,23,7408,1056,63,41,0,952,10,24,16,41,566,47,7,8,128
1500218,40,40,12965,2716,215,192,0,2309,13,18,69,165,1138,86,9,63,365
1500220,28,28,9510,2257,141,143,0,1973,28,21,65,128,975,83,6,48,312
1500223,25,25,8031,1430,93,116,0,1221,16,16,34,39,621,47,6,24,199
1500226,17,17,4594,997,25,70,0,902,2,6,16,32,532,141,2,7,70
1500229,32,32,9772,2875,181,169,0,2525,31,32,76,125,1384,117,15,47,324
1500232,30,30,9293,1756,107,116,0,1533,9,22,47,56,985,54,5,32,155
1500235,30,30,9608,2296,131,149,0,2016,14,21,42,102,1123,120,6,92,243
1500238,30,30,9646,1726,134,43,0,1549,15,7,42,57,615,79,4,40,386
1500239,89,89,28234,6211,557,254,0,5400,31,55,170,325,1645,347,20,137,1580
1500241,62,62,20336,3775,242,193,0,3340,26,24,113,167,1871,158,21,84,431
1500244,33,33,10353,3346,375,307,0,2664,14,27,131,135,1112,143,20,66,505
1500247,1036,1036,339995,71214,7324,2784,0,61106,457,670,1699,4254,17198,3217,250,1674,17875
1500250,65,65,20770,5186,354,144,0,4688,69,41,86,208,1632,266,21,148,1395
1500256,41,41,13231,4607,379,196,0,4032,47,74,108,168,2049,219,21,103,720
1500259,38,38,11887,3339,435,279,0,2625,24,30,126,247,629,168,13,77,579
1500262,15,15,4753,1279,85,69,0,1125,4,8,26,26,686,51,10,17,162
1500265,17,17,5677,1472,85,133,0,1254,11,16,46,88,470,88,5,25,194
1500268,14,14,4336,1149,80,91,0,978,4,10,46,50,499,32,6,10,174
1500271,58,58,18715,5845,536,258,0,5051,73,55,138,296,1850,289,23,149,1099
1500274,21,21,6385,1533,120,102,0,1311,4,11,64,83,623,56,9,28,187
1500277,24,24,7957,1572,85,91,0,1396,14,33,50,87,681,78,4,43,197
1500280,58,58,19154,5148,340,107,0,4701,57,170,135,252,1639,273,13,138,1167
1500283,15,15,4558,1061,57,92,0,912,8,10,33,50,444,44,2,28,146
1500286,10,10,3069,603,36,76,0,491,7,7,17,21,215,27,1,16,100
1500289,41,41,13307,2241,135,150,0,1956,15,20,66,127,1044,75,9,29,231
1500292,126,126,40247,12436,1433,557,0,10446,76,95,329,650,3179,486,29,275,2985
1500295,14,14,4509,774,26,82,0,666,4,7,22,25,343,33,0,22,99
1500298,35,35,8911,2187,110,249,0,1828,6,12,40,54,1218,69,8,34,143
1500301,20,20,6364,1247,93,52,0,1102,12,17,21,51,506,51,4,30,198
1500304,119,119,37178,11475,982,527,0,9966,76,82,474,487,3873,472,51,206,2149
1500307,23,23,6917,1591,132,94,0,1365,13,24,23,110,585,74,2,28,213
1500316,16,16,5095,1451,88,152,0,1211,13,14,16,33,854,22,3,25,129
1500318,14,14,3876,749,51,82,0,616,2,4,19,32,326,34,1,5,68
1500319,24,24,7381,1776,69,162,0,1545,1,8,38,44,1061,38,4,10,176
1500322,14,14,4430,1054,63,50,0,941,5,11,17,31,613,41,3,13,100
1500323,8,8,2230,449,27,35,0,387,1,6,8,34,225,15,0,1,60
1500325,45,45,14656,4271,208,195,0,3868,32,23,127,127,2077,377,22,61,531
1500328,81,81,25365,5469,360,259,0,4850,23,60,145,386,2607,191,27,97,816
1500331,39,39,12162,1945,120,143,0,1682,7,12,45,72,997,73,6,29,145
1500334,39,39,11173,1686,76,119,0,1491,5,12,26,44,831,42,5,8,72
1500337,13,13,4387,1147,93,57,0,997,8,18,28,65,399,45,3,24,186
1500340,336,336,110079,30953,3088,963,0,26902,280,355,644,1346,7899,1425,94,681,8394
1600001,18157,18151,6101479,1804505,111557,37943,0,1655005,25892,29124,27451,77286,539612,82856,5630,77162,506680
1700001,283,282,90105,15969,2277,2304,0,11388,75,137,449,611,2024,302,194,190,707
1700002,28,28,8547,1301,130,278,0,893,7,2,28,64,162,19,8,15,28
1700004,37,37,10992,1044,63,284,0,697,11,17,44,35,318,17,15,24,16
1700006,54,49,12065,511,24,120,0,367,2,4,13,19,46,2,1,4,4
1700007,31,31,8536,2062,30,912,0,1120,2,4,14,13,143,5,4,4,13
1700008,30,30,9025,464,60,68,0,336,3,5,18,29,123,22,2,12,22
1700010,45,34,12582,471,24,91,0,356,1,2,28,15,80,12,5,9,25
1700011,36,26,8904,586,34,107,0,445,0,1,10,9,129,5,3,7,18
1700012,26,24,7586,719,80,119,0,520,2,0,21,16,60,2,4,6,12
1700013,42,42,11446,913,132,203,0,578,3,18,19,36,137,21,13,16,38
1700014,18,18,5148,749,89,158,0,502,9,6,36,23,108,15,11,12,14
1700015,38,38,10346,1895,111,781,0,1003,10,14,66,50,182,22,31,20,26
1700016,24,24,7297,987,42,154,0,791,3,3,33,29,463,23,79,6,39
1700017,19,19,5990,552,36,109,0,407,1,3,26,35,89,10,3,7,16
1700019,84,84,24507,3204,354,800,0,2050,28,43,143,146,448,72,35,70,105
1700022,14,14,3918,98,11,19,0,68,0,1,2,1,29,1,0,0,1
1700025,32,32,9275,988,119,236,0,633,3,5,25,21,190,21,9,9,22
1700026,37,35,9759,1075,25,245,0,805,2,12,50,64,183,8,2,4,10
1700027,30,29,8044,1463,137,876,0,450,13,11,33,28,68,10,6,13,10
1700028,26,26,6059,723,65,307,0,351,2,7,26,19,88,10,9,15,20
1700031,24,24,7190,261,35,68,0,158,3,1,8,6,44,6,3,3,14
1700032,20,20,4751,257,21,72,0,164,1,4,6,7,73,7,3,2,9
1700034,53,49,14381,1053,67,387,0,599,3,7,24,56,166,20,21,12,14
1700035,25,25,7611,863,48,140,0,675,6,2,72,35,221,13,11,16,27
1700037,22,22,4409,175,20,27,0,128,2,2,6,13,57,4,1,5,10
1700038,43,42,9216,486,195,198,0,93,1,4,5,2,10,4,3,2,4
1700040,12,12,3162,660,49,303,0,308,1,1,21,7,47,4,9,5,19
1700043,51,51,14720,1172,161,304,0,707,12,34,29,28,211,18,9,11,35
1700048,34,34,10345,434,27,80,0,327,2,4,18,23,104,10,11,9,4
1700060,22,22,6087,508,66,93,0,349,3,0,16,17,118,14,4,9,15
1700082,40,40,11740,1068,66,399,0,603,4,9,39,26,203,17,39,17,19
1900001,889,889,297137,73221,7421,4355,0,61445,474,1296,2418,3205,27747,1744,289,1087,11265
1900004,71,71,23574,4410,206,397,0,3807,9,16,122,245,2923,48,4,29,157
1900007,26,26,8254,1137,107,130,0,900,3,9,48,45,520,20,3,10,114
1900010,52,52,16542,2573,241,203,0,2129,11,22,92,122,1177,47,10,19,195
1900013,58,58,18610,1931,135,288,0,1508,3,7,89,105,846,58,1,14,121
1900016,11,11,3618,385,29,28,0,328,1,6,4,14,189,2,1,1,40
1900019,22,22,6535,1272,76,196,0,1000,2,9,51,72,601,20,3,11,65
1900022,83,83,26480,3262,349,240,0,2673,16,31,114,159,1430,59,7,34,308
1900025,28,28,8901,1883,175,192,0,1516,7,8,56,55,1043,51,8,15,101
1900028,23,23,7011,1196,51,121,0,1024,4,4,26,49,761,29,3,6,74
1900031,13,13,3966,705,55,75,0,575,3,8,22,29,355,17,1,6,49
1900034,180,180,61202,13364,1123,1144,0,11097,62,149,575,527,6323,413,79,156,1085
1900037,65,65,20915,3509,306,334,0,2869,11,24,133,148,1781,83,8,30,226
1900040,46,46,14881,2409,154,269,0,1986,9,19,95,122,1231,55,6,21,147
1900043,21,21,6445,1014,108,133,0,773,3,5,49,43,410,24,2,15,92
1900044,70,70,22687,2585,203,316,0,2066,9,16,93,138,1285,53,7,26,192
1900046,26,26,8016,1155,59,120,0,976,5,7,41,38,589,33,0,13,114
1900047,40,40,13144,1755,128,207,0,1420,3,7,43,66,803,33,1,9,98
1900049,136,136,47012,7159,681,733,0,5745,27,55,328,273,3230,220,29,74,622
1900050,17,17,5486,884,46,117,0,721,4,5,22,42,482,21,2,7,39
1900051,29,29,9185,1611,68,181,0,1362,1,5,46,56,1037,23,3,9,82
1900052,18,18,5583,1600,94,144,0,1362,10,10,50,50,975,36,1,14,97
1900055,68,68,22614,3781,407,343,0,3031,11,34,102,148,1793,90,15,32,410
1900056,32,32,10299,1409,87,193,0,1129,5,7,45,49,758,30,3,11,75
1900058,33,33,10687,1779,136,240,0,1403,9,11,87,73,883,37,3,23,97
1900061,332,332,113482,19404,1733,1821,0,15850,85,181,738,945,8792,480,51,233,2060
1900064,63,63,20202,4672,470,520,0,3682,27,35,183,213,1860,83,13,47,448
1900067,34,34,10871,2264,93,317,0,1854,0,7,64,72,1438,33,5,17,64
1900070,87,87,27574,3935,235,564,0,3136,13,25,137,168,2007,106,13,40,206
1900074,28,28,8991,1477,68,95,0,1314,5,8,46,24,954,38,5,12,122
1900076,50,50,16518,1488,83,120,0,1285,3,9,30,36,911,23,5,18,72
1900079,42,42,13386,2080,115,170,0,1795,44,41,55,49,1230,54,7,22,135
1900082,35,35,11319,1639,145,216,0,1278,5,17,72,83,788,38,5,22,101
1900085,22,22,6931,1832,96,170,0,1566,6,12,33,38,1207,36,1,8,102
1900088,54,54,17520,2528,182,181,0,2165,13,15,117,92,1407,62,7,30,159
1900091,22,22,6980,1174,105,157,0,912,5,22,45,34,504,35,5,10,75
1900094,23,23,7182,1505,160,131,0,1214,6,18,53,49,700,22,0,23,188
2100001,1233,1233,409754,82901,10285,7192,0,65424,500,3301,3234,4439,28343,1928,364,1215,7009
2100008,36,36,11238,976,94,322,0,560,11,16,30,33,203,15,3,8,34
2100010,95,95,30800,3637,382,940,0,2315,22,66,157,156,862,57,20,42,160
2100012,77,77,25008,1710,123,168,0,1419,10,50,73,74,818,45,1,17,80
2100013,30,30,9224,584,40,123,0,421,3,12,14,27,194,7,3,7,19
2100015,49,49,15899,1023,37,179,0,807,5,13,42,31,449,11,1,12,38
2100016,283,283,94906,16046,2497,2774,0,10775,80,479,749,851,4328,268,72,197,800
2100020,38,38,12353,925,37,127,0,761,9,43,16,51,363,7,6,16,44
2100025,162,162,52945,4893,360,754,0,3779,46,77,255,150,1880,94,15,44,187
2100028,46,46,14304,1082,59,216,0,807,8,125,29,45,303,20,4,13,25
2100030,51,51,16780,953,117,277,0,559,10,25,32,41,199,10,4,16,36
2100031,176,176,60685,8007,964,1765,0,5278,28,247,332,306,2605,138,39,147,331
2100040,82,82,25242,1952,89,279,0,1584,4,69,82,66,807,50,7,19,56
2100042,54,54,17402,1112,68,182,0,862,6,22,43,35,514,13,1,11,30
2100046,32,32,10946,1249,43,172,0,1034,8,25,29,40,628,14,7,14,62
2100048,36,36,10074,909,49,108,0,752,4,13,46,24,379,15,1,9,27
2100049,96,96,31480,3403,280,594,0,2529,22,77,108,167,1046,51,6,47,96
2100052,132,132,44536,4738,548,832,0,3358,24,189,158,291,1496,95,22,38,187
2100055,69,69,22924,2398,298,719,0,1381,10,28,120,130,577,31,5,42,68
2100058,26,26,7788,737,65,201,0,471,3,20,28,18,207,6,5,11,30
2100060,43,43,12694,1031,35,174,0,822,6,30,53,42,496,10,7,15,23
2100067,26,26,8514,933,47,268,0,618,4,29,16,24,349,7,5,7,46
2100070,60,60,18435,1571,76,274,0,1221,2,16,85,77,612,29,5,17,41
2100073,32,32,9660,852,42,145,0,665,2,14,43,40,285,15,2,12,26
2100076,57,57,18084,1662,100,246,0,1316,12,44,58,66,800,30,6,21,43
2100078,30,30,9296,661,24,138,0,499,0,7,25,19,234,6,2,7,24
2100079,66,66,21755,3205,316,752,0,2137,17,82,147,178,661,41,12,52,88
2100085,40,40,12158,871,46,173,0,652,10,19,29,39,299,12,6,6,30
2100090,30,30,9187,705,35,96,0,574,5,18,17,19,353,36,3,7,19
2100095,153,153,51678,4374,609,1201,0,2564,23,84,168,196,1072,63,8,68,104
2300001,943,943,315816,55357,6526,3863,0,44968,583,353,1267,2556,16490,2274,247,771,9506
2300004,26,26,7545,1471,84,197,0,1190,5,4,28,23,827,57,4,10,86
2300007,21,21,6357,713,53,124,0,536,2,5,20,27,162,19,3,4,60
2300010,26,26,7236,611,40,105,0,466,12,1,19,27,195,18,1,4,45
2300013,20,20,6166,640,21,73,0,546,3,0,13,11,387,22,2,5,30
2300016,94,88,24403,1526,117,185,0,1224,13,11,43,44,237,21,9,31,35
2300017,18,18,5511,622,29,89,0,504,2,3,16,38,217,19,0,9,57
2300019,63,63,19140,2369,154,416,0,1799,9,8,50,64,1011,64,10,27,150
2300022,25,25,7233,738,58,134,0,546,1,3,12,26,212,19,4,4,30
2300025,35,35,9146,1194,88,183,0,923,7,8,26,56,417,36,0,16,80
2300028,22,22,6473,657,48,85,0,524,0,10,15,25,217,27,2,11,81
2300031,36,36,11528,802,54,178,0,570,12,4,21,47,163,25,4,7,52
2300034,26,26,8245,548,43,96,0,409,7,4,18,15,149,7,1,8,40
2300037,83,83,26841,1906,127,289,0,1490,10,12,50,82,513,65,8,22,123
2300038,37,37,11544,1217,108,213,0,896,7,5,25,33,457,72,5,14,89
2300039,27,27,7594,515,136,230,0,149,2,4,6,9,24,6,6,2,10
2300040,26,26,7262,758,30,84,0,644,0,0,5,3,73,2,4,4,15
2300041,62,62,18282,971,120,459,0,392,7,5,20,20,91,15,5,12,12
2300043,36,36,12393,1320,72,258,0,990,7,6,39,43,562,58,7,12,73
2300044,21,21,6072,392,21,85,0,286,1,0,7,16,127,15,0,5,36
2300046,39,39,12102,1836,140,343,0,1353,12,6,40,49,759,57,11,13,121
2300047,26,26,7037,119,11,46,0,62,0,0,3,6,27,0,0,6,1
2300049,21,21,6062,633,37,78,0,518,2,1,10,10,373,8,2,2,47
2300052,47,47,14949,1003,52,119,0,832,1,7,16,40,222,41,3,10,107
2300055,37,37,11274,1717,215,371,0,1131,12,8,28,62,302,92,8,16,121
2300058,17,17,5525,604,46,132,0,426,2,3,20,31,137,9,2,3,79
2300061,25,25,7655,671,43,161,0,467,3,3,19,19,158,18,4,11,61
2300064,26,26,6858,557,38,52,0,467,5,6,12,20,219,31,2,1,64
2300067,307,307,106717,13365,1253,1367,0,10745,107,110,396,720,3428,394,37,222,1853
2300073,48,48,14221,1560,105,295,0,1160,9,8,53,49,657,26,4,14,89
2300076,32,32,9588,1185,100,246,0,839,10,3,23,51,440,29,1,6,84
2300077,14,14,4138,361,34,81,0,246,2,2,20,13,123,7,0,2,25
2300078,20,20,5898,240,9,51,0,180,2,0,7,7,23,1,1,6,3
2300079,82,82,24337,3307,269,478,0,2560,16,11,108,126,1522,60,5,32,159
2300080,31,31,9001,500,44,86,0,370,3,2,15,16,174,7,1,5,28
2300082,30,30,8624,723,53,181,0,489,41,5,18,17,209,20,1,6,48
2300085,27,27,8149,750,89,199,0,462,3,4,21,24,183,18,4,9,83
2300088,32,32,7496,248,25,75,0,148,5,1,7,9,21,3,1,8,8
2300091,23,23,6638,381,47,67,0,267,1,1,8,12,108,16,1,4,29
2300094,27,27,7294,93,13,25,0,55,0,0,1,5,15,2,0,3,7
2300095,55,55,16628,435,46,91,0,298,5,2,13,16,64,9,4,10,14
2300096,17,17,5198,1226,162,266,0,798,9,2,27,53,316,37,6,17,94
2300097,20,20,6102,760,65,151,0,544,7,4,27,34,241,18,3,8,96
2300098,41,41,12950,543,74,119,0,350,5,6,12,16,69,10,3,5,32
2300100,37,37,10164,1021,72,138,0,811,7,4,34,34,295,25,4,12,80
2300101,16,16,5204,245,57,50,0,138,1,12,6,8,43,3,1,0,18
2300103,25,25,7874,830,72,115,0,643,9,8,9,65,185,21,2,8,85
2300106,47,47,15725,2165,177,291,0,1697,11,22,58,83,639,38,13,24,257
2300109,65,63,18993,613,55,117,0,441,1,4,18,13,181,17,2,6,41
2300112,39,36,10193,217,20,71,0,126,0,8,9,12,20,2,0,4,6
2300115,84,84,23148,971,107,197,0,667,9,3,14,41,267,28,5,8,102
2300118,55,55,17496,2368,202,492,0,1674,15,12,59,126,626,75,10,31,212
2300120,21,21,6923,1367,68,236,0,1063,3,8,36,25,719,38,7,13,64
2300121,42,42,13741,1630,167,329,0,1134,9,12,43,67,576,41,6,11,70
2300123,20,20,5910,975,41,159,0,775,2,6,19,20,559,21,3,7,34
2300124,42,42,12045,885,85,236,0,564,5,8,22,37,261,8,1,10,39
2300125,30,30,8104,581,189,150,0,242,0,2,10,52,50,3,2,5,7
2300127,28,27,8155,448,28,70,0,350,2,0,0,4,87,6,1,8,28
2300130,19,19,5983,718,40,126,0,552,2,4,21,24,211,40,0,5,54
2300133,45,45,14142,1072,107,259,0,706,6,2,31,37,353,20,10,6,35
2300136,37,37,10365,911,66,149,0,696,9,7,22,34,351,16,5,6,74
2300139,525,501,144630,15259,1526,4922,0,8811,122,106,488,511,2551,322,90,259,480
2300142,120,120,36557,2913,423,506,0,1984,13,22,69,101,574,122,17,40,347
2300145,30,30,9177,785,72,95,0,618,6,6,18,27,308,27,4,12,62
2400001,1378,1378,461611,107136,9190,6323,0,91623,968,821,3973,4411,41985,4708,629,1382,15266
2400008,35,35,10855,1579,88,135,0,1356,11,10,70,76,810,59,14,16,136
2400013,20,20,5934,511,29,39,0,443,1,1,27,56,209,25,5,9,40
2400021,72,72,22859,3029,201,362,0,2466,20,29,186,95,1356,122,22,42,189
2400025,547,547,177873,34959,3505,2434,0,29020,251,237,1572,1788,12275,1224,252,480,4988
2400029,34,34,11015,1835,88,162,0,1585,14,13,88,61,988,73,18,22,108
2400038,22,22,6903,514,19,18,0,477,2,0,23,14,337,18,4,1,28
2400046,98,98,34276,3128,256,212,0,2660,18,24,119,139,1346,119,20,27,388
2400054,51,51,15820,2045,135,198,0,1712,17,8,80,69,925,116,17,18,131
2400062,41,41,12825,793,56,88,0,649,7,0,35,20,395,33,4,7,49
2400070,38,38,12219,796,44,142,0,610,1,4,24,16,350,15,2,7,46
2400078,68,68,21760,1283,64,95,0,1124,9,6,61,50,550,51,11,6,143
2400086,199,199,68634,12349,994,754,0,10601,82,86,492,473,5569,525,90,162,1564
2400094,39,39,12111,1273,56,142,0,1075,6,15,42,46,641,50,8,14,101
2500001,1995,1995,659655,161441,13350,13215,0,134876,1059,1775,10866,7645,69244,9696,577,2178,16073
2500004,89,89,25676,4298,209,869,0,3220,13,55,234,122,2043,198,17,46,172
2500007,26,26,7817,1014,73,123,0,818,2,7,36,25,592,40,2,11,35
2500010,29,29,8756,2116,136,201,0,1779,6,22,84,71,1204,73,10,11,132
2500013,15,15,4503,768,32,75,0,661,1,8,22,8,534,28,5,5,24
2500016,9,9,2702,583,29,54,0,500,0,1,22,29,358,16,1,3,33
2500019,27,27,7695,2268,55,282,0,1931,4,7,48,20,1676,33,6,7,39
2500022,57,57,17059,1758,110,281,0,1367,9,14,101,66,725,60,2,28,126
2500025,23,23,7130,1138,32,110,0,996,3,13,48,21,715,51,3,11,49
2500028,50,50,16061,3754,360,289,0,3105,19,36,167,124,1846,168,13,36,336
2500031,32,32,9297,1503,72,152,0,1279,1,18,54,50,889,53,4,14,84
2500034,23,23,7055,1180,41,72,0,1067,1,5,36,51,773,43,2,10,59
2500036,54,54,16554,1106,104,378,0,624,7,10,68,47,155,19,7,17,51
2500037,46,46,11659,1451,68,269,0,1114,8,26,48,142,565,29,3,18,73
2500038,79,79,25465,5014,344,641,0,4029,15,31,336,260,2335,189,22,46,335
2500040,19,19,5854,2041,81,112,0,1848,10,12,51,24,1283,299,3,12,71
2500043,27,27,8355,647,52,232,0,363,7,4,33,12,136,12,3,12,28
2500046,17,17,5174,549,11,48,0,490,2,1,38,17,298,27,4,8,30
2500049,19,19,5671,718,35,75,0,608,5,2,18,31,399,85,1,7,25
2500051,35,35,10494,1627,99,301,0,1227,9,11,76,38,801,34,8,12,70
2500052,23,23,7257,718,47,133,0,538,3,6,40,15,305,44,3,12,30
2500054,259,259,83885,20259,1770,1576,0,16913,115,191,1190,877,9234,918,59,255,2028
2500055,12,12,3761,1462,51,302,0,1109,2,2,45,15,808,129,3,6,45
2500058,11,11,3404,733,51,115,0,567,1,4,20,15,392,20,7,5,41
2500061,285,285,91011,21726,1712,1890,0,18124,223,348,924,884,10064,1076,74,275,1926
2500064,155,155,49561,12649,1007,794,0,10848,84,122,627,554,5073,613,40,199,1884
2500067,14,14,4496,1566,93,190,0,1283,5,7,72,23,874,62,0,9,109
2500069,64,64,20694,623,30,70,0,523,1,6,29,20,324,27,6,7,45
2500070,32,32,10138,1411,64,201,0,1146,10,13,94,33,746,67,3,25,43
2500073,34,34,10240,1898,116,202,0,1580,3,11,79,36,1136,91,4,8,93
2500076,33,33,8775,747,113,288,0,346,0,7,21,15,93,23,3,9,37
2500079,32,32,10248,1640,117,185,0,1338,7,11,115,56,849,51,4,15,101
2500082,17,17,5330,816,28,57,0,731,2,3,34,5,552,27,1,3,71
2500085,75,75,20950,4581,273,803,0,3505,17,32,179,97,2538,121,23,37,167
2500088,16,16,4799,1014,25,104,0,885,2,4,16,31,757,12,0,2,27
2500091,40,40,12267,756,44,309,0,403,5,6,33,21,108,24,7,11,40
2500093,144,144,46331,5724,483,1325,0,3916,36,64,374,266,1493,227,41,78,305
2500094,45,45,13432,2976,131,311,0,2534,8,21,107,71,1788,126,5,20,187
2500097,14,14,4160,637,27,57,0,553,0,1,14,3,457,23,1,2,17
2500100,336,336,109337,19282,1266,1776,0,16240,89,133,1761,1139,8311,1152,96,253,1532
2600001,845,845,281077,70026,6348,3557,0,60121,775,616,2626,3206,27887,3624,422,1214,10560
2600005,9,9,2753,562,35,46,0,481,1,2,18,12,288,30,13,8,59
2600010,191,191,62979,12291,1113,798,0,10380,97,79,496,571,5008,506,93,164,1710
2600020,79,79,24524,5521,457,490,0,4574,40,60,218,199,2341,218,31,72,686
2600025,17,17,5632,857,53,110,0,694,3,8,24,52,372,23,3,9,87
2600030,35,35,11022,1826,164,129,0,1533,17,22,88,71,813,75,8,22,206
2600040,24,24,7471,1715,97,228,0,1390,10,11,76,51,893,81,21,12,82
2600050,94,94,30764,4879,514,508,0,3857,36,27,227,176,1803,181,22,61,597
2600060,110,110,35335,5845,663,608,0,4574,41,42,293,253,2375,184,38,94,528
2600070,19,19,5835,977,58,69,0,850,3,2,31,29,565,38,5,6,75
2600080,91,91,31021,4218,303,272,0,3643,28,31,160,122,1803,228,25,45,496
2600090,21,21,6130,1438,95,130,0,1213,16,6,64,37,638,60,10,9,157
2700001,1621,1621,527461,148359,13009,5501,0,129849,1321,2164,6002,7790,61475,7170,539,2006,25200
2700004,5,5,1566,337,11,40,0,286,2,0,8,7,217,11,2,1,9
2700007,15,15,3681,709,21,43,0,645,4,5,25,22,486,29,0,1,25
2700010,22,22,7239,1568,95,158,0,1315,9,7,62,145,792,53,0,8,104
2700013,86,86,27490,5859,484,380,0,4995,30,36,172,221,2321,176,27,70,645
2700016,24,24,7874,1643,83,103,0,1457,8,12,49,51,796,103,24,19,238
2700019,595,595,191130,36829,5418,3135,0,28276,216,457,1206,1927,8991,1171,172,373,5167
2700022,16,16,4582,764,53,83,0,628,4,9,31,23,311,67,4,9,85
2700025,35,35,8283,1312,78,159,0,1075,6,14,40,35,747,38,7,8,59
2700028,6,6,1842,468,15,42,0,411,3,0,14,20,291,15,2,4,37
2700031,6,6,1861,428,14,24,0,390,1,7,15,18,284,10,2,7,24
2700034,16,16,5146,1375,45,96,0,1234,3,10,33,29,928,50,1,9,63
2700037,16,16,3803,844,44,109,0,691,2,2,22,38,506,25,3,6,28
2700040,11,11,2187,528,22,40,0,466,2,6,11,14,313,55,0,4,25
2700043,20,20,5656,1145,54,105,0,986,3,8,34,48,671,27,2,9,67
2700045,98,98,30233,4016,378,425,0,3213,14,30,146,149,1924,100,27,44,298
2700046,20,20,5328,1225,70,88,0,1067,3,5,38,80,725,38,4,8,81
2700049,10,10,2908,876,38,53,0,785,4,2,15,24,622,28,0,4,30
2700052,10,10,3111,729,68,86,0,575,1,2,18,32,342,19,4,12,56
2700055,14,14,4432,865,43,125,0,697,1,7,33,62,467,14,3,8,32
2700058,36,36,10646,2850,276,242,0,2332,19,21,103,152,1405,100,6,29,212
2700061,34,34,10415,2300,148,213,0,1939,11,20,91,194,1043,131,5,28,179
2700064,13,13,3523,1114,78,101,0,935,5,6,35,14,689,49,1,6,61
2700067,9,9,2633,510,15,42,0,453,1,5,13,11,339,18,1,4,30
2700070,14,14,4459,434,30,52,0,352,5,4,9,34,186,14,2,3,26
2700071,44,44,12571,2544,139,218,0,2187,7,19,73,65,1698,98,4,16,87
2700073,6,6,1702,315,17,27,0,271,2,0,5,5,174,38,1,1,28
2700074,46,46,13378,2571,189,296,0,2086,8,16,98,80,1367,96,13,30,144
2700075,17,17,4066,519,20,90,0,409,2,8,28,4,268,19,0,3,15
2700076,8,8,2267,410,13,37,0,360,1,0,6,15,298,7,0,0,14
2700079,16,16,3574,949,30,63,0,856,3,9,35,69,568,55,4,13,55
2700080,22,22,6222,615,25,73,0,517,3,4,14,35,294,31,1,3,54
2700082,682,682,220850,66015,5755,2864,0,57396,484,897,2637,3800,27296,2989,261,870,10707
2700085,14,14,2727,680,27,35,0,618,4,3,18,10,441,67,5,1,39
2700088,13,13,3574,630,36,98,0,496,5,7,5,22,340,18,1,2,40
2700091,416,416,132989,30270,2878,1720,0,25672,186,280,1609,1703,12491,1162,114,347,4024
2700094,23,23,5763,1224,55,92,0,1077,6,7,37,40,810,31,4,6,65
2700097,16,16,4475,1297,36,89,0,1172,4,6,19,23,884,91,1,7,58
2700100,7,7,2074,437,10,22,0,405,2,2,12,12,297,27,0,0,36
2700103,15,15,4699,747,54,97,0,596,3,10,13,40,324,35,0,9,71
2700106,14,14,4554,556,55,64,0,437,3,4,14,35,217,19,3,8,46
2700109,8,8,2202,390,28,56,0,306,2,8,11,30,180,14,0,1,23
2700112,12,12,3528,531,42,44,0,445,1,9,14,34,215,52,3,6,37
2700115,6,6,1421,452,6,29,0,417,2,2,9,6,140,233,1,1,8
2700118,14,14,4206,560,23,65,0,472,7,5,12,15,211,142,1,3,38
2700119,19,19,5973,1408,36,130,0,1242,3,10,23,22,982,55,3,5,47
2700120,36,36,10484,1323,69,87,0,1167,2,5,36,28,825,17,3,7,117
2700121,117,117,37185,8329,593,536,0,7200,33,73,406,361,4067,663,37,106,782
2700124,34,34,10604,2446,180,195,0,2071,10,19,148,127,1160,101,7,33,158
2700127,8,8,2397,580,13,60,0,507,0,2,19,26,385,17,1,4,20
2700130,56,56,16811,3665,191,178,0,3296,17,29,113,180,1923,192,8,42,411
2700133,18,18,5424,1238,49,75,0,1114,3,4,29,19,902,33,1,8,49
2700136,29,29,8356,1808,149,183,0,1476,8,18,67,88,953,69,5,24,102
2700139,17,17,3987,890,37,68,0,785,2,8,41,17,577,18,3,7,56
2700142,13,13,4146,909,32,92,0,785,3,3,13,58,556,53,2,8,30
2700145,33,33,10114,2465,151,175,0,2139,8,12,67,141,1241,105,5,63,229
2700148,14,14,3669,724,20,98,0,606,1,7,14,27,433,28,2,4,37
2700151,6,6,1618,319,13,25,0,281,0,5,4,17,195,13,0,1,23
2700154,8,8,2669,693,24,39,0,630,1,5,14,23,447,32,2,8,48
2700157,13,13,4027,1140,57,80,0,1003,4,7,31,58,620,87,1,5,103
2700160,414,414,131233,34454,3440,1939,0,29075,231,303,1685,1792,14232,1227,151,452,5171
2700163,12,12,3899,876,36,26,0,814,3,8,24,39,477,30,5,2,140
2700166,46,46,13402,2252,117,88,0,2047,13,15,97,111,1170,111,15,33,223
2700167,22,22,6692,496,31,45,0,420,2,1,22,51,238,16,1,5,28
2700169,85,85,26678,2289,218,301,0,1770,5,10,117,100,798,48,6,22,133
2700172,86,86,25122,4645,309,453,0,3883,13,33,234,185,2506,167,13,39,265
2700174,78,78,25382,3800,338,408,0,3054,20,26,209,342,1484,112,18,57,266
2700175,27,27,6851,1495,69,145,0,1281,6,12,32,66,880,37,3,6,78
2700178,10,10,3012,464,23,61,0,380,0,3,5,9,220,53,0,1,19
2700181,153,153,46971,12779,1064,550,0,11165,74,129,411,661,5360,547,55,149,2230
2700184,7,7,2306,335,21,30,0,284,3,3,12,28,175,5,1,2,27
2700187,17,17,4505,1137,53,72,0,1012,4,6,35,23,772,37,3,6,59
2700190,11,11,2286,463,13,38,0,412,2,1,16,9,255,75,1,4,20
2700193,82,82,25405,3606,264,296,0,3046,13,26,150,168,1953,156,6,17,275
2700194,12,12,3461,646,46,107,0,493,0,3,21,17,289,88,1,6,17
2700195,9,9,2417,622,26,25,0,571,1,0,26,17,447,23,1,4,22
2700196,23,23,6503,1674,95,188,0,1391,4,13,49,78,924,58,6,10,104
2700199,79,79,25701,6894,581,322,0,5991,28,62,186,268,3466,393,22,75,861
2700202,28,28,8928,1603,77,96,0,1430,4,14,33,102,886,92,12,11,132
2700205,23,23,5765,753,24,40,0,689,1,6,13,15,549,24,0,5,23
2700208,14,14,3705,779,30,57,0,692,3,5,23,22,491,34,0,7,45
2700211,19,19,5819,1429,94,171,0,1164,7,6,79,153,680,37,1,10,88
2700217,17,17,5307,974,60,57,0,857,6,10,32,47,524,31,2,4,112
2700219,5,5,1493,419,17,34,0,368,6,3,5,3,291,8,2,4,10
2700220,54,54,16952,3204,287,262,0,2655,11,20,68,167,1524,93,16,41,341
2700221,23,23,7353,1761,95,103,0,1563,6,10,76,60,979,62,8,23,177
2700223,26,26,8402,1638,144,59,0,1435,17,21,47,53,866,137,8,14,146
2800001,665,665,223915,48024,5497,7546,0,34981,224,1189,1428,1932,15114,735,301,675,3113
2800010,33,33,10575,979,39,124,0,816,4,148,16,67,353,15,3,15,29
2800020,37,37,10629,616,29,87,0,500,5,10,20,36,229,9,3,37,28
2800030,28,28,8778,999,57,219,0,723,1,13,21,21,426,8,3,3,20
2800040,161,161,51338,7935,865,966,0,6104,34,198,207,256,3079,132,33,56,532
2800041,47,47,15270,1802,157,211,0,1434,10,13,52,41,721,30,5,13,91
2800042,37,37,9931,1090,61,193,0,836,0,12,16,42,478,15,3,16,14
2800045,17,17,5192,737,39,147,0,551,7,12,11,21,328,8,4,17,23
2800048,59,59,18720,2278,66,251,0,1961,6,52,68,54,1388,26,7,20,68
2800049,53,53,15527,1056,59,146,0,851,5,21,22,19,577,18,5,7,26
2800050,35,35,11288,699,40,110,0,549,3,18,12,18,255,16,3,17,35
2800055,63,63,20315,1597,117,272,0,1208,6,37,42,45,647,12,9,20,64
2800060,102,102,30567,3336,113,682,0,2541,13,44,121,76,1609,39,14,19,76
2800080,52,52,15882,2883,276,827,0,1780,9,49,70,117,782,48,14,24,123
2800100,76,76,23534,2465,170,383,0,1912,7,28,49,54,1088,25,6,21,112
2800120,41,41,13249,1317,101,458,0,758,11,16,32,33,330,15,6,12,53
2800160,118,118,36814,4977,433,1035,0,3509,29,97,154,225,1459,88,24,85,215
2800180,74,74,21765,2196,121,403,0,1672,19,28,86,67,981,19,7,17,78
2800190,40,40,12438,1285,79,175,0,1031,6,19,25,47,650,14,8,9,64
2800200,153,153,48859,4248,351,731,0,3166,37,70,87,152,1542,45,18,31,167
2800220,158,158,47932,2773,138,835,0,1800,25,31,65,93,860,48,14,30,64
2800240,55,55,17966,1777,108,282,0,1387,9,40,43,61,741,26,6,21,74
2800260,90,90,28071,3031,211,413,0,2407,8,74,84,110,1353,37,15,23,156
2800280,79,79,21965,1848,35,216,0,1597,9,22,96,43,993,19,5,12,45
2800300,84,84,26427,2132,304,447,0,1381,10,24,40,102,625,21,17,23,97
2800320,68,68,21639,3022,250,723,0,2049,19,50,66,113,1038,47,17,36,111
2900001,1425,1425,470989,125899,12202,5698,0,107999,952,1163,3830,4158,56170,4553,495,1904,20772
2900004,16,16,3888,1253,48,75,0,1130,3,6,28,14,939,21,1,7,60
2900007,30,30,9238,1500,101,121,0,1278,5,9,40,61,817,36,6,12,130
2900010,24,24,6802,705,53,45,0,607,1,12,15,20,388,17,3,7,67
2900013,28,28,8904,1209,37,86,0,1086,4,7,30,13,826,35,3,9,67
2900016,35,35,10696,1508,175,161,0,1172,12,14,45,66,631,40,5,18,112
2900019,56,56,17005,3210,84,587,0,2539,10,9,68,67,1969,69,2,16,115
2900022,56,56,17376,2546,246,214,0,2086,9,16,75,75,1314,67,16,28,212
2900025,34,34,10546,1939,148,144,0,1647,15,23,65,69,1027,34,6,27,174
2900028,19,19,5799,940,35,85,0,820,6,5,32,22,522,31,3,13,73
2900031,28,28,8512,1764,169,334,0,1261,10,19,43,58,724,25,7,24,128
2900034,60,60,19041,1684,114,245,0,1325,10,6,35,50,920,38,6,15,67
2900037,25,25,7382,1881,63,133,0,1685,6,19,45,33,1355,32,7,7,75
2900040,127,127,42544,6715,528,903,0,5284,47,35,235,241,3118,219,29,65,493
2900043,25,25,7299,1547,58,83,0,1406,3,9,26,25,1174,24,3,10,71
2900046,190,190,63329,15834,1418,1306,0,13110,183,148,526,600,7108,420,52,162,1644
2900049,21,21,6379,972,72,106,0,794,2,5,36,46,500,19,6,7,57
2900052,61,61,19925,4575,461,461,0,3653,24,43,174,250,1871,123,18,56,417
2900055,94,94,28675,3700,194,309,0,3197,21,21,105,95,1986,120,21,41,305
2900058,85,85,26744,6423,426,664,0,5333,26,58,223,247,3341,165,35,63,374
2900061,21,21,5946,901,38,88,0,775,5,4,35,16,511,16,3,55,66
2900064,63,63,22935,4707,454,378,0,3875,20,75,157,183,2054,95,21,67,560
2900067,30,30,9588,1478,78,143,0,1257,7,15,39,82,722,42,3,16,127
2900070,50,50,15792,1923,174,180,0,1569,10,8,50,65,913,55,2,22,177
2900073,100,100,34460,3929,337,289,0,3303,23,12,109,223,1932,138,21,43,395
2900076,96,96,30588,5365,571,405,0,4389,22,27,162,232,2394,175,28,69,583
2900079,104,104,33147,6437,683,371,0,5383,27,64,231,284,2897,205,21,113,702
2900080,13,13,3871,535,42,54,0,439,5,1,21,15,297,17,2,2,44
2900082,49,49,15378,1967,115,213,0,1639,4,6,41,78,1093,35,3,20,167
2900085,80,80,24250,3271,184,369,0,2718,23,19,102,111,1809,125,9,37,163
2900087,27,27,8737,814,44,61,0,709,1,2,22,22,507,31,3,7,52
2900088,19,19,5803,890,106,92,0,692,4,7,20,33,432,8,4,7,67
2900089,78,78,24824,2614,152,450,0,2012,12,16,78,102,1147,90,12,29,173
2900091,27,27,8087,1233,90,115,0,1028,6,8,23,35,730,33,1,10,81
2900094,65,65,20752,3576,239,344,0,2993,22,22,126,143,1817,70,10,49,286
2900097,61,61,18580,1402,91,209,0,1102,7,5,45,61,722,29,6,12,61
2900100,15,15,4538,428,17,39,0,372,0,1,14,12,237,15,1,6,41
2900103,73,73,21980,3630,173,364,0,3093,24,11,130,71,2239,74,11,18,200
2900105,41,41,13293,2684,162,184,0,2338,136,26,79,81,1453,66,5,31,169
2900106,34,34,10953,1939,101,256,0,1582,6,8,52,33,1227,45,4,14,66
2900109,42,42,12517,2696,157,225,0,2314,11,15,62,87,1664,51,9,27,131
2900112,25,25,5940,1351,52,299,0,1000,2,3,25,27,739,27,3,3,84
2900115,18,18,4801,1078,79,83,0,916,4,4,21,21,705,19,2,11,46
2900118,16,16,4946,1418,62,159,0,1197,5,11,34,27,848,139,3,18,51
2900121,41,41,12089,2091,183,168,0,1740,4,23,71,80,1178,36,8,30,133
2900124,26,26,7191,1127,46,106,0,975,1,1,32,23,739,19,2,8,50
2900127,18,18,5291,963,52,71,0,840,3,5,26,21,654,24,4,11,36
3100001,5443,5437,1841675,307389,30497,15522,0,261370,3418,3005,7704,12756,118931,14604,1378,4227,47121
3100004,40,40,12566,1476,157,188,0,1131,4,8,74,60,578,29,10,22,127
3100007,62,62,20083,1920,219,137,0,1564,14,8,64,76,706,93,4,32,211
3100010,67,67,19000,2011,150,225,0,1636,12,9,83,42,1024,62,10,10,124
3100013,21,21,5932,699,17,65,0,617,18,2,26,22,377,21,3,6,55
3100016,47,47,13470,1446,101,145,0,1200,7,6,78,52,684,44,4,8,110
3100019,730,725,237167,19905,4202,4131,0,11572,144,140,467,749,2949,446,100,264,989
3100022,354,354,110301,17929,2148,1211,0,14570,218,166,572,695,6128,681,70,338,2634
3100025,70,70,21147,1765,191,160,0,1414,9,7,68,41,615,69,12,15,194
3100028,91,91,27806,5292,348,540,0,4404,22,43,225,161,2535,161,20,62,420
3100031,246,246,85518,9120,1381,833,0,6906,65,63,292,364,2809,296,53,90,1035
3100034,373,373,122473,20358,1924,1392,0,17042,375,143,657,765,8294,649,101,241,2389
3100037,123,123,38596,3380,312,373,0,2695,24,26,93,147,1405,163,19,30,204
3100040,56,56,15597,1842,171,238,0,1433,11,10,68,75,686,70,13,22,152
3100043,33,33,7842,1230,57,138,0,1035,8,7,95,46,606,38,8,11,49
3100046,25,25,6649,558,28,60,0,470,1,3,20,19,273,30,2,9,45
3100049,175,175,56586,5367,823,561,0,3983,33,43,154,209,1536,179,18,55,622
3100052,39,39,10688,1082,66,133,0,883,5,5,48,32,505,18,1,13,79
3100055,169,169,55334,5930,964,655,0,4311,26,27,141,218,1442,160,24,61,698
3100058,60,60,19342,2096,255,153,0,1688,13,23,48,66,875,71,12,27,222
3100061,94,94,30357,4320,684,615,0,3021,26,21,102,130,756,71,21,45,360
3100064,381,381,127267,17460,2141,1119,0,14200,167,133,461,764,6368,668,69,239,2324
3100067,47,47,14347,1575,171,137,0,1267,14,16,32,67,681,73,5,16,130
3100070,93,93,28487,3407,293,218,0,2896,19,23,148,99,1637,109,13,50,362
3100073,37,37,11743,1403,123,154,0,1126,6,5,51,42,628,35,9,18,118
3100076,37,37,11129,787,84,83,0,620,3,4,30,39,325,22,1,4,66
3100079,885,885,290179,40608,4802,2795,0,33011,509,343,1182,1875,13169,1459,189,578,6235
3100082,138,138,42926,4632,674,580,0,3378,79,137,154,197,1196,185,25,35,434
3100085,55,55,16362,1760,173,240,0,1347,14,16,77,86,615,56,9,26,135
3100088,50,50,16195,1587,134,166,0,1287,13,8,74,42,765,46,7,13,114
3100091,109,109,31633,5807,560,479,0,4768,46,37,233,186,2289,238,40,87,665
3100094,54,54,15356,1633,180,170,0,1283,12,13,61,53,618,52,8,11,182
3100097,120,120,38319,4721,450,474,0,3797,35,26,149,198,1962,171,30,72,498
3100100,46,46,13046,1870,131,188,0,1551,5,9,73,43,790,48,16,20,126
3100103,58,58,16992,2638,219,343,0,2076,13,13,101,81,1079,87,16,29,167
3100106,534,534,175038,28800,3420,1968,0,23412,170,239,1075,1098,10342,1233,152,374,3796
3100109,19,19,5508,603,44,70,0,489,4,6,23,19,234,23,1,10,50
3100112,33,33,7622,1144,60,99,0,985,3,7,35,34,623,35,4,17,68
3100115,38,38,11440,1107,121,191,0,795,8,5,25,38,409,37,6,10,91
3100118,52,52,15794,1615,199,162,0,1254,9,7,51,60,545,50,7,19,155
3100121,343,342,113020,13105,1829,1551,0,9725,74,82,328,624,3161,565,51,111,1842
3100124,124,124,40245,4525,604,532,0,3389,32,21,107,177,1292,140,20,50,471
4000001,260,260,83651,18047,1080,1394,0,15573,64,153,495,478,9935,288,74,235,1368
4000005,127,127,39873,7513,458,1090,0,5965,28,78,250,288,3652,155,25,97,487
4000010,115,115,36726,3650,309,906,0,2435,23,18,167,184,923,72,23,50,158
4000015,12,12,3804,584,29,101,0,454,2,8,12,17,337,8,4,3,18
4000017,44,44,13998,1102,99,255,0,748,6,9,50,46,259,20,4,19,77
4000020,13,13,4051,848,32,101,0,715,6,4,21,17,514,9,2,4,23
4000025,128,128,41277,6334,665,885,0,4784,27,149,281,323,2097,108,33,84,430
4400001,420,420,138633,29134,2351,2634,0,24149,134,272,1021,1389,11973,786,95,373,3585
4400002,14,14,4530,612,46,82,0,484,2,2,18,12,327,9,4,6,44
4400003,73,73,24481,2003,187,479,0,1337,12,21,106,91,532,53,16,25,100
4400004,27,27,8562,1216,105,174,0,937,2,9,39,32,582,28,8,12,64
4400005,52,52,16267,1627,98,144,0,1385,3,9,50,62,865,53,7,17,100
4400006,36,36,11828,907,69,140,0,698,3,4,20,44,419,20,3,9,54
4400007,40,40,13017,1100,79,231,0,790,1,5,48,55,434,31,6,14,51
4400009,63,63,20215,1990,106,264,0,1620,11,18,54,79,970,34,12,18,122
4400010,133,133,41955,4287,348,727,0,3212,64,27,204,177,1451,101,19,53,234
4400012,25,25,7866,520,28,72,0,420,1,5,14,16,261,16,2,6,17
4400016,24,24,6940,446,37,93,0,316,3,5,14,12,184,12,1,7,26
4400017,15,15,4052,586,20,68,0,498,1,2,30,61,308,13,1,5,34
4400020,35,35,10921,1392,138,272,0,982,2,15,66,46,581,19,3,26,63
4400022,32,32,9026,467,23,128,0,316,1,3,18,11,107,11,3,9,30
4400024,20,20,6245,283,18,32,0,233,2,2,13,15,121,4,0,3,28
4400040,19,19,5915,747,44,88,0,615,1,3,17,12,364,10,2,7,20
4600001,424,424,135664,38769,3158,2207,0,33404,176,352,1341,1533,17188,1064,141,561,5770
4600040,94,94,29916,8266,776,531,0,6959,27,47,224,227,4136,135,25,144,895
4600120,6,6,1856,429,13,25,0,391,12,7,3,9,290,6,0,4,23
4600320,34,34,7960,2050,72,165,0,1813,4,6,29,37,1482,27,4,10,51
4600480,4,4,1021,66,0,10,0,56,1,1,1,2,24,4,0,2,7
4600520,42,42,12008,3275,214,275,0,2786,11,14,83,105,1756,44,9,35,192
4600540,41,41,12638,3558,285,269,0,3004,5,25,86,85,1995,58,14,45,329
4600560,27,27,6608,1877,77,166,0,1634,4,9,28,39,1266,26,11,14,80
4600640,31,31,8928,1832,129,212,0,1491,5,5,38,51,1116,19,7,3,96
4600680,90,90,28252,7935,371,570,0,6994,29,39,185,155,5415,129,14,61,376
4600700,27,27,8477,2338,122,219,0,1997,8,9,47,65,1522,23,7,11,127
4600760,5,5,1231,284,7,14,0,263,0,1,3,4,179,11,0,2,13
4600800,10,10,2833,937,42,56,0,839,1,7,18,40,564,8,3,2,57
4600815,6,6,1828,187,7,26,0,154,0,4,3,4,71,5,1,0,16
4600830,24,24,6673,2134,100,222,0,1812,4,8,44,84,1404,23,10,11,57
4600840,18,18,4678,958,40,127,0,791,1,4,13,13,632,14,3,8,42
4600850,63,63,20217,5915,545,460,0,4910,20,39,153,176,3069,94,27,51,618
4600865,36,36,10067,2824,117,293,0,2414,5,14,53,175,1832,46,6,13,99
4600880,88,88,28143,6772,685,544,0,5543,18,59,196,259,3239,146,21,94,634
4800001,494,493,158474,21114,2508,2830,0,15776,185,765,723,932,6056,468,101,346,1353
4800002,64,64,21600,1532,201,336,0,995,13,37,43,50,354,29,8,27,86
4800004,84,84,27343,3542,319,681,0,2542,24,145,164,137,935,86,22,53,155
4800005,74,74,23960,1781,137,405,0,1239,20,44,62,72,464,43,16,35,74
4800006,27,27,8988,854,52,118,0,684,3,19,39,27,364,21,13,11,39
4800007,103,103,32543,3360,312,511,0,2537,33,105,89,147,964,53,20,49,238
4800008,35,35,11169,1033,81,130,0,822,7,28,39,35,331,43,7,21,96
4800009,51,51,16449,1860,237,480,0,1143,21,42,60,71,324,33,9,27,110
4800010,419,418,143165,13674,1285,2368,0,10021,125,363,516,699,3724,323,151,204,659
4800011,188,187,63035,2804,177,870,0,1757,32,58,83,93,766,45,16,34,91
4800012,16,16,5137,500,31,55,0,414,15,18,14,46,195,7,2,4,35
4800013,120,120,37031,6261,497,775,0,4989,33,151,263,133,2724,73,46,57,235
4800016,387,383,129879,4367,425,1480,0,2462,46,100,133,275,820,82,34,59,119
4800018,30,30,9448,1577,163,234,0,1180,97,57,38,51,493,25,4,27,81
4800020,63,63,20650,3030,305,387,0,2338,13,104,115,89,1181,52,10,34,156
5000001,88,88,27944,4095,223,727,0,3145,35,47,126,330,907,91,35,77,409
5000070,19,19,5403,245,5,116,0,124,2,3,6,14,19,5,5,2,10
5000073,1,1,267,4,1,0,0,3,0,0,0,1,0,0,0,0,0
5000078,1,1,213,8,0,0,0,8,1,0,1,0,0,2,0,0,1
5000083,1,1,236,0,0,0,0,0,0,0,0,0,0,0,0,0,0
5000087,4,4,633,48,0,7,0,41,1,5,1,5,6,3,1,2,2
5000090,5,5,1300,52,1,14,0,37,0,0,2,4,20,0,0,0,1
5000092,3,3,933,27,1,6,0,20,1,1,1,1,7,1,0,0,2
5200001,1236,1236,405921,115597,9025,4711,0,101861,604,1090,2775,3661,55988,3209,379,1774,18518
5200005,233,233,77155,23981,2662,1366,0,19953,109,180,622,949,10538,570,93,350,3497
5200006,19,19,5718,1123,98,150,0,875,3,23,31,31,494,21,12,17,104
5200008,20,20,6197,1614,113,212,0,1289,4,12,43,45,861,35,8,22,91
5200010,41,41,13351,4090,431,342,0,3317,12,32,122,119,1765,67,30,29,455
5200015,18,18,5761,1610,87,96,0,1427,6,8,22,23,1059,35,5,17,136
5200020,64,64,19538,5287,434,360,0,4493,17,43,141,157,2831,117,23,59,532
5200025,8,8,1557,425,28,40,0,357,1,2,2,5,285,1,3,1,37
5200027,21,21,6372,774,59,102,0,613,4,3,17,32,344,27,5,8,48
5200028,13,13,3826,1407,49,119,0,1239,6,6,17,11,1000,27,1,21,71
5200030,33,33,10072,1595,132,141,0,1322,2,5,39,54,914,18,4,11,111
5200035,177,177,60416,11040,939,781,0,9320,42,80,342,360,5407,231,36,105,1172
5200040,42,42,13621,4478,349,275,0,3854,18,15,123,156,2409,102,18,79,502
5200041,37,37,11689,1160,99,255,0,806,10,6,42,52,337,30,10,15,67
5200042,28,28,8982,1528,103,158,0,1267,5,206,27,36,753,38,8,16,59
5200043,174,174,56342,12839,1923,1488,0,9428,60,100,568,576,3499,293,80,204,1155
5200044,29,29,9425,1168,109,199,0,860,5,6,42,26,510,13,4,17,64
5200045,84,84,26399,4194,266,301,0,3627,13,23,109,139,2240,86,24,52,369
5200046,24,24,6173,872,85,306,0,481,3,7,25,22,245,8,3,12,27
5200047,23,23,7480,972,65,201,0,706,13,20,35,21,402,26,9,8,37
5200048,25,25,7445,1319,85,206,0,1028,5,18,37,43,604,39,6,12,72
5200049,31,31,9675,1263,111,195,0,957,3,11,31,36,529,32,9,22,87
5200050,54,54,17832,4604,322,244,0,4038,16,35,102,103,2600,103,12,60,598
5200055,31,31,9788,1558,149,185,0,1224,9,8,37,34,708,25,10,18,105
5200058,22,22,6428,1173,56,104,0,1013,3,2,26,18,729,26,1,11,50
5200059,7,7,1421,205,4,11,0,190,0,3,5,3,137,5,1,1,16
5200060,62,62,19048,4146,379,327,0,3440,13,24,141,122,2078,98,21,53,428
5200074,23,23,7411,274,52,57,0,165,1,0,7,9,44,5,0,1,25
5200080,48,48,14544,2251,177,339,0,1735,6,7,71,73,1028,52,12,17,129
5400001,156,150,48750,8377,720,966,0,6691,31,134,239,773,2666,161,32,108,952
5400003,24,24,7409,933,77,181,0,675,5,19,29,91,225,30,8,12,60
5400007,33,33,10241,1481,105,209,0,1167,3,19,43,109,601,45,5,9,87
5400012,15,15,3747,241,11,55,0,175,0,3,12,14,31,7,1,4,22
5600001,151,151,49218,7252,325,1003,0,5924,76,190,341,548,1987,224,51,151,607
5600004,15,15,4849,637,11,74,0,552,3,10,25,34,281,6,3,18,32
6000001,142,142,45321,6713,347,863,0,5503,44,73,275,321,2029,153,49,123,881
6000007,17,17,5199,374,18,110,0,246,3,4,9,23,68,1,1,5,16
6000010,3,3,770,51,0,18,0,33,1,0,3,7,8,1,0,2,2
6000013,4,4,1159,21,2,6,0,13,1,0,1,1,7,0,0,0,0
6000016,4,4,1332,77,2,29,0,46,1,0,1,6,6,2,1,0,4
6000017,1,1,76,29,5,15,0,9,3,0,0,2,1,0,0,0,0
6000019,3,3,553,11,0,3,0,8,0,0,0,1,1,0,0,1,0
6000021,2,2,592,9,0,6,0,3,0,0,0,2,0,0,0,0,0
6000022,6,6,1602,86,1,24,0,61,0,0,1,6,22,1,0,2,5
6000030,1,1,292,5,0,1,0,4,0,1,1,0,0,0,0,0,2
6000040,2,2,544,15,0,2,0,13,0,0,0,2,4,0,0,1,3
6400001,141,141,43210,6708,649,756,0,5303,71,59,140,287,1574,238,30,93,816
6400002,167,167,53617,5534,655,977,0,3902,65,40,169,286,1215,167,32,82,522
6400004,53,53,16164,836,53,140,0,643,14,8,26,56,281,21,6,13,54
6400007,15,15,4806,780,65,151,0,564,2,6,12,32,231,20,5,5,100
6400013,16,16,4942,774,50,131,0,593,3,12,27,51,204,13,3,10,60
6400016,21,21,6857,501,30,69,0,402,0,4,10,23,150,14,2,4,59
6400018,52,52,15965,546,36,120,0,390,3,1,20,21,123,29,1,7,54
6400019,35,35,11479,1514,122,222,0,1170,13,6,34,61,523,71,7,15,162
6400023,101,101,32110,2084,256,409,0,1419,12,7,47,80,358,53,4,21,172
6400025,45,45,13086,618,56,130,0,432,9,4,22,20,184,15,4,6,30
6400026,35,35,10874,742,91,177,0,474,2,4,34,26,137,18,4,11,57
6400028,99,99,30555,1496,239,303,0,954,12,5,34,68,251,36,15,19,126
6400030,66,66,21155,2439,289,382,0,1768,47,27,91,147,636,60,17,28,175
6800001,67,67,20009,2729,100,591,0,2038,30,36,72,202,485,47,25,52,200
6800004,6,6,1774,116,6,25,0,85,0,1,3,11,21,2,1,1,5
6800010,2,2,183,74,0,11,0,63,2,1,5,11,2,1,1,1,0
6800013,6,6,1258,71,3,31,0,37,0,3,2,4,2,5,0,5,0
6800017,6,6,1876,65,2,6,0,57,0,1,1,8,12,2,0,1,10
6800022,4,4,1062,48,1,8,0,39,0,0,0,4,9,0,0,1,3
7200001,69,69,21526,3252,208,486,0,2558,19,32,114,177,1068,103,40,56,321
7200002,13,13,3503,606,24,99,0,483,2,7,14,11,313,19,7,5,30
7200006,93,91,25597,1648,92,596,0,960,16,21,54,84,275,29,15,17,68
7200008,28,28,7578,1004,44,107,0,853,3,7,15,20,604,19,2,15,59
8800115,8,8,63,10,0,0,0,10,0,0,2,1,1,0,0,0,2
8800120,40,40,17593,3146,129,65,0,2952,71,85,35,94,658,65,31,87,1191
8800130,7,7,21,3,0,0,0,3,0,0,0,0,0,1,0,0,2
8800135,7,7,32,9,2,0,0,7,0,0,0,0,1,0,0,0,2
8800140,10,10,2619,202,21,1,0,180,0,1,7,6,116,3,4,3,24
8800155,41,41,19154,1903,149,68,0,1686,18,66,41,115,582,36,12,48,443
8800160,15,15,6172,572,82,30,0,460,4,10,23,35,298,6,4,15,16
8800165,71,71,25693,5063,292,100,0,4671,81,130,103,160,1293,107,49,154,1787
8800170,11,11,2346,428,20,15,0,393,9,14,3,15,77,6,2,18,155
8800190,14,14,4435,647,27,9,0,611,22,13,6,17,198,18,6,37,168
8800215,10,10,1640,239,18,2,0,219,4,5,11,17,118,8,0,7,19
8800220,49,49,7551,940,48,22,0,870,23,20,20,28,324,25,5,37,225
8800250,209,209,63810,12188,961,144,0,11083,172,263,243,394,5288,346,100,500,2462
8800275,7,7,373,77,3,1,0,73,1,2,0,6,23,2,4,1,24
8800285,26,26,11148,1801,104,37,0,1660,22,27,49,86,1082,33,12,57,147
8800290,8,8,760,38,0,4,0,34,1,0,0,2,5,0,0,0,14
8800305,121,121,38536,3156,266,80,0,2810,50,82,185,180,1317,83,15,101,407
8800315,28,28,1071,190,10,3,0,177,2,6,4,11,59,7,3,9,41
8800325,8,8,921,178,4,6,0,168,4,6,1,2,42,3,0,5,68
8800330,106,106,41753,2514,174,98,0,2242,27,38,98,167,1280,68,16,67,219
8800335,8,8,294,53,0,3,0,50,1,0,2,4,26,1,0,1,10
8800340,9,9,746,200,8,3,0,189,1,5,3,11,106,7,5,7,21
8800350,13,13,4000,565,41,5,0,519,14,14,13,13,296,5,1,13,100
8800355,574,570,255821,21928,1801,758,0,19369,320,480,703,937,8410,505,199,561,4128
8800360,841,812,405325,56891,6099,1148,0,49644,741,956,1348,1589,32845,1703,409,1563,5187
8800370,7,7,171,29,0,0,0,29,1,0,1,1,8,0,1,1,7
8800375,7,7,502,84,3,0,0,81,2,0,0,5,14,2,0,1,33
8800380,108,108,23436,3762,216,133,0,3413,98,78,62,155,930,70,25,95,1148
8800410,9,9,2045,503,25,2,0,476,5,7,8,14,309,23,7,27,46
8800430,7,7,25,9,0,0,0,9,0,0,1,1,3,0,0,0,0
8800435,21,21,5707,854,34,27,0,793,14,17,15,25,261,21,11,23,258
8800440,8,8,737,112,1,0,0,111,4,0,3,6,50,12,2,5,17
8800445,7,7,363,88,5,0,0,83,3,0,2,3,21,2,0,2,30
8800455,7,7,82,10,0,0,0,10,3,0,0,0,3,0,0,0,4
8800460,7,7,96,12,0,0,0,12,0,0,1,0,8,0,0,0,0
8800465,71,71,21350,2898,209,64,0,2625,82,59,85,101,1195,62,9,102,535
8800470,8,8,736,204,10,2,0,192,8,7,4,5,72,2,1,6,54
8800490,10,10,2065,0,0,0,0,0,0,0,0,0,0,0,0,0,0
8800495,42,42,16830,2122,136,45,0,1941,42,52,52,63,686,36,16,57,620
8800500,8,8,300,34,3,4,0,27,0,0,2,4,12,3,0,3,1
8800505,16,16,1329,109,15,0,0,94,4,0,0,7,39,1,0,3,21
8800515,7,7,103,33,0,0,0,33,4,2,1,0,7,3,0,1,9
8800535,9,9,1431,25,0,0,0,25,1,0,0,1,20,0,0,1,0
8800560,7,7,153,44,1,0,0,43,3,2,0,1,21,1,0,5,5
8800580,7,7,63,11,0,0,0,11,0,0,0,1,4,1,0,0,3
8800590,83,83,18263,3902,181,36,0,3685,119,137,78,123,1840,116,19,186,693
8800620,7,7,274,35,2,1,0,32,0,0,1,3,20,2,1,2,2
8800625,10,10,1952,358,28,7,0,323,4,11,7,13,98,13,7,12,93
8800635,8,8,1019,129,3,1,0,125,1,0,1,5,40,0,0,6,45
8800655,72,72,26585,3198,200,104,0,2894,35,83,84,89,1760,99,28,106,400
8800665,7,7,673,108,8,6,0,94,2,1,4,4,55,3,2,6,13
8800670,25,25,8439,1123,55,14,0,1054,27,27,29,35,554,32,9,43,197
8800675,11,11,2305,156,9,1,0,146,2,6,4,3,36,5,2,2,54
8800680,13,13,4071,770,41,22,0,707,14,8,13,19,221,23,7,28,240
8800683,10,10,2109,307,24,5,0,278,5,6,6,8,178,7,1,6,35
8800685,12,12,3563,708,34,6,0,668,10,17,22,19,390,20,9,24,100
8800688,7,7,328,97,2,0,0,95,9,2,0,7,38,5,1,6,21
8800690,7,7,73,13,0,1,0,12,1,0,0,1,1,1,0,1,5
8800700,8,8,806,38,1,1,0,36,1,0,0,2,6,1,0,1,15
8800745,8,8,215,48,3,0,0,45,2,0,1,0,22,3,0,0,8
8800755,24,24,3479,343,16,15,0,312,5,8,5,14,101,5,3,5,79
8800760,19,19,8103,1129,101,21,0,1007,36,31,24,33,430,27,9,29,206
8800765,7,7,153,70,1,0,0,69,0,0,2,3,50,1,0,1,9
8800770,14,14,403,80,2,2,0,76,4,3,1,1,22,4,0,4,17
8800785,9,9,281,53,0,0,0,53,0,1,1,3,24,5,1,7,6
8800805,8,8,1316,160,2,7,0,151,4,7,4,10,56,6,2,3,37
8800815,349,349,177035,2656,96,231,0,2329,32,28,220,226,1313,76,29,37,62
