mpio_reg_code_5,mpio_reg_code_7,mpio_name_reg,mpio_dane_code,mpio_name_dane,dept_reg_code,dept_dane_code
11001,1100001,POPAYAN,19001,POPAYÁN,1100,11
11004,1100004,ALMAGUER,19022,ALMAGUER,1100,11
11005,1100005,ARGELIA,19050,ARGELIA,1100,11
11006,1100006,BALBOA,19075,BALBOA,1100,11
11007,1100007,BOLIVAR,19100,BOLÍVAR,1100,11
11010,1100010,BUENOS AIRES,19110,BUENOS AIRES,1100,11
11013,1100013,CAJIBIO,19130,CAJIBÍO,1100,11
11016,1100016,CALDONO,19137,CALDONO,1100,11
11019,1100019,CALOTO,19142,CALOTO,1100,11
11022,1100022,CORINTO,19212,CORINTO,1100,11
11025,1100025,EL TAMBO,19256,EL TAMBO,1100,11
11027,1100027,FLORENCIA,19290,FLORENCIA,1100,11
11029,1100029,GUACHENE,19300,GUACHENÉ,1100,11
11028,1100028,GUAPI,19318,GUAPI,1100,11
11031,1100031,INZA,19355,INZÁ,1100,11
11034,1100034,JAMBALO,19364,JAMBALÓ,1100,11
11037,1100037,LA SIERRA,19392,LA SIERRA,1100,11
11040,1100040,LA VEGA,19397,LA VEGA,1100,11
11043,1100043,LOPEZ (MICAY),19418,LÓPEZ DE MICAY,1100,11
11046,1100046,MERCADERES,19450,MERCADERES,1100,11
11049,1100049,MIRANDA,19455,MIRANDA,1100,11
11052,1100052,MORALES,19473,MORALES,1100,11
11053,1100053,PADILLA,19513,PADILLA,1100,11
11055,1100055,PAEZ (BELALCAZAR),19517,PÁEZ,1100,11
11058,1100058,PATIA (EL BORDO),19532,PATÍA,1100,11
11060,1100060,PIAMONTE,19533,PIAMONTE,1100,11
11061,1100061,PIENDAMO,19548,PIENDAMÓ - TUNÍA,1100,11
11064,1100064,PUERTO TEJADA,19573,PUERTO TEJADA,1100,11
11067,1100067,PURACE (COCONUCO),19585,PURACÉ,1100,11
11070,1100070,ROSAS,19622,ROSAS,1100,11
11073,1100073,SAN SEBASTIAN,19693,SAN SEBASTIÁN,1100,11
11076,1100076,SANTANDER DE QUILICHAO,19698,SANTANDER DE QUILICHAO,1100,11
11079,1100079,SANTA ROSA,19701,SANTA ROSA,1100,11
11082,1100082,SILVIA,19743,SILVIA,1100,11
11085,1100085,SOTARA (PAISPAMBA),19760,SOTARÁ PAISPAMBA,1100,11
11087,1100087,SUAREZ,19780,SUÁREZ,1100,11
11086,1100086,SUCRE,19785,SUCRE,1100,11
11088,1100088,TIMBIO,19807,TIMBÍO,1100,11
11091,1100091,TIMBIQUI,19809,TIMBIQUÍ,1100,11
11094,1100094,TORIBIO,19821,TORIBÍO,1100,11
11097,1100097,TOTORO,19824,TOTORÓ,1100,11
11098,1100098,VILLA RICA,19845,VILLA RICA,1100,11
12001,1200001,VALLEDUPAR,20001,VALLEDUPAR,1200,12
12075,1200075,AGUACHICA,20011,AGUACHICA,1200,12
12150,1200150,AGUSTIN CODAZZI,20013,AGUSTÍN CODAZZI,1200,12
12170,1200170,ASTREA,20032,ASTREA,1200,12
12180,1200180,BECERRIL,20045,BECERRIL,1200,12
12200,1200200,BOSCONIA,20060,BOSCONIA,1200,12
12300,1200300,CHIMICHAGUA,20175,CHIMICHAGUA,1200,12
12375,1200375,CHIRIGUANA,20178,CHIRIGUANÁ,1200,12
12225,1200225,CURUMANI,20228,CURUMANÍ,1200,12
12410,1200410,EL COPEY,20238,EL COPEY,1200,12
12415,1200415,EL PASO,20250,EL PASO,1200,12
12450,1200450,GAMARRA,20295,GAMARRA,1200,12
12525,1200525,GONZALEZ,20310,GONZÁLEZ,1200,12
12600,1200600,LA GLORIA,20383,LA GLORIA,1200,12
12608,1200608,LA JAGUA DE IBIRICO,20400,LA JAGUA DE IBIRICO,1200,12
12625,1200625,MANAURE BALCON DEL CESAR (MANA,20443,MANAURE BALCÓN DEL CESAR,1200,12
12650,1200650,PAILITAS,20517,PAILITAS,1200,12
12700,1200700,PELAYA,20550,PELAYA,1200,12
12720,1200720,PUEBLO BELLO,20570,PUEBLO BELLO,1200,12
12750,1200750,RIO DE ORO,20614,RÍO DE ORO,1200,12
12825,1200825,LA PAZ,20621,LA PAZ,1200,12
12800,1200800,SAN ALBERTO,20710,SAN ALBERTO,1200,12
12850,1200850,SAN DIEGO,20750,SAN DIEGO,1200,12
12875,1200875,SAN MARTIN,20770,SAN MARTÍN,1200,12
12900,1200900,TAMALAMEQUE,20787,TAMALAMEQUE,1200,12
13001,1300001,MONTERIA,23001,MONTERÍA,1300,13
13004,1300004,AYAPEL,23068,AYAPEL,1300,13
13007,1300007,BUENAVISTA,23079,BUENAVISTA,1300,13
13009,1300009,CANALETE,23090,CANALETE,1300,13
13010,1300010,CERETE,23162,CERETÉ,1300,13
13016,1300016,CHIMA,23168,CHIMÁ,1300,13
13019,1300019,CHINU,23182,CHINÚ,1300,13
13013,1300013,CIENAGA DE ORO,23189,CIÉNAGA DE ORO,1300,13
13014,1300014,COTORRA (BONGO),23300,COTORRA,1300,13
13020,1300020,LA APARTADA (FRONTERA),23350,LA APARTADA,1300,13
13022,1300022,LORICA,23417,LORICA,1300,13
13023,1300023,LOS CORDOBAS,23419,LOS CÓRDOBAS,1300,13
13024,1300024,MOMIL,23464,MOMIL,1300,13
13025,1300025,MONTELIBANO,23466,MONTELÍBANO,1300,13
13027,1300027,MOÑITOS,23500,MOÑITOS,1300,13
13028,1300028,PLANETA RICA,23555,PLANETA RICA,1300,13
13031,1300031,PUEBLO NUEVO,23570,PUEBLO NUEVO,1300,13
13033,1300033,PUERTO ESCONDIDO,23574,PUERTO ESCONDIDO,1300,13
13032,1300032,PUERTO LIBERTADOR,23580,PUERTO LIBERTADOR,1300,13
13034,1300034,PURISIMA,23586,PURÍSIMA DE LA CONCEPCIÓN,1300,13
13037,1300037,SAHAGUN,23660,SAHAGÚN,1300,13
13040,1300040,SAN ANDRES DE SOTAVENTO,23670,SAN ANDRÉS DE SOTAVENTO,1300,13
13043,1300043,SAN ANTERO,23672,SAN ANTERO,1300,13
13046,1300046,SAN BERNARDO DEL VIENTO,23675,SAN BERNARDO DEL VIENTO,1300,13
13049,1300049,SAN CARLOS,23678,SAN CARLOS,1300,13
13052,1300052,SAN JOSE DE URE,23682,SAN JOSÉ DE URÉ,1300,13
13055,1300055,SAN PELAYO,23686,SAN PELAYO,1300,13
13058,1300058,TIERRALTA,23807,TIERRALTA,1300,13
13060,1300060,TUCHIN,23815,TUCHÍN,1300,13
13061,1300061,VALENCIA,23855,VALENCIA,1300,13
15004,1500004,AGUA DE DIOS,25001,AGUA DE DIOS,1500,15
15007,1500007,ALBAN,25019,ALBÁN,1500,15
15010,1500010,ANAPOIMA,25035,ANAPOIMA,1500,15
15013,1500013,ANOLAIMA,25040,ANOLAIMA,1500,15
15016,1500016,ARBELAEZ,25053,ARBELÁEZ,1500,15
15019,1500019,BELTRAN,25086,BELTRÁN,1500,15
15022,1500022,BITUIMA,25095,BITUIMA,1500,15
15025,1500025,BOJACA,25099,BOJACÁ,1500,15
15029,1500029,CABRERA,25120,CABRERA,1500,15
15030,1500030,CACHIPAY,25123,CACHIPAY,1500,15
15031,1500031,CAJICA,25126,CAJICÁ,1500,15
15034,1500034,CAPARRAPI,25148,CAPARRAPÍ,1500,15
15037,1500037,CAQUEZA,25151,CÁQUEZA,1500,15
15040,1500040,CARMEN DE CARUPA,25154,CARMEN DE CARUPA,1500,15
15052,1500052,CHAGUANI,25168,CHAGUANÍ,1500,15
15055,1500055,CHIA,25175,CHÍA,1500,15
15058,1500058,CHIPAQUE,25178,CHIPAQUE,1500,15
15061,1500061,CHOACHI,25181,CHOACHÍ,1500,15
15064,1500064,CHOCONTA,25183,CHOCONTÁ,1500,15
15043,1500043,COGUA,25200,COGUA,1500,15
15046,1500046,COTA,25214,COTA,1500,15
15049,1500049,CUCUNUBA,25224,CUCUNUBÁ,1500,15
15067,1500067,EL COLEGIO,25245,EL COLEGIO,1500,15
15070,1500070,EL PEÑON,25258,EL PEÑÓN,1500,15
15072,1500072,EL ROSAL,25260,EL ROSAL,1500,15
15076,1500076,FACATATIVA,25269,FACATATIVÁ,1500,15
15079,1500079,FOMEQUE,25279,FÓMEQUE,1500,15
15085,1500085,FOSCA,25281,FOSCA,1500,15
15088,1500088,FUNZA,25286,FUNZA,1500,15
15091,1500091,FUQUENE,25288,FÚQUENE,1500,15
15094,1500094,FUSAGASUGA,25290,FUSAGASUGÁ,1500,15
15097,1500097,GACHALA,25293,GACHALÁ,1500,15
15100,1500100,GACHANCIPA,25295,GACHANCIPÁ,1500,15
15103,1500103,GACHETA,25297,GACHETÁ,1500,15
15106,1500106,GAMA,25299,GAMA,1500,15
15109,1500109,GIRARDOT,25307,GIRARDOT,1500,15
15132,1500132,GRANADA,25312,GRANADA,1500,15
15112,1500112,GUACHETA,25317,GUACHETÁ,1500,15
15115,1500115,GUADUAS,25320,GUADUAS,1500,15
15118,1500118,GUASCA,25322,GUASCA,1500,15
15121,1500121,GUATAQUI,25324,GUATAQUÍ,1500,15
15124,1500124,GUATAVITA,25326,GUATAVITA,1500,15
15127,1500127,GUAYABAL DE SIQUIMA,25328,GUAYABAL DE SÍQUIMA,1500,15
15128,1500128,GUAYABETAL,25335,GUAYABETAL,1500,15
15130,1500130,GUTIERREZ,25339,GUTIÉRREZ,1500,15
15133,1500133,JERUSALEN,25368,JERUSALÉN,1500,15
15136,1500136,JUNIN,25372,JUNÍN,1500,15
15139,1500139,LA CALERA,25377,LA CALERA,1500,15
15142,1500142,LA MESA,25386,LA MESA,1500,15
15145,1500145,LA PALMA,25394,LA PALMA,1500,15
15148,1500148,LA PEÑA,25398,LA PEÑA,1500,15
15151,1500151,LA VEGA,25402,LA VEGA,1500,15
15154,1500154,LENGUAZAQUE,25407,LENGUAZAQUE,1500,15
15157,1500157,MACHETA,25426,MACHETÁ,1500,15
15160,1500160,MADRID,25430,MADRID,1500,15
15163,1500163,MANTA,25436,MANTA,1500,15
15166,1500166,MEDINA,25438,MEDINA,1500,15
15169,1500169,MOSQUERA,25473,MOSQUERA,1500,15
15172,1500172,NARIÑO,25483,NARIÑO,1500,15
15175,1500175,NEMOCON,25486,NEMOCÓN,1500,15
15178,1500178,NILO,25488,NILO,1500,15
15181,1500181,NIMAIMA,25489,NIMAIMA,1500,15
15184,1500184,NOCAIMA,25491,NOCAIMA,1500,15
15318,1500318,VENECIA,25506,VENECIA,1500,15
15190,1500190,PACHO,25513,PACHO,1500,15
15193,1500193,PAIME,25518,PAIME,1500,15
15196,1500196,PANDI,25524,PANDI,1500,15
15198,1500198,PARATEBUENO (LA NAGUAYA),25530,PARATEBUENO,1500,15
15199,1500199,PASCA,25535,PASCA,1500,15
15202,1500202,PUERTO SALGAR,25572,PUERTO SALGAR,1500,15
15205,1500205,PULI,25580,PULÍ,1500,15
15208,1500208,QUEBRADANEGRA,25592,QUEBRADANEGRA,1500,15
15211,1500211,QUETAME,25594,QUETAME,1500,15
15214,1500214,QUIPILE,25596,QUIPILE,1500,15
15217,1500217,APULO,25599,APULO,1500,15
15218,1500218,RICAURTE,25612,RICAURTE,1500,15
15220,1500220,SAN ANTONIO DEL TEQUENDAMA,25645,SAN ANTONIO DEL TEQUENDAMA,1500,15
15223,1500223,SAN BERNARDO,25649,SAN BERNARDO,1500,15
15226,1500226,SAN CAYETANO,25653,SAN CAYETANO,1500,15
15229,1500229,SAN FRANCISCO,25658,SAN FRANCISCO,1500,15
15232,1500232,SAN JUAN DE RIOSECO,25662,SAN JUAN DE RIOSECO,1500,15
15235,1500235,SASAIMA,25718,SASAIMA,1500,15
15238,1500238,SESQUILE,25736,SESQUILÉ,1500,15
15239,1500239,SIBATE,25740,SIBATÉ,1500,15
15241,1500241,SILVANIA,25743,SILVANIA,1500,15
15244,1500244,SIMIJACA,25745,SIMIJACA,1500,15
15247,1500247,SOACHA,25754,SOACHA,1500,15
15250,1500250,SOPO,25758,SOPÓ,1500,15
15256,1500256,SUBACHOQUE,25769,SUBACHOQUE,1500,15
15259,1500259,SUESCA,25772,SUESCA,1500,15
15262,1500262,SUPATA,25777,SUPATÁ,1500,15
15265,1500265,SUSA,25779,SUSA,1500,15
15268,1500268,SUTATAUSA,25781,SUTATAUSA,1500,15
15271,1500271,TABIO,25785,TABIO,1500,15
15274,1500274,TAUSA,25793,TAUSA,1500,15
15277,1500277,TENA,25797,TENA,1500,15
15280,1500280,TENJO,25799,TENJO,1500,15
15283,1500283,TIBACUY,25805,TIBACUY,1500,15
15286,1500286,TIBIRITA,25807,TIBIRITA,1500,15
15289,1500289,TOCAIMA,25815,TOCAIMA,1500,15
15292,1500292,TOCANCIPA,25817,TOCANCIPÁ,1500,15
15295,1500295,TOPAIPI,25823,TOPAIPÍ,1500,15
15298,1500298,UBALA,25839,UBALÁ,1500,15
15301,1500301,UBAQUE,25841,UBAQUE,1500,15
15304,1500304,UBATE,25843,VILLA DE SAN DIEGO DE UBATÉ,1500,15
15307,1500307,UNE,25845,UNE,1500,15
15316,1500316,UTICA,25851,ÚTICA,1500,15
15319,1500319,VERGARA,25862,VERGARA,1500,15
15322,1500322,VIANI,25867,VIANÍ,1500,15
15323,1500323,VILLAGOMEZ,25871,VILLAGÓMEZ,1500,15
15325,1500325,VILLAPINZON,25873,VILLAPINZÓN,1500,15
15328,1500328,VILLETA,25875,VILLETA,1500,15
15331,1500331,VIOTA,25878,VIOTÁ,1500,15
15334,1500334,YACOPI,25885,YACOPÍ,1500,15
15337,1500337,ZIPACON,25898,ZIPACÓN,1500,15
15340,1500340,ZIPAQUIRA,25899,ZIPAQUIRÁ,1500,15
16001,1600001,BOGOTA. D.C.,11001,"BOGOTÁ, D.C.",1600,16
17001,1700001,QUIBDO,27001,QUIBDÓ,1700,17
17004,1700004,ACANDI,27006,ACANDÍ,1700,17
17006,1700006,ALTO BAUDO (PIE DE PATO),27025,ALTO BAUDÓ,1700,17
17002,1700002,ATRATO (YUTO),27050,ATRATO,1700,17
17007,1700007,BAGADO,27073,BAGADÓ,1700,17
17008,1700008,BAHIA SOLANO (MUTIS),27075,BAHÍA SOLANO,1700,17
17010,1700010,BAJO BAUDO (PIZARRO),27077,BAJO BAUDÓ,1700,17
17011,1700011,BOJAYA (BELLAVISTA),27099,BOJAYÁ,1700,17
17017,1700017,EL CANTON DEL SAN PABLO (MAN.,27135,EL CANTÓN DEL SAN PABLO,1700,17
17015,1700015,CARMEN DEL DARIEN,27150,CARMEN DEL DARIÉN,1700,17
17014,1700014,CERTEGUI,27160,CÉRTEGUI,1700,17
17013,1700013,CONDOTO,27205,CONDOTO,1700,17
17016,1700016,EL CARMEN,27245,EL CARMEN DE ATRATO,1700,17
17038,1700038,EL LITORAL DEL SAN JUAN,27250,EL LITORAL DEL SAN JUAN,1700,17
17019,1700019,ISTMINA,27361,ISTMINA,1700,17
17022,1700022,JURADO,27372,JURADÓ,1700,17
17025,1700025,LLORO,27413,LLORÓ,1700,17
17012,1700012,MEDIO ATRATO (BETE),27425,MEDIO ATRATO,1700,17
17026,1700026,MEDIO BAUDO (PUERTO MELUK),27430,MEDIO BAUDÓ,1700,17
17027,1700027,MEDIO SAN JUAN,27450,MEDIO SAN JUAN,1700,17
17028,1700028,NOVITA,27491,NÓVITA,1700,17
17031,1700031,NUQUI,27495,NUQUÍ,1700,17
17032,1700032,RIO IRO,27580,RÍO IRÓ,1700,17
17035,1700035,RIO QUITO (PAIMADO),27600,RÍO QUITO,1700,17
17034,1700034,RIOSUCIO,27615,RIOSUCIO,1700,17
17037,1700037,SAN JOSE DEL PALMAR,27660,SAN JOSÉ DEL PALMAR,1700,17
17040,1700040,SIPI,27745,SIPÍ,1700,17
17043,1700043,TADO,27787,TADÓ,1700,17
17048,1700048,UNGUIA,27800,UNGUÍA,1700,17
17060,1700060,UNION PANAMERICANA (LAS ANIMAS,27810,UNIÓN PANAMERICANA,1700,17
19001,1900001,NEIVA,41001,NEIVA,1900,19
19004,1900004,ACEVEDO,41006,ACEVEDO,1900,19
19007,1900007,AGRADO,41013,AGRADO,1900,19
19010,1900010,AIPE,41016,AIPE,1900,19
19013,1900013,ALGECIRAS,41020,ALGECIRAS,1900,19
19016,1900016,ALTAMIRA,41026,ALTAMIRA,1900,19
19019,1900019,BARAYA,41078,BARAYA,1900,19
19022,1900022,CAMPOALEGRE,41132,CAMPOALEGRE,1900,19
19028,1900028,COLOMBIA,41206,COLOMBIA,1900,19
19031,1900031,ELIAS,41244,ELÍAS,1900,19
19034,1900034,GARZON,41298,GARZÓN,1900,19
19037,1900037,GIGANTE,41306,GIGANTE,1900,19
19040,1900040,GUADALUPE,41319,GUADALUPE,1900,19
19043,1900043,HOBO,41349,HOBO,1900,19
19046,1900046,IQUIRA,41357,ÍQUIRA,1900,19
19044,1900044,ISNOS,41359,ISNOS,1900,19
19047,1900047,LA ARGENTINA (PLATA VIEJA),41378,LA ARGENTINA,1900,19
19049,1900049,LA PLATA,41396,LA PLATA,1900,19
19050,1900050,NATAGA,41483,NÁTAGA,1900,19
19051,1900051,OPORAPA,41503,OPORAPA,1900,19
19052,1900052,PAICOL,41518,PAICOL,1900,19
19055,1900055,PALERMO,41524,PALERMO,1900,19
19056,1900056,PALESTINA,41530,PALESTINA,1900,19
19058,1900058,PITAL,41548,PITAL,1900,19
19061,1900061,PITALITO,41551,PITALITO,1900,19
19064,1900064,RIVERA,41615,RIVERA,1900,19
19067,1900067,SALADOBLANCO,41660,SALADOBLANCO,1900,19
19070,1900070,SAN AGUSTIN,41668,SAN AGUSTÍN,1900,19
19074,1900074,SANTA MARIA,41676,SANTA MARÍA,1900,19
19076,1900076,SUAZA,41770,SUAZA,1900,19
19079,1900079,TARQUI,41791,TARQUI,1900,19
19025,1900025,TESALIA (CARNICERIAS),41797,TESALIA,1900,19
19082,1900082,TELLO,41799,TELLO,1900,19
19085,1900085,TERUEL,41801,TERUEL,1900,19
19088,1900088,TIMANA,41807,TIMANÁ,1900,19
19091,1900091,VILLAVIEJA,41872,VILLAVIEJA,1900,19
19094,1900094,YAGUARA,41885,YAGUARÁ,1900,19
21001,2100001,SANTA MARTA,47001,SANTA MARTA,2100,21
21008,2100008,ALGARROBO,47030,ALGARROBO,2100,21
21010,2100010,ARACATACA,47053,ARACATACA,2100,21
21012,2100012,ARIGUANI (EL DIFICIL),47058,ARIGUANÍ,2100,21
21013,2100013,CERRO DE SAN ANTONIO,47161,CERRO DE SAN ANTONIO,2100,21
21015,2100015,CHIVOLO,47170,CHIVOLO,2100,21
21016,2100016,CIENAGA,47189,CIÉNAGA,2100,21
21020,2100020,CONCORDIA,47205,CONCORDIA,2100,21
21025,2100025,EL BANCO,47245,EL BANCO,2100,21
21028,2100028,EL PIÑON,47258,EL PIÑÓN,2100,21
21030,2100030,EL RETEN,47268,EL RETÉN,2100,21
21031,2100031,FUNDACION,47288,FUNDACIÓN,2100,21
21040,2100040,GUAMAL,47318,GUAMAL,2100,21
21042,2100042,NUEVA GRANADA,47460,NUEVA GRANADA,2100,21
21046,2100046,PEDRAZA,47541,PEDRAZA,2100,21
21048,2100048,PIJIÑO DEL CARMEN,47545,PIJIÑO DEL CARMEN,2100,21
21049,2100049,PIVIJAY,47551,PIVIJAY,2100,21
21052,2100052,PLATO,47555,PLATO,2100,21
21055,2100055,PUEBLOVIEJO,47570,PUEBLOVIEJO,2100,21
21058,2100058,REMOLINO,47605,REMOLINO,2100,21
21060,2100060,SABANAS DE SAN ANGEL,47660,SABANAS DE SAN ÁNGEL,2100,21
21067,2100067,SALAMINA,47675,SALAMINA,2100,21
21070,2100070,SAN SEBASTIAN DE BUENAVISTA,47692,SAN SEBASTIÁN DE BUENAVISTA,2100,21
21073,2100073,SAN ZENON,47703,SAN ZENÓN,2100,21
21076,2100076,SANTA ANA,47707,SANTA ANA,2100,21
21078,2100078,SANTA BARBARA DE PINTO,47720,SANTA BÁRBARA DE PINTO,2100,21
21079,2100079,SITIONUEVO,47745,SITIONUEVO,2100,21
21085,2100085,TENERIFE,47798,TENERIFE,2100,21
21090,2100090,ZAPAYAN,47960,ZAPAYÁN,2100,21
21095,2100095,ZONA BANANERA (SEVILLA),47980,ZONA BANANERA,2100,21
23001,2300001,PASTO,52001,PASTO,2300,23
23004,2300004,ALBAN (SAN JOSE),52019,ALBÁN,2300,23
23007,2300007,ALDANA,52022,ALDANA,2300,23
23010,2300010,ANCUYA,52036,ANCUYA,2300,23
23013,2300013,ARBOLEDA (BERRUECOS),52051,ARBOLEDA,2300,23
23016,2300016,BARBACOAS,52079,BARBACOAS,2300,23
23017,2300017,BELEN,52083,BELÉN,2300,23
23019,2300019,BUESACO,52110,BUESACO,2300,23
23022,2300022,COLON (GENOVA),52203,COLÓN,2300,23
23025,2300025,CONSACA,52207,CONSACÁ,2300,23
23028,2300028,CONTADERO,52210,CONTADERO,2300,23
23031,2300031,CORDOBA,52215,CÓRDOBA,2300,23
23034,2300034,CUASPUD (CARLOSAMA),52224,CUASPUD CARLOSAMA,2300,23
23037,2300037,CUMBAL,52227,CUMBAL,2300,23
23039,2300039,CUMBITARA,52233,CUMBITARA,2300,23
23038,2300038,CHACHAGUI,52240,CHACHAGÜÍ,2300,23
23041,2300041,EL CHARCO,52250,EL CHARCO,2300,23
23044,2300044,EL PEÑOL,52254,EL PEÑOL,2300,23
23040,2300040,EL ROSARIO,52256,EL ROSARIO,2300,23
23043,2300043,EL TABLON,52258,EL TABLÓN DE GÓMEZ,2300,23
23046,2300046,EL TAMBO,52260,EL TAMBO,2300,23
23049,2300049,FUNES,52287,FUNES,2300,23
23052,2300052,GUACHUCAL,52317,GUACHUCAL,2300,23
23055,2300055,GUAITARILLA,52320,GUAITARILLA,2300,23
23058,2300058,GUALMATAN,52323,GUALMATÁN,2300,23
23061,2300061,ILES,52352,ILES,2300,23
23064,2300064,IMUES,52354,IMUÉS,2300,23
23067,2300067,IPIALES,52356,IPIALES,2300,23
23073,2300073,LA CRUZ,52378,LA CRUZ,2300,23
23076,2300076,LA FLORIDA,52381,LA FLORIDA,2300,23
23077,2300077,LA LLANADA,52385,LA LLANADA,2300,23
23078,2300078,LA TOLA,52390,LA TOLA,2300,23
23079,2300079,LA UNION,52399,LA UNIÓN,2300,23
23080,2300080,LEIVA,52405,LEIVA,2300,23
23082,2300082,LINARES,52411,LINARES,2300,23
23085,2300085,LOS ANDES (SOTOMAYOR),52418,LOS ANDES,2300,23
23088,2300088,MAGUI (PAYAN),52427,MAGÜÍ,2300,23
23091,2300091,MALLAMA (PIEDRANCHA),52435,MALLAMA,2300,23
23094,2300094,MOSQUERA,52473,MOSQUERA,2300,23
23096,2300096,NARIÑO,52480,NARIÑO,2300,23
23095,2300095,OLAYA HERRERA,52490,OLAYA HERRERA,2300,23
23097,2300097,OSPINA,52506,OSPINA,2300,23
23047,2300047,FRANCISCO PIZARRO (SALAHONDA),52520,FRANCISCO PIZARRO,2300,23
23098,2300098,POLICARPA,52540,POLICARPA,2300,23
23100,2300100,POTOSI,52560,POTOSÍ,2300,23
23101,2300101,PROVIDENCIA,52565,PROVIDENCIA,2300,23
23103,2300103,PUERRES,52573,PUERRES,2300,23
23106,2300106,PUPIALES,52585,PUPIALES,2300,23
23109,2300109,RICAURTE,52612,RICAURTE,2300,23
23112,2300112,ROBERTO PAYAN (SAN JOSE),52621,ROBERTO PAYÁN,2300,23
23115,2300115,SAMANIEGO,52678,SAMANIEGO,2300,23
23118,2300118,SANDONA,52683,SANDONÁ,2300,23
23120,2300120,SAN BERNARDO,52685,SAN BERNARDO,2300,23
23121,2300121,SAN LORENZO,52687,SAN LORENZO,2300,23
23124,2300124,SAN PABLO,52693,SAN PABLO,2300,23
23123,2300123,SAN PEDRO DE CARTAGO,52694,SAN PEDRO DE CARTAGO,2300,23
23125,2300125,SANTA BARBARA (ISCUANDE),52696,SANTA BÁRBARA,2300,23
23127,2300127,SANTACRUZ (GUACHAVES),52699,SANTACRUZ,2300,23
23130,2300130,SAPUYES,52720,SAPUYES,2300,23
23133,2300133,TAMINANGO,52786,TAMINANGO,2300,23
23136,2300136,TANGUA,52788,TANGUA,2300,23
23139,2300139,TUMACO,52835,SAN ANDRÉS DE TUMACO,2300,23
23142,2300142,TUQUERRES,52838,TÚQUERRES,2300,23
23145,2300145,YACUANQUER,52885,YACUANQUER,2300,23
24001,2400001,PEREIRA,66001,PEREIRA,2400,24
24008,2400008,APIA,66045,APÍA,2400,24
24013,2400013,BALBOA,66075,BALBOA,2400,24
24021,2400021,BELEN DE UMBRIA,66088,BELÉN DE UMBRÍA,2400,24
24025,2400025,DOSQUEBRADAS,66170,DOSQUEBRADAS,2400,24
24029,2400029,GUATICA,66318,GUÁTICA,2400,24
24038,2400038,LA CELIA,66383,LA CELIA,2400,24
24046,2400046,LA VIRGINIA,66400,LA VIRGINIA,2400,24
24054,2400054,MARSELLA,66440,MARSELLA,2400,24
24062,2400062,MISTRATO,66456,MISTRATÓ,2400,24
24070,2400070,PUEBLO RICO,66572,PUEBLO RICO,2400,24
24078,2400078,QUINCHIA,66594,QUINCHÍA,2400,24
24086,2400086,SANTA ROSA DE CABAL,66682,SANTA ROSA DE CABAL,2400,24
24094,2400094,SANTUARIO,66687,SANTUARIO,2400,24
25001,2500001,CUCUTA,54001,SAN JOSÉ DE CÚCUTA,2500,25
25004,2500004,ABREGO,54003,ÁBREGO,2500,25
25007,2500007,ARBOLEDAS,54051,ARBOLEDAS,2500,25
25010,2500010,BOCHALEMA,54099,BOCHALEMA,2500,25
25013,2500013,BUCARASICA,54109,BUCARASICA,2500,25
25016,2500016,CACOTA,54125,CÁCOTA,2500,25
25019,2500019,CACHIRA,54128,CÁCHIRA,2500,25
25028,2500028,CHINACOTA,54172,CHINÁCOTA,2500,25
25031,2500031,CHITAGA,54174,CHITAGÁ,2500,25
25022,2500022,CONVENCION,54206,CONVENCIÓN,2500,25
25025,2500025,CUCUTILLA,54223,CUCUTILLA,2500,25
25034,2500034,DURANIA,54239,DURANIA,2500,25
25037,2500037,EL CARMEN,54245,EL CARMEN,2500,25
25036,2500036,EL TARRA,54250,EL TARRA,2500,25
25038,2500038,EL ZULIA,54261,EL ZULIA,2500,25
25040,2500040,GRAMALOTE,54313,GRAMALOTE,2500,25
25043,2500043,HACARI,54344,HACARÍ,2500,25
25046,2500046,HERRAN,54347,HERRÁN,2500,25
25049,2500049,LABATECA,54377,LABATECA,2500,25
25051,2500051,LA ESPERANZA,54385,LA ESPERANZA,2500,25
25052,2500052,LA PLAYA,54398,LA PLAYA,2500,25
25054,2500054,LOS PATIOS,54405,LOS PATIOS,2500,25
25055,2500055,LOURDES,54418,LOURDES,2500,25
25058,2500058,MUTISCUA,54480,MUTISCUA,2500,25
25061,2500061,OCAÑA,54498,OCAÑA,2500,25
25064,2500064,PAMPLONA,54518,PAMPLONA,2500,25
25067,2500067,PAMPLONITA,54520,PAMPLONITA,2500,25
25069,2500069,PUERTO SANTANDER,54553,PUERTO SANTANDER,2500,25
25070,2500070,RAGONVALIA,54599,RAGONVALIA,2500,25
25073,2500073,SALAZAR,54660,SALAZAR,2500,25
25076,2500076,SAN CALIXTO,54670,SAN CALIXTO,2500,25
25079,2500079,SAN CAYETANO,54673,SAN CAYETANO,2500,25
25082,2500082,SANTIAGO,54680,SANTIAGO,2500,25
25085,2500085,SARDINATA,54720,SARDINATA,2500,25
25088,2500088,SILOS,54743,SILOS,2500,25
25091,2500091,TEORAMA,54800,TEORAMA,2500,25
25093,2500093,TIBU,54810,TIBÚ,2500,25
25094,2500094,TOLEDO,54820,TOLEDO,2500,25
25097,2500097,VILLA CARO,54871,VILLA CARO,2500,25
25100,2500100,VILLA DEL ROSARIO,54874,VILLA DEL ROSARIO,2500,25
26001,2600001,ARMENIA,63001,ARMENIA,2600,26
26005,2600005,BUENAVISTA,63111,BUENAVISTA,2600,26
26010,2600010,CALARCA,63130,CALARCÁ,2600,26
26020,2600020,CIRCASIA,63190,CIRCASIA,2600,26
26025,2600025,CORDOBA,63212,CÓRDOBA,2600,26
26030,2600030,FILANDIA,63272,FILANDIA,2600,26
26040,2600040,GENOVA,63302,GÉNOVA,2600,26
26050,2600050,LA TEBAIDA,63401,LA TEBAIDA,2600,26
26060,2600060,MONTENEGRO,63470,MONTENEGRO,2600,26
26070,2600070,PIJAO,63548,PIJAO,2600,26
26080,2600080,QUIMBAYA,63594,QUIMBAYA,2600,26
26090,2600090,SALENTO,63690,SALENTO,2600,26
27001,2700001,BUCARAMANGA,68001,BUCARAMANGA,2700,27
27004,2700004,AGUADA,68013,AGUADA,2700,27
27007,2700007,ALBANIA,68020,ALBANIA,2700,27
27010,2700010,ARATOCA,68051,ARATOCA,2700,27
27013,2700013,BARBOSA,68077,BARBOSA,2700,27
27016,2700016,BARICHARA,68079,BARICHARA,2700,27
27019,2700019,BARRANCABERMEJA,68081,BARRANCABERMEJA,2700,27
27022,2700022,BETULIA,68092,BETULIA,2700,27
27025,2700025,BOLIVAR,68101,BOLÍVAR,2700,27
27028,2700028,CABRERA,68121,CABRERA,2700,27
27031,2700031,CALIFORNIA,68132,CALIFORNIA,2700,27
27034,2700034,CAPITANEJO,68147,CAPITANEJO,2700,27
27037,2700037,CARCASI,68152,CARCASÍ,2700,27
27040,2700040,CEPITA,68160,CEPITÁ,2700,27
27043,2700043,CERRITO,68162,CERRITO,2700,27
27061,2700061,CHARALA,68167,CHARALÁ,2700,27
27064,2700064,CHARTA,68169,CHARTA,2700,27
27067,2700067,CHIMA,68176,CHIMA,2700,27
27070,2700070,CHIPATA,68179,CHIPATÁ,2700,27
27045,2700045,CIMITARRA,68190,CIMITARRA,2700,27
27046,2700046,CONCEPCION,68207,CONCEPCIÓN,2700,27
27049,2700049,CONFINES,68209,CONFINES,2700,27
27052,2700052,CONTRATACION,68211,CONTRATACIÓN,2700,27
27055,2700055,COROMORO,68217,COROMORO,2700,27
27058,2700058,CURITI,68229,CURITÍ,2700,27
27071,2700071,EL CARMEN,68235,EL CARMEN DE CHUCURÍ,2700,27
27073,2700073,EL GUACAMAYO,68245,EL GUACAMAYO,2700,27
27075,2700075,EL PEÑON,68250,EL PEÑÓN,2700,27
27074,2700074,EL PLAYON,68255,EL PLAYÓN,2700,27
27076,2700076,ENCINO,68264,ENCINO,2700,27
27079,2700079,ENCISO,68266,ENCISO,2700,27
27080,2700080,FLORIAN,68271,FLORIÁN,2700,27
27082,2700082,FLORIDABLANCA,68276,FLORIDABLANCA,2700,27
27085,2700085,GALAN,68296,GALÁN,2700,27
27088,2700088,GAMBITA,68298,GÁMBITA,2700,27
27091,2700091,GIRON,68307,GIRÓN,2700,27
27094,2700094,GUACA,68318,GUACA,2700,27
27097,2700097,GUADALUPE,68320,GUADALUPE,2700,27
27100,2700100,GUAPOTA,68322,GUAPOTÁ,2700,27
27103,2700103,GUAVATA,68324,GUAVATÁ,2700,27
27106,2700106,GUEPSA,68327,GÜEPSA,2700,27
27109,2700109,HATO,68344,HATO,2700,27
27112,2700112,JESUS MARIA,68368,JESÚS MARÍA,2700,27
27115,2700115,JORDAN,68370,JORDÁN,2700,27
27119,2700119,LA BELLEZA,68377,LA BELLEZA,2700,27
27120,2700120,LANDAZURI,68385,LANDÁZURI,2700,27
27118,2700118,LA PAZ,68397,LA PAZ,2700,27
27121,2700121,LEBRIJA,68406,LEBRIJA,2700,27
27124,2700124,LOS SANTOS,68418,LOS SANTOS,2700,27
27127,2700127,MACARAVITA,68425,MACARAVITA,2700,27
27130,2700130,MALAGA,68432,MÁLAGA,2700,27
27133,2700133,MATANZA,68444,MATANZA,2700,27
27136,2700136,MOGOTES,68464,MOGOTES,2700,27
27139,2700139,MOLAGAVITA,68468,MOLAGAVITA,2700,27
27142,2700142,OCAMONTE,68498,OCAMONTE,2700,27
27145,2700145,OIBA,68500,OIBA,2700,27
27148,2700148,ONZAGA,68502,ONZAGA,2700,27
27151,2700151,PALMAR,68522,PALMAR,2700,27
27154,2700154,PALMAS DEL SOCORRO,68524,PALMAS DEL SOCORRO,2700,27
27157,2700157,PARAMO,68533,PÁRAMO,2700,27
27160,2700160,PIEDECUESTA,68547,PIEDECUESTA,2700,27
27163,2700163,PINCHOTE,68549,PINCHOTE,2700,27
27166,2700166,PUENTE NACIONAL,68572,PUENTE NACIONAL,2700,27
27167,2700167,PUERTO PARRA,68573,PUERTO PARRA,2700,27
27169,2700169,PUERTO WILCHES,68575,PUERTO WILCHES,2700,27
27172,2700172,RIONEGRO,68615,RIONEGRO,2700,27
27174,2700174,SABANA DE TORRES,68655,SABANA DE TORRES,2700,27
27175,2700175,SAN ANDRES,68669,SAN ANDRÉS,2700,27
27178,2700178,SAN BENITO,68673,SAN BENITO,2700,27
27181,2700181,SAN GIL,68679,SAN GIL,2700,27
27184,2700184,SAN JOAQUIN,68682,SAN JOAQUÍN,2700,27
27187,2700187,SAN JOSE DE MIRANDA,68684,SAN JOSÉ DE MIRANDA,2700,27
27190,2700190,SAN MIGUEL,68686,SAN MIGUEL,2700,27
27193,2700193,SAN VICENTE DE CHUCURI,68689,SAN VICENTE DE CHUCURÍ,2700,27
27195,2700195,SANTA BARBARA,68705,SANTA BÁRBARA,2700,27
27194,2700194,SANTA HELENA DEL OPON,68720,SANTA HELENA DEL OPÓN,2700,27
27196,2700196,SIMACOTA,68745,SIMACOTA,2700,27
27199,2700199,SOCORRO,68755,SOCORRO,2700,27
27202,2700202,SUAITA,68770,SUAITA,2700,27
27205,2700205,SUCRE,68773,SUCRE,2700,27
27208,2700208,SURATA,68780,SURATÁ,2700,27
27211,2700211,TONA,68820,TONA,2700,27
27217,2700217,VALLE DE SAN JOSE,68855,VALLE DE SAN JOSÉ,2700,27
27220,2700220,VELEZ,68861,VÉLEZ,2700,27
27219,2700219,VETAS,68867,VETAS,2700,27
27221,2700221,VILLANUEVA,68872,VILLANUEVA,2700,27
27223,2700223,ZAPATOCA,68895,ZAPATOCA,2700,27
28001,2800001,SINCELEJO,70001,SINCELEJO,2800,28
28010,2800010,BUENAVISTA,70110,BUENAVISTA,2800,28
28020,2800020,CAIMITO,70124,CAIMITO,2800,28
28030,2800030,COLOSO (RICAURTE),70204,COLOSÓ,2800,28
28040,2800040,COROZAL,70215,COROZAL,2800,28
28041,2800041,COVEÑAS,70221,COVEÑAS,2800,28
28045,2800045,CHALAN,70230,CHALÁN,2800,28
28042,2800042,EL ROBLE,70233,EL ROBLE,2800,28
28048,2800048,GALERAS (NUEVA GRANADA),70235,GALERAS,2800,28
28049,2800049,GUARANDA,70265,GUARANDA,2800,28
28050,2800050,LA UNION,70400,LA UNIÓN,2800,28
28055,2800055,LOS PALMITOS,70418,LOS PALMITOS,2800,28
28060,2800060,MAJAGUAL,70429,MAJAGUAL,2800,28
28080,2800080,MORROA,70473,MORROA,2800,28
28100,2800100,OVEJAS,70508,OVEJAS,2800,28
28120,2800120,PALMITO,70523,PALMITO,2800,28
28160,2800160,SAMPUES,70670,SAMPUÉS,2800,28
28180,2800180,SAN BENITO ABAD,70678,SAN BENITO ABAD,2800,28
28190,2800190,SAN JUAN DE BETULIA (BETULIA),70702,SAN JUAN DE BETULIA,2800,28
28200,2800200,SAN MARCOS,70708,SAN MARCOS,2800,28
28220,2800220,SAN ONOFRE,70713,SAN ONOFRE,2800,28
28240,2800240,SAN PEDRO,70717,SAN PEDRO,2800,28
28260,2800260,SINCE,70742,SAN LUIS DE SINCÉ,2800,28
28280,2800280,SUCRE,70771,SUCRE,2800,28
28300,2800300,TOLU,70820,SANTIAGO DE TOLÚ,2800,28
28320,2800320,TOLUVIEJO,70823,SAN JOSÉ DE TOLUVIEJO,2800,28
29001,2900001,IBAGUE,73001,IBAGUÉ,2900,29
29004,2900004,ALPUJARRA,73024,ALPUJARRA,2900,29
29007,2900007,ALVARADO,73026,ALVARADO,2900,29
29010,2900010,AMBALEMA,73030,AMBALEMA,2900,29
29013,2900013,ANZOATEGUI,73043,ANZOÁTEGUI,2900,29
29016,2900016,ARMERO (GUAYABAL),73055,ARMERO,2900,29
29019,2900019,ATACO,73067,ATACO,2900,29
29022,2900022,CAJAMARCA,73124,CAJAMARCA,2900,29
29025,2900025,CARMEN DE APICALA,73148,CARMEN DE APICALÁ,2900,29
29028,2900028,CASABIANCA,73152,CASABIANCA,2900,29
29040,2900040,CHAPARRAL,73168,CHAPARRAL,2900,29
29031,2900031,COELLO,73200,COELLO,2900,29
29034,2900034,COYAIMA,73217,COYAIMA,2900,29
29037,2900037,CUNDAY,73226,CUNDAY,2900,29
29043,2900043,DOLORES,73236,DOLORES,2900,29
29046,2900046,ESPINAL,73268,ESPINAL,2900,29
29049,2900049,FALAN,73270,FALAN,2900,29
29052,2900052,FLANDES,73275,FLANDES,2900,29
29055,2900055,FRESNO,73283,FRESNO,2900,29
29058,2900058,GUAMO,73319,GUAMO,2900,29
29061,2900061,HERVEO,73347,HERVEO,2900,29
29064,2900064,HONDA,73349,HONDA,2900,29
29067,2900067,ICONONZO,73352,ICONONZO,2900,29
29070,2900070,LERIDA,73408,LÉRIDA,2900,29
29073,2900073,LIBANO,73411,LÍBANO,2900,29
29076,2900076,MARIQUITA,73443,SAN SEBASTIÁN DE MARIQUITA,2900,29
29079,2900079,MELGAR,73449,MELGAR,2900,29
29080,2900080,MURILLO,73461,MURILLO,2900,29
29082,2900082,NATAGAIMA,73483,NATAGAIMA,2900,29
29085,2900085,ORTEGA,73504,ORTEGA,2900,29
29087,2900087,PALOCABILDO,73520,PALOCABILDO,2900,29
29088,2900088,PIEDRAS,73547,PIEDRAS,2900,29
29089,2900089,PLANADAS,73555,PLANADAS,2900,29
29091,2900091,PRADO,73563,PRADO,2900,29
29094,2900094,PURIFICACION,73585,PURIFICACIÓN,2900,29
29097,2900097,RIOBLANCO,73616,RIOBLANCO,2900,29
29100,2900100,RONCESVALLES,73622,RONCESVALLES,2900,29
29103,2900103,ROVIRA,73624,ROVIRA,2900,29
29105,2900105,SALDAÑA,73671,SALDAÑA,2900,29
29106,2900106,SAN ANTONIO,73675,SAN ANTONIO,2900,29
29109,2900109,SAN LUIS,73678,SAN LUIS,2900,29
29112,2900112,SANTA ISABEL,73686,SANTA ISABEL,2900,29
29115,2900115,SUAREZ,73770,SUÁREZ,2900,29
29118,2900118,VALLE DE SAN JUAN,73854,VALLE DE SAN JUAN,2900,29
29121,2900121,VENADILLO,73861,VENADILLO,2900,29
29124,2900124,VILLAHERMOSA,73870,VILLAHERMOSA,2900,29
29127,2900127,VILLARRICA,73873,VILLARRICA,2900,29
31001,3100001,CALI,76001,CALI,3100,31
31004,3100004,ALCALA,76020,ALCALÁ,3100,31
31007,3100007,ANDALUCIA,76036,ANDALUCÍA,3100,31
31010,3100010,ANSERMANUEVO,76041,ANSERMANUEVO,3100,31
31013,3100013,ARGELIA,76054,ARGELIA,3100,31
31016,3100016,BOLIVAR,76100,BOLÍVAR,3100,31
31019,3100019,BUENAVENTURA,76109,BUENAVENTURA,3100,31
31022,3100022,BUGA,76111,GUADALAJARA DE BUGA,3100,31
31025,3100025,BUGALAGRANDE,76113,BUGALAGRANDE,3100,31
31028,3100028,CAICEDONIA,76122,CAICEDONIA,3100,31
31040,3100040,CALIMA (DARIEN),76126,CALIMA,3100,31
31031,3100031,CANDELARIA,76130,CANDELARIA,3100,31
31034,3100034,CARTAGO,76147,CARTAGO,3100,31
31037,3100037,DAGUA,76233,DAGUA,3100,31
31043,3100043,EL AGUILA,76243,EL ÁGUILA,3100,31
31046,3100046,EL CAIRO,76246,EL CAIRO,3100,31
31049,3100049,EL CERRITO,76248,EL CERRITO,3100,31
31052,3100052,EL DOVIO,76250,EL DOVIO,3100,31
31055,3100055,FLORIDA,76275,FLORIDA,3100,31
31058,3100058,GINEBRA,76306,GINEBRA,3100,31
31061,3100061,GUACARI,76318,GUACARÍ,3100,31
31064,3100064,JAMUNDI,76364,JAMUNDÍ,3100,31
31067,3100067,LA CUMBRE,76377,LA CUMBRE,3100,31
31070,3100070,LA UNION,76400,LA UNIÓN,3100,31
31073,3100073,LA VICTORIA,76403,LA VICTORIA,3100,31
31076,3100076,OBANDO,76497,OBANDO,3100,31
31079,3100079,PALMIRA,76520,PALMIRA,3100,31
31082,3100082,PRADERA,76563,PRADERA,3100,31
31085,3100085,RESTREPO,76606,RESTREPO,3100,31
31088,3100088,RIOFRIO,76616,RIOFRÍO,3100,31
31091,3100091,ROLDANILLO,76622,ROLDANILLO,3100,31
31094,3100094,SAN PEDRO,76670,SAN PEDRO,3100,31
31097,3100097,SEVILLA,76736,SEVILLA,3100,31
31100,3100100,TORO,76823,TORO,3100,31
31103,3100103,TRUJILLO,76828,TRUJILLO,3100,31
31106,3100106,TULUA,76834,TULUÁ,3100,31
31109,3100109,ULLOA,76845,ULLOA,3100,31
31112,3100112,VERSALLES,76863,VERSALLES,3100,31
31115,3100115,VIJES,76869,VIJES,3100,31
31118,3100118,YOTOCO,76890,YOTOCO,3100,31
31121,3100121,YUMBO,76892,YUMBO,3100,31
31124,3100124,ZARZAL,76895,ZARZAL,3100,31
40001,4000001,ARAUCA,81001,ARAUCA,4000,40
40010,4000010,ARAUQUITA,81065,ARAUQUITA,4000,40
40015,4000015,CRAVO NORTE,81220,CRAVO NORTE,4000,40
40017,4000017,FORTUL,81300,FORTUL,4000,40
40020,4000020,PUERTO RONDON,81591,PUERTO RONDÓN,4000,40
40025,4000025,SARAVENA,81736,SARAVENA,4000,40
40005,4000005,TAME,81794,TAME,4000,40
44001,4400001,FLORENCIA,18001,FLORENCIA,4400,44
44002,4400002,ALBANIA,18029,ALBANIA,4400,44
44004,4400004,BELEN DE LOS ANDAQUIES,18094,BELÉN DE LOS ANDAQUÍES,4400,44
44003,4400003,CARTAGENA DEL CHAIRA,18150,CARTAGENA DEL CHAIRÁ,4400,44
44012,4400012,CURILLO,18205,CURILLO,4400,44
44005,4400005,EL DONCELLO,18247,EL DONCELLO,4400,44
44006,4400006,EL PAUJIL,18256,EL PAUJÍL,4400,44
44007,4400007,LA MONTAÑITA,18410,LA MONTAÑITA,4400,44
44016,4400016,MILAN,18460,MILÁN,4400,44
44017,4400017,MORELIA,18479,MORELIA,4400,44
44009,4400009,PUERTO RICO,18592,PUERTO RICO,4400,44
44020,4400020,SAN JOSE DEL FRAGUA,18610,SAN JOSÉ DEL FRAGUA,4400,44
44010,4400010,SAN VICENTE DEL CAGUAN,18753,SAN VICENTE DEL CAGUÁN,4400,44
44022,4400022,SOLANO,18756,SOLANO,4400,44
44024,4400024,SOLITA,18785,SOLITA,4400,44
44040,4400040,VALPARAISO,18860,VALPARAÍSO,4400,44
46001,4600001,YOPAL,85001,YOPAL,4600,46
46040,4600040,AGUAZUL,85010,AGUAZUL,4600,46
46120,4600120,CHAMEZA,85015,CHÁMEZA,4600,46
46320,4600320,HATO COROZAL,85125,HATO COROZAL,4600,46
46480,4600480,LA SALINA,85136,LA SALINA,4600,46
46520,4600520,MANI,85139,MANÍ,4600,46
46540,4600540,MONTERREY,85162,MONTERREY,4600,46
46560,4600560,NUNCHIA,85225,NUNCHÍA,4600,46
46640,4600640,OROCUE,85230,OROCUÉ,4600,46
46680,4600680,PAZ DE ARIPORO (MORENO),85250,PAZ DE ARIPORO,4600,46
46700,4600700,PORE,85263,PORE,4600,46
46760,4600760,RECETOR,85279,RECETOR,4600,46
46800,4600800,SABANALARGA,85300,SABANALARGA,4600,46
46815,4600815,SACAMA,85315,SÁCAMA,4600,46
46830,4600830,SAN LUIS DE PALENQUE,85325,SAN LUIS DE PALENQUE,4600,46
46840,4600840,TAMARA,85400,TÁMARA,4600,46
46850,4600850,TAURAMENA,85410,TAURAMENA,4600,46
46865,4600865,TRINIDAD,85430,TRINIDAD,4600,46
46880,4600880,VILLANUEVA,85440,VILLANUEVA,4600,46
48001,4800001,RIOHACHA,44001,RIOHACHA,4800,48
48002,4800002,ALBANIA,44035,ALBANIA,4800,48
48004,4800004,BARRANCAS,44078,BARRANCAS,4800,48
48005,4800005,DIBULLA,44090,DIBULLA,4800,48
48008,4800008,DISTRACCION,44098,DISTRACCIÓN,4800,48
48006,4800006,EL MOLINO,44110,EL MOLINO,4800,48
48007,4800007,FONSECA,44279,FONSECA,4800,48
48009,4800009,HATONUEVO,44378,HATONUEVO,4800,48
48012,4800012,LA JAGUA DEL PILAR,44420,LA JAGUA DEL PILAR,4800,48
48010,4800010,MAICAO,44430,MAICAO,4800,48
48011,4800011,MANAURE,44560,MANAURE,4800,48
48013,4800013,SAN JUAN DEL CESAR,44650,SAN JUAN DEL CESAR,4800,48
48016,4800016,URIBIA,44847,URIBIA,4800,48
48018,4800018,URUMITA,44855,URUMITA,4800,48
48020,4800020,VILLANUEVA,44874,VILLANUEVA,4800,48
50001,5000001,INIRIDA,94001,INÍRIDA,5000,50
50070,5000070,BARRANCO MINAS,94343,BARRANCOMINAS,5000,50
50092,5000092,SAN FELIPE,94883,SAN FELIPE,5000,50
50090,5000090,PUERTO COLOMBIA,94884,PUERTO COLOMBIA,5000,50
50078,5000078,LA GUADALUPE,94885,LA GUADALUPE,5000,50
50073,5000073,CACAHUAL,94886,CACAHUAL,5000,50
50087,5000087,PANA PANA (CAMPO ALEGRE),94887,PANA PANA,5000,50
50083,5000083,MORICHAL (MORICHAL NUEVO),94888,MORICHAL,5000,50
52001,5200001,VILLAVICENCIO,50001,VILLAVICENCIO,5200,52
52005,5200005,ACACIAS,50006,ACACÍAS,5200,52
52006,5200006,BARRANCA DE UPIA,50110,BARRANCA DE UPÍA,5200,52
52008,5200008,CABUYARO,50124,CABUYARO,5200,52
52010,5200010,CASTILLA LA NUEVA,50150,CASTILLA LA NUEVA,5200,52
52015,5200015,CUBARRAL,50223,CUBARRAL,5200,52
52020,5200020,CUMARAL,50226,CUMARAL,5200,52
52025,5200025,EL CALVARIO,50245,EL CALVARIO,5200,52
52027,5200027,EL CASTILLO,50251,EL CASTILLO,5200,52
52028,5200028,EL DORADO,50270,EL DORADO,5200,52
52030,5200030,FUENTE DE ORO,50287,FUENTE DE ORO,5200,52
52035,5200035,GRANADA,50313,GRANADA,5200,52
52040,5200040,GUAMAL,50318,GUAMAL,5200,52
52046,5200046,MAPIRIPAN,50325,MAPIRIPÁN,5200,52
52044,5200044,MESETAS,50330,MESETAS,5200,52
52041,5200041,LA MACARENA,50350,LA MACARENA,5200,52
52074,5200074,URIBE,50370,URIBE,5200,52
52042,5200042,LEJANIAS,50400,LEJANÍAS,5200,52
52047,5200047,PUERTO CONCORDIA,50450,PUERTO CONCORDIA,5200,52
52043,5200043,PUERTO GAITAN,50568,PUERTO GAITÁN,5200,52
52045,5200045,PUERTO LOPEZ,50573,PUERTO LÓPEZ,5200,52
52048,5200048,PUERTO LLERAS,50577,PUERTO LLERAS,5200,52
52049,5200049,PUERTO RICO,50590,PUERTO RICO,5200,52
52050,5200050,RESTREPO,50606,RESTREPO,5200,52
52055,5200055,SAN CARLOS DE GUAROA,50680,SAN CARLOS DE GUAROA,5200,52
52058,5200058,SAN JUAN DE ARAMA,50683,SAN JUAN DE ARAMA,5200,52
52059,5200059,SAN JUANITO,50686,SAN JUANITO,5200,52
52060,5200060,SAN MARTIN DE LOS LLANOS,50689,SAN MARTÍN,5200,52
52080,5200080,VISTA HERMOSA,50711,VISTAHERMOSA,5200,52
54001,5400001,SAN JOSE DEL GUAVIARE,95001,SAN JOSÉ DEL GUAVIARE,5400,54
54003,5400003,CALAMAR,95015,CALAMAR,5400,54
54007,5400007,EL RETORNO,95025,EL RETORNO,5400,54
54012,5400012,MIRAFLORES,95200,MIRAFLORES,5400,54
56004,5600004,PROVIDENCIA,88564,PROVIDENCIA,5600,56
56001,5600001,SAN ANDRES,88001,SAN ANDRES,5600,56
60001,6000001,LETICIA,91001,LETICIA,6000,60
60010,6000010,EL ENCANTO,91263,EL ENCANTO,6000,60
60013,6000013,LA CHORRERA,91405,LA CHORRERA,6000,60
60016,6000016,LA PEDRERA,91407,LA PEDRERA,6000,60
60017,6000017,LA VICTORIA,91430,LA VICTORIA,6000,60
60019,6000019,MIRITI PARANA,91460,MIRITÍ - PARANÁ,6000,60
60030,6000030,PUERTO ALEGRIA,91530,PUERTO ALEGRÍA,6000,60
60040,6000040,PUERTO ARICA,91536,PUERTO ARICA,6000,60
60007,6000007,PUERTO NARIÑO,91540,PUERTO NARIÑO,6000,60
60021,6000021,PUERTO SANTANDER,91669,PUERTO SANTANDER,6000,60
60022,6000022,TARAPACA,91798,TARAPACÁ,6000,60
64001,6400001,MOCOA,86001,MOCOA,6400,64
64007,6400007,COLON,86219,COLÓN,6400,64
64023,6400023,ORITO,86320,ORITO,6400,64
64002,6400002,PUERTO ASIS,86568,PUERTO ASÍS,6400,64
64026,6400026,PUERTO CAICEDO,86569,PUERTO CAICEDO,6400,64
64025,6400025,PUERTO GUZMAN,86571,PUERTO GUZMÁN,6400,64
64004,6400004,PUERTO LEGUIZAMO,86573,PUERTO LEGUÍZAMO,6400,64
64019,6400019,SIBUNDOY,86749,SIBUNDOY,6400,64
64013,6400013,SAN FRANCISCO,86755,SAN FRANCISCO,6400,64
64018,6400018,SAN MIGUEL (LA DORADA),86757,SAN MIGUEL,6400,64
64016,6400016,SANTIAGO,86760,SANTIAGO,6400,64
64028,6400028,VALLE DEL GUAMUEZ (LA HORMIGA),86865,VALLE DEL GUAMUEZ,6400,64
64030,6400030,VILLAGARZON,86885,VILLAGARZÓN,6400,64
68001,6800001,MITU,97001,MITÚ,6800,68
68004,6800004,CARURU,97161,CARURÚ,6800,68
68013,6800013,BUENOS AIRES (PACOA),97511,PACOA,6800,68
68017,6800017,TARAIRA,97666,TARAIRA,6800,68
68010,6800010,MORICHAL (PAPUNAGUA),97777,PAPUNAHUA,6800,68
68022,6800022,YAVARATE,97889,YAVARATÉ,6800,68
72001,7200001,PUERTO CARREÑO,99001,PUERTO CARREÑO,7200,72
72008,7200008,LA PRIMAVERA,99524,LA PRIMAVERA,7200,72
72002,7200002,SANTA ROSALIA,99624,SANTA ROSALÍA,7200,72
72006,7200006,CUMARIBO,99773,CUMARIBO,7200,72
01001,0100001,MEDELLIN,05001,MEDELLÍN,0100,01
01004,0100004,ABEJORRAL,05002,ABEJORRAL,0100,01
01007,0100007,ABRIAQUI,05004,ABRIAQUÍ,0100,01
01010,0100010,ALEJANDRIA,05021,ALEJANDRÍA,0100,01
01013,0100013,AMAGA,05030,AMAGÁ,0100,01
01016,0100016,AMALFI,05031,AMALFI,0100,01
01019,0100019,ANDES,05034,ANDES,0100,01
01022,0100022,ANGELOPOLIS,05036,ANGELÓPOLIS,0100,01
01025,0100025,ANGOSTURA,05038,ANGOSTURA,0100,01
01028,0100028,ANORI,05040,ANORÍ,0100,01
01031,0100031,ANTIOQUIA,05042,SANTA FÉ DE ANTIOQUIA,0100,01
01034,0100034,ANZA,05044,ANZÁ,0100,01
01035,0100035,APARTADO,05045,APARTADÓ,0100,01
01037,0100037,ARBOLETES,05051,ARBOLETES,0100,01
01039,0100039,ARGELIA,05055,ARGELIA,0100,01
01040,0100040,ARMENIA,05059,ARMENIA,0100,01
01043,0100043,BARBOSA,05079,BARBOSA,0100,01
01046,0100046,BELMIRA,05086,BELMIRA,0100,01
01049,0100049,BELLO,05088,BELLO,0100,01
01052,0100052,BETANIA,05091,BETANIA,0100,01
01055,0100055,BETULIA,05093,BETULIA,0100,01
01058,0100058,BOLIVAR,05101,CIUDAD BOLÍVAR,0100,01
01062,0100062,BRICEÑO,05107,BRICEÑO,0100,01
01061,0100061,BURITICA,05113,BURITICÁ,0100,01
01064,0100064,CACERES,05120,CÁCERES,0100,01
01067,0100067,CAICEDO,05125,CAICEDO,0100,01
01070,0100070,CALDAS,05129,CALDAS,0100,01
01073,0100073,CAMPAMENTO,05134,CAMPAMENTO,0100,01
01076,0100076,CAÑASGORDAS,05138,CAÑASGORDAS,0100,01
01078,0100078,CARACOLI,05142,CARACOLÍ,0100,01
01079,0100079,CARAMANTA,05145,CARAMANTA,0100,01
01080,0100080,CAREPA,05147,CAREPA,0100,01
01082,0100082,CARMEN DE VIBORAL,05148,EL CARMEN DE VIBORAL,0100,01
01085,0100085,CAROLINA,05150,CAROLINA,0100,01
01088,0100088,CAUCASIA,05154,CAUCASIA,0100,01
01106,0100106,CHIGORODO,05172,CHIGORODÓ,0100,01
01091,0100091,CISNEROS,05190,CISNEROS,0100,01
01094,0100094,COCORNA,05197,COCORNÁ,0100,01
01097,0100097,CONCEPCION,05206,CONCEPCIÓN,0100,01
01100,0100100,CONCORDIA,05209,CONCORDIA,0100,01
01103,0100103,COPACABANA,05212,COPACABANA,0100,01
01109,0100109,DABEIBA,05234,DABEIBA,0100,01
01112,0100112,DON MATIAS,05237,DONMATÍAS,0100,01
01115,0100115,EBEJICO,05240,EBÉJICO,0100,01
01117,0100117,EL BAGRE,05250,EL BAGRE,0100,01
01118,0100118,ENTRERRIOS,05264,ENTRERRÍOS,0100,01
01121,0100121,ENVIGADO,05266,ENVIGADO,0100,01
01124,0100124,FREDONIA,05282,FREDONIA,0100,01
01127,0100127,FRONTINO,05284,FRONTINO,0100,01
01130,0100130,GIRALDO,05306,GIRALDO,0100,01
01133,0100133,GIRARDOTA,05308,GIRARDOTA,0100,01
01136,0100136,GOMEZ PLATA,05310,GÓMEZ PLATA,0100,01
01139,0100139,GRANADA,05313,GRANADA,0100,01
01140,0100140,GUADALUPE,05315,GUADALUPE,0100,01
01142,0100142,GUARNE,05318,GUARNE,0100,01
01145,0100145,GUATAPE,05321,GUATAPÉ,0100,01
01148,0100148,HELICONIA,05347,HELICONIA,0100,01
01150,0100150,HISPANIA,05353,HISPANIA,0100,01
01151,0100151,ITAGUI,05360,ITAGÜÍ,0100,01
01154,0100154,ITUANGO,05361,ITUANGO,0100,01
01157,0100157,JARDIN,05364,JARDÍN,0100,01
01160,0100160,JERICO,05368,JERICÓ,0100,01
01163,0100163,LA CEJA,05376,LA CEJA,0100,01
01166,0100166,LA ESTRELLA,05380,LA ESTRELLA,0100,01
01170,0100170,LA PINTADA,05390,LA PINTADA,0100,01
01169,0100169,LA UNION,05400,LA UNIÓN,0100,01
01172,0100172,LIBORINA,05411,LIBORINA,0100,01
01175,0100175,MACEO,05425,MACEO,0100,01
01178,0100178,MARINILLA,05440,MARINILLA,0100,01
01181,0100181,MONTEBELLO,05467,MONTEBELLO,0100,01
01184,0100184,MURINDO,05475,MURINDÓ,0100,01
01187,0100187,MUTATA,05480,MUTATÁ,0100,01
01190,0100190,NARIÑO,05483,NARIÑO,0100,01
01192,0100192,NECOCLI,05490,NECOCLÍ,0100,01
01191,0100191,NECHI,05495,NECHÍ,0100,01
01193,0100193,OLAYA,05501,OLAYA,0100,01
01196,0100196,PEÑOL,05541,PEÑOL,0100,01
01199,0100199,PEQUE,05543,PEQUE,0100,01
01202,0100202,PUEBLORRICO,05576,PUEBLORRICO,0100,01
01205,0100205,PUERTO BERRIO,05579,PUERTO BERRÍO,0100,01
01168,0100168,PUERTO NARE-LA MAGDALENA,05585,PUERTO NARE,0100,01
01206,0100206,PUERTO TRIUNFO,05591,PUERTO TRIUNFO,0100,01
01208,0100208,REMEDIOS,05604,REMEDIOS,0100,01
01211,0100211,RETIRO,05607,RETIRO,0100,01
01214,0100214,RIONEGRO,05615,RIONEGRO,0100,01
01217,0100217,SABANALARGA,05628,SABANALARGA,0100,01
01218,0100218,SABANETA,05631,SABANETA,0100,01
01220,0100220,SALGAR,05642,SALGAR,0100,01
01223,0100223,SAN ANDRES,05647,SAN ANDRÉS DE CUERQUÍA,0100,01
01226,0100226,SAN CARLOS,05649,SAN CARLOS,0100,01
01227,0100227,SAN FRANCISCO,05652,SAN FRANCISCO,0100,01
01229,0100229,SAN JERONIMO,05656,SAN JERÓNIMO,0100,01
01230,0100230,SAN JOSE DE LA MONTAÑA,05658,SAN JOSÉ DE LA MONTAÑA,0100,01
01231,0100231,SAN JUAN DE URABA,05659,SAN JUAN DE URABÁ,0100,01
01232,0100232,SAN LUIS,05660,SAN LUIS,0100,01
01235,0100235,SAN PEDRO,05664,SAN PEDRO DE LOS MILAGROS,0100,01
01237,0100237,SAN PEDRO DE URABA,05665,SAN PEDRO DE URABÁ,0100,01
01238,0100238,SAN RAFAEL,05667,SAN RAFAEL,0100,01
01241,0100241,SAN ROQUE,05670,SAN ROQUE,0100,01
01244,0100244,SAN VICENTE,05674,SAN VICENTE FERRER,0100,01
01247,0100247,SANTA BARBARA,05679,SANTA BÁRBARA,0100,01
01250,0100250,SANTA ROSA DE OSOS,05686,SANTA ROSA DE OSOS,0100,01
01253,0100253,SANTO DOMINGO,05690,SANTO DOMINGO,0100,01
01256,0100256,SANTUARIO,05697,EL SANTUARIO,0100,01
01259,0100259,SEGOVIA,05736,SEGOVIA,0100,01
01262,0100262,SONSON,05756,SONSÓN,0100,01
01265,0100265,SOPETRAN,05761,SOPETRÁN,0100,01
01268,0100268,TAMESIS,05789,TÁMESIS,0100,01
01270,0100270,TARAZA,05790,TARAZÁ,0100,01
01271,0100271,TARSO,05792,TARSO,0100,01
01274,0100274,TITIRIBI,05809,TITIRIBÍ,0100,01
01277,0100277,TOLEDO,05819,TOLEDO,0100,01
01280,0100280,TURBO,05837,TURBO,0100,01
01282,0100282,URAMITA,05842,URAMITA,0100,01
01283,0100283,URRAO,05847,URRAO,0100,01
01286,0100286,VALDIVIA,05854,VALDIVIA,0100,01
01289,0100289,VALPARAISO,05856,VALPARAÍSO,0100,01
01290,0100290,VEGACHI,05858,VEGACHÍ,0100,01
01292,0100292,VENECIA,05861,VENECIA,0100,01
01291,0100291,VIGIA DEL FUERTE,05873,VIGÍA DEL FUERTE,0100,01
01293,0100293,YALI,05885,YALÍ,0100,01
01295,0100295,YARUMAL,05887,YARUMAL,0100,01
01298,0100298,YOLOMBO,05890,YOLOMBÓ,0100,01
01300,0100300,YONDO-CASABE,05893,YONDÓ,0100,01
01301,0100301,ZARAGOZA,05895,ZARAGOZA,0100,01
03001,0300001,BARRANQUILLA,08001,BARRANQUILLA,0300,03
03004,0300004,BARANOA,08078,BARANOA,0300,03
03007,0300007,CAMPO DE LA CRUZ,08137,CAMPO DE LA CRUZ,0300,03
03010,0300010,CANDELARIA,08141,CANDELARIA,0300,03
03013,0300013,GALAPA,08296,GALAPA,0300,03
03016,0300016,JUAN DE ACOSTA,08372,JUAN DE ACOSTA,0300,03
03019,0300019,LURUACO,08421,LURUACO,0300,03
03022,0300022,MALAMBO,08433,MALAMBO,0300,03
03025,0300025,MANATI,08436,MANATÍ,0300,03
03028,0300028,PALMAR DE VARELA,08520,PALMAR DE VARELA,0300,03
03031,0300031,PIOJO,08549,PIOJÓ,0300,03
03034,0300034,POLONUEVO,08558,POLONUEVO,0300,03
03035,0300035,PONEDERA,08560,PONEDERA,0300,03
03037,0300037,PUERTO COLOMBIA,08573,PUERTO COLOMBIA,0300,03
03040,0300040,REPELON,08606,REPELÓN,0300,03
03043,0300043,SABANAGRANDE,08634,SABANAGRANDE,0300,03
03046,0300046,SABANALARGA,08638,SABANALARGA,0300,03
03047,0300047,SANTA LUCIA,08675,SANTA LUCÍA,0300,03
03049,0300049,SANTO TOMAS,08685,SANTO TOMÁS,0300,03
03052,0300052,SOLEDAD,08758,SOLEDAD,0300,03
03055,0300055,SUAN,08770,SUAN,0300,03
03058,0300058,TUBARA,08832,TUBARÁ,0300,03
03061,0300061,USIACURI,08849,USIACURÍ,0300,03
05001,0500001,CARTAGENA,13001,CARTAGENA DE INDIAS,0500,05
05004,0500004,ACHI,13006,ACHÍ,0500,05
05006,0500006,ALTOS DEL ROSARIO,13030,ALTOS DEL ROSARIO,0500,05
05005,0500005,ARENAL,13042,ARENAL,0500,05
05007,0500007,ARJONA,13052,ARJONA,0500,05
05009,0500009,ARROYO HONDO,13062,ARROYOHONDO,0500,05
05010,0500010,BARRANCO DE LOBA,13074,BARRANCO DE LOBA,0500,05
05013,0500013,CALAMAR,13140,CALAMAR,0500,05
05014,0500014,CANTAGALLO,13160,CANTAGALLO,0500,05
05015,0500015,CICUCO,13188,CICUCO,0500,05
05016,0500016,CORDOBA,13212,CÓRDOBA,0500,05
05018,0500018,CLEMENCIA,13222,CLEMENCIA,0500,05
05022,0500022,EL CARMEN DE BOLIVAR,13244,EL CARMEN DE BOLÍVAR,0500,05
05025,0500025,EL GUAMO,13248,EL GUAMO,0500,05
05027,0500027,EL PEÑON,13268,EL PEÑÓN,0500,05
05026,0500026,HATILLO DE LOBA,13300,HATILLO DE LOBA,0500,05
05028,0500028,MAGANGUE,13430,MAGANGUÉ,0500,05
05031,0500031,MAHATES,13433,MAHATES,0500,05
05037,0500037,MARGARITA,13440,MARGARITA,0500,05
05040,0500040,MARIA LA BAJA,13442,MARÍA LA BAJA,0500,05
05041,0500041,MONTECRISTO,13458,MONTECRISTO,0500,05
05043,0500043,MOMPOS,13468,SANTA CRUZ DE MOMPOX,0500,05
05044,0500044,MORALES,13473,MORALES,0500,05
05050,0500050,NOROSI,13490,NOROSÍ,0500,05
05059,0500059,PINILLOS,13549,PINILLOS,0500,05
05063,0500063,REGIDOR,13580,REGIDOR,0500,05
05065,0500065,RIOVIEJO,13600,RÍO VIEJO,0500,05
05072,0500072,SAN CRISTOBAL,13620,SAN CRISTÓBAL,0500,05
05070,0500070,SAN ESTANISLAO,13647,SAN ESTANISLAO,0500,05
05073,0500073,SAN FERNANDO,13650,SAN FERNANDO,0500,05
05076,0500076,SAN JACINTO,13654,SAN JACINTO,0500,05
05078,0500078,SAN JACINTO DEL CAUCA,13655,SAN JACINTO DEL CAUCA,0500,05
05079,0500079,SAN JUAN NEPOMUCENO,13657,SAN JUAN NEPOMUCENO,0500,05
05082,0500082,SAN MARTIN DE LOBA,13667,SAN MARTÍN DE LOBA,0500,05
05084,0500084,SAN PABLO,13670,SAN PABLO,0500,05
05091,0500091,SANTA CATALINA,13673,SANTA CATALINA,0500,05
05094,0500094,SANTA ROSA,13683,SANTA ROSA,0500,05
05095,0500095,SANTA ROSA DEL SUR,13688,SANTA ROSA DEL SUR,0500,05
05097,0500097,SIMITI,13744,SIMITÍ,0500,05
05106,0500106,SOPLAVIENTO,13760,SOPLAVIENTO,0500,05
05110,0500110,TALAIGUA NUEVO,13780,TALAIGUA NUEVO,0500,05
05113,0500113,TIQUISIO (PTO. RICO),13810,TIQUISIO,0500,05
05118,0500118,TURBACO,13836,TURBACO,0500,05
05121,0500121,TURBANA,13838,TURBANA,0500,05
05124,0500124,VILLANUEVA,13873,VILLANUEVA,0500,05
05127,0500127,ZAMBRANO,13894,ZAMBRANO,0500,05
07001,0700001,TUNJA,15001,TUNJA,0700,07
07007,0700007,ALMEIDA,15022,ALMEIDA,0700,07
07008,0700008,AQUITANIA (PUEBLOVIEJO),15047,AQUITANIA,0700,07
07010,0700010,ARCABUCO,15051,ARCABUCO,0700,07
07013,0700013,BELEN,15087,BELÉN,0700,07
07016,0700016,BERBEO,15090,BERBEO,0700,07
07019,0700019,BETEITIVA,15092,BETÉITIVA,0700,07
07022,0700022,BOAVITA,15097,BOAVITA,0700,07
07025,0700025,BOYACA,15104,BOYACÁ,0700,07
07028,0700028,BRICEÑO,15106,BRICEÑO,0700,07
07031,0700031,BUENAVISTA,15109,BUENAVISTA,0700,07
07034,0700034,BUSBANZA,15114,BUSBANZÁ,0700,07
07037,0700037,CALDAS,15131,CALDAS,0700,07
07040,0700040,CAMPOHERMOSO,15135,CAMPOHERMOSO,0700,07
07043,0700043,CERINZA,15162,CERINZA,0700,07
07064,0700064,CHINAVITA,15172,CHINAVITA,0700,07
07067,0700067,CHIQUINQUIRA,15176,CHIQUINQUIRÁ,0700,07
07070,0700070,CHISCAS,15180,CHISCAS,0700,07
07073,0700073,CHITA,15183,CHITA,0700,07
07076,0700076,CHITARAQUE,15185,CHITARAQUE,0700,07
07077,0700077,CHIVATA,15187,CHIVATÁ,0700,07
07046,0700046,CIENEGA,15189,CIÉNEGA,0700,07
07049,0700049,COMBITA,15204,CÓMBITA,0700,07
07052,0700052,COPER,15212,COPER,0700,07
07055,0700055,CORRALES,15215,CORRALES,0700,07
07058,0700058,COVARACHIA,15218,COVARACHÍA,0700,07
07059,0700059,CUBARA,15223,CUBARÁ,0700,07
07060,0700060,CUCAITA,15224,CUCAITA,0700,07
07061,0700061,CUITIVA,15226,CUÍTIVA,0700,07
07068,0700068,CHIQUIZA,15232,CHÍQUIZA,0700,07
07078,0700078,CHIVOR,15236,CHIVOR,0700,07
07079,0700079,DUITAMA,15238,DUITAMA,0700,07
07082,0700082,EL COCUY,15244,EL COCUY,0700,07
07085,0700085,EL ESPINO,15248,EL ESPINO,0700,07
07088,0700088,FIRAVITOBA,15272,FIRAVITOBA,0700,07
07091,0700091,FLORESTA,15276,FLORESTA,0700,07
07094,0700094,GACHANTIVA,15293,GACHANTIVÁ,0700,07
07097,0700097,GAMEZA,15296,GÁMEZA,0700,07
07100,0700100,GARAGOA,15299,GARAGOA,0700,07
07103,0700103,GUACAMAYAS,15317,GUACAMAYAS,0700,07
07106,0700106,GUATEQUE,15322,GUATEQUE,0700,07
07109,0700109,GUAYATA,15325,GUAYATÁ,0700,07
07112,0700112,GUICAN,15332,GÜICÁN DE LA SIERRA,0700,07
07118,0700118,IZA,15362,IZA,0700,07
07121,0700121,JENESANO,15367,JENESANO,0700,07
07124,0700124,JERICO,15368,JERICÓ,0700,07
07127,0700127,LABRANZAGRANDE,15377,LABRANZAGRANDE,0700,07
07130,0700130,LA CAPILLA,15380,LA CAPILLA,0700,07
07137,0700137,LA VICTORIA,15401,LA VICTORIA,0700,07
07136,0700136,LA UVITA,15403,LA UVITA,0700,07
07139,0700139,VILLA DE LEIVA,15407,VILLA DE LEYVA,0700,07
07142,0700142,MACANAL,15425,MACANAL,0700,07
07148,0700148,MARIPI,15442,MARIPÍ,0700,07
07151,0700151,MIRAFLORES,15455,MIRAFLORES,0700,07
07154,0700154,MONGUA,15464,MONGUA,0700,07
07157,0700157,MONGUI,15466,MONGUÍ,0700,07
07160,0700160,MONIQUIRA,15469,MONIQUIRÁ,0700,07
07161,0700161,MOTAVITA,15476,MOTAVITA,0700,07
07163,0700163,MUZO,15480,MUZO,0700,07
07166,0700166,NOBSA,15491,NOBSA,0700,07
07169,0700169,NUEVO COLON,15494,NUEVO COLÓN,0700,07
07173,0700173,OICATA,15500,OICATÁ,0700,07
07176,0700176,OTANCHE,15507,OTANCHE,0700,07
07178,0700178,PACHAVITA,15511,PACHAVITA,0700,07
07179,0700179,PAEZ,15514,PÁEZ,0700,07
07181,0700181,PAIPA,15516,PAIPA,0700,07
07184,0700184,PAJARITO,15518,PAJARITO,0700,07
07187,0700187,PANQUEBA,15522,PANQUEBA,0700,07
07190,0700190,PAUNA,15531,PAUNA,0700,07
07193,0700193,PAYA,15533,PAYA,0700,07
07199,0700199,PAZ DE RIO,15537,PAZ DE RÍO,0700,07
07202,0700202,PESCA,15542,PESCA,0700,07
07205,0700205,PISBA,15550,PISBA,0700,07
07214,0700214,PUERTO BOYACA,15572,PUERTO BOYACÁ,0700,07
07215,0700215,QUIPAMA,15580,QUÍPAMA,0700,07
07217,0700217,RAMIRIQUI,15599,RAMIRIQUÍ,0700,07
07220,0700220,RAQUIRA,15600,RÁQUIRA,0700,07
07223,0700223,RONDON,15621,RONDÓN,0700,07
07226,0700226,SABOYA,15632,SABOYÁ,0700,07
07232,0700232,SACHICA,15638,SÁCHICA,0700,07
07235,0700235,SAMACA,15646,SAMACÁ,0700,07
07237,0700237,SAN EDUARDO,15660,SAN EDUARDO,0700,07
07238,0700238,SAN JOSE DE PARE,15664,SAN JOSÉ DE PARE,0700,07
07241,0700241,SAN LUIS DE GACENO,15667,SAN LUIS DE GACENO,0700,07
07247,0700247,SAN MATEO,15673,SAN MATEO,0700,07
07248,0700248,SAN MIGUEL DE SEMA,15676,SAN MIGUEL DE SEMA,0700,07
07249,0700249,SAN PABLO DE BORBUR,15681,SAN PABLO DE BORBUR,0700,07
07250,0700250,SANTANA,15686,SANTANA,0700,07
07251,0700251,SANTA MARIA,15690,SANTA MARÍA,0700,07
07253,0700253,SANTA ROSA DE VITERBO,15693,SANTA ROSA DE VITERBO,0700,07
07256,0700256,SANTA SOFIA,15696,SANTA SOFÍA,0700,07
07259,0700259,SATIVANORTE,15720,SATIVANORTE,0700,07
07262,0700262,SATIVASUR,15723,SATIVASUR,0700,07
07265,0700265,SIACHOQUE,15740,SIACHOQUE,0700,07
07268,0700268,SOATA,15753,SOATÁ,0700,07
07271,0700271,SOCOTA,15755,SOCOTÁ,0700,07
07274,0700274,SOCHA,15757,SOCHA,0700,07
07277,0700277,SOGAMOSO,15759,SOGAMOSO,0700,07
07280,0700280,SOMONDOCO,15761,SOMONDOCO,0700,07
07281,0700281,SORA,15762,SORA,0700,07
07283,0700283,SOTAQUIRA,15763,SOTAQUIRÁ,0700,07
07282,0700282,SORACA,15764,SORACÁ,0700,07
07286,0700286,SUSACON,15774,SUSACÓN,0700,07
07289,0700289,SUTAMARCHAN,15776,SUTAMARCHÁN,0700,07
07292,0700292,SUTATENZA,15778,SUTATENZA,0700,07
07298,0700298,TASCO,15790,TASCO,0700,07
07301,0700301,TENZA,15798,TENZA,0700,07
07304,0700304,TIBANA,15804,TIBANÁ,0700,07
07307,0700307,TIBASOSA,15806,TIBASOSA,0700,07
07310,0700310,TINJACA,15808,TINJACÁ,0700,07
07311,0700311,TIPACOQUE,15810,TIPACOQUE,0700,07
07313,0700313,TOCA,15814,TOCA,0700,07
07316,0700316,TOGUI,15816,TOGÜÍ,0700,07
07319,0700319,TOPAGA,15820,TÓPAGA,0700,07
07322,0700322,TOTA,15822,TOTA,0700,07
07324,0700324,TUNUNGUA,15832,TUNUNGUÁ,0700,07
07325,0700325,TURMEQUE,15835,TURMEQUÉ,0700,07
07328,0700328,TUTA,15837,TUTA,0700,07
07331,0700331,TUTAZA,15839,TUTAZÁ,0700,07
07334,0700334,UMBITA,15842,ÚMBITA,0700,07
07337,0700337,VENTAQUEMADA,15861,VENTAQUEMADA,0700,07
07340,0700340,VIRACACHA,15879,VIRACACHÁ,0700,07
07346,0700346,ZETAQUIRA,15897,ZETAQUIRA,0700,07
09001,0900001,MANIZALES,17001,MANIZALES,0900,09
09004,0900004,AGUADAS,17013,AGUADAS,0900,09
09007,0900007,ANSERMA,17042,ANSERMA,0900,09
09013,0900013,ARANZAZU,17050,ARANZAZU,0900,09
09022,0900022,BELALCAZAR,17088,BELALCÁZAR,0900,09
09034,0900034,CHINCHINA,17174,CHINCHINÁ,0900,09
09037,0900037,FILADELFIA,17272,FILADELFIA,0900,09
09049,0900049,LA DORADA,17380,LA DORADA,0900,09
09052,0900052,LA MERCED,17388,LA MERCED,0900,09
09055,0900055,MANZANARES,17433,MANZANARES,0900,09
09058,0900058,MARMATO,17442,MARMATO,0900,09
09061,0900061,MARQUETALIA,17444,MARQUETALIA,0900,09
09067,0900067,MARULANDA,17446,MARULANDA,0900,09
09076,0900076,NEIRA,17486,NEIRA,0900,09
09078,0900078,NORCASIA,17495,NORCASIA,0900,09
09079,0900079,PACORA,17513,PÁCORA,0900,09
09082,0900082,PALESTINA,17524,PALESTINA,0900,09
09085,0900085,PENSILVANIA,17541,PENSILVANIA,0900,09
09103,0900103,RIOSUCIO,17614,RIOSUCIO,0900,09
09106,0900106,RISARALDA,17616,RISARALDA,0900,09
09109,0900109,SALAMINA,17653,SALAMINA,0900,09
09115,0900115,SAMANA,17662,SAMANÁ,0900,09
09120,0900120,SAN JOSE,17665,SAN JOSÉ,0900,09
09124,0900124,SUPIA,17777,SUPÍA,0900,09
09127,0900127,VICTORIA,17867,VICTORIA,0900,09
09130,0900130,VILLAMARIA,17873,VILLAMARÍA,0900,09
09133,0900133,VITERBO,17877,VITERBO,0900,09
