mpio_reg_code_7,censo,votantes,votos_nulos,votos_no_marcados,votos_blanco,votos_validos,mesas_total,mesas_escrutadas,cand_cepeda,cand_valencia,cand_delaespriella,cand_claudialopez,cand_barreras,cand_fajardo,cand_caicedo,cand_lizcano,cand_uribe,cand_botero,cand_macollins,cand_matamoros,cand_murillo
0100001,1891862,907294,7976,1438,17041,897880,5329,3971,218512,74836,495908,3587,370,77435,245,1083,933,6799,547,159,425
0100004,15398,3770,42,34,56,3694,48,26,443,847,2062,24,6,161,2,9,16,52,12,3,1
0100007,2029,1097,18,2,16,1077,7,7,102,319,592,4,3,26,0,1,2,8,3,0,1
0100010,4743,2760,14,22,30,2724,14,14,389,312,1811,2,1,114,2,8,3,48,3,0,1
0100013,24772,10236,170,40,275,10026,74,59,3054,774,4996,39,8,534,10,30,14,266,13,0,13
0100016,19004,6144,56,37,189,6051,56,50,1002,537,3764,38,27,285,2,17,26,137,14,2,11
0100019,36323,17299,117,51,238,17131,111,109,2485,3516,9908,52,13,567,13,19,45,236,17,13,9
0100022,5986,1420,25,7,44,1388,19,10,345,147,698,6,1,76,1,3,0,64,2,0,1
0100025,9462,3099,88,62,113,2949,28,24,504,510,1503,27,8,151,3,18,25,67,18,2,0
0100028,13703,3667,26,26,140,3615,43,40,1206,206,1758,8,8,151,4,13,12,97,10,2,0
0100031,24438,11162,137,61,287,10964,75,68,2982,1534,5337,48,2,533,7,19,30,163,12,1,9
0100034,6689,2057,14,13,36,2030,20,15,288,307,1263,5,4,61,0,5,5,49,5,0,2
0100035,109813,43170,319,86,1102,42765,323,264,25352,1598,13037,109,17,1106,20,68,25,275,27,6,23
0100037,23451,6786,29,25,64,6732,72,53,2776,297,3391,13,3,94,3,19,7,42,11,10,2
0100039,6827,2999,15,17,40,2967,23,22,316,622,1832,7,14,53,2,7,7,50,8,1,8
0100040,4586,1961,20,21,29,1920,14,12,352,337,1104,8,1,52,0,4,4,26,3,0,0
0100043,46982,22133,411,93,615,21629,138,126,6285,2429,10422,131,24,1287,9,33,46,296,32,6,14
0100046,5419,2577,25,15,61,2537,19,18,338,420,1482,23,4,152,2,3,15,32,4,0,1
0100049,379595,184170,1902,286,3736,181982,1043,854,50495,15089,94389,918,72,14744,65,240,202,1793,121,24,94
0100052,8406,3198,24,18,48,3156,25,22,435,425,2040,9,7,106,1,5,10,62,3,2,3
0100055,13811,4472,48,39,78,4385,42,34,480,748,2798,7,8,117,2,10,13,110,10,1,3
0100058,23887,10011,87,43,158,9881,71,60,1389,1516,6310,23,4,269,5,12,14,157,16,2,6
0100061,8556,2086,17,6,74,2063,27,16,662,208,1005,10,3,63,0,0,3,33,2,0,0
0100062,6833,1888,50,22,58,1816,23,23,437,131,1022,16,4,62,2,10,6,52,11,4,1
0100064,21081,4000,48,20,94,3932,64,43,2260,130,1269,27,11,41,5,14,4,63,8,0,6
0100067,7295,3096,58,30,71,3008,21,21,493,832,1363,4,6,133,2,5,21,59,15,0,4
0100070,73226,42407,740,109,992,41558,213,192,11842,3924,20062,209,30,3853,17,66,50,445,32,7,29
0100073,7196,1971,26,13,61,1932,22,21,413,202,1075,18,2,89,1,9,5,44,6,3,4
0100076,14948,6540,43,33,96,6464,43,38,938,1483,3673,11,2,154,1,12,6,78,4,2,4
0100078,4855,1734,13,9,25,1712,16,14,388,213,990,10,4,35,1,3,6,36,0,0,1
0100079,4966,1938,20,8,25,1910,16,13,315,503,949,1,1,79,1,0,3,30,3,0,0
0100080,49440,17206,144,61,460,17001,149,121,9678,768,5404,49,7,393,4,31,20,168,12,0,7
0100082,47585,28799,322,69,473,28408,141,118,6427,2601,15906,129,16,2407,10,42,50,300,36,2,9
0100085,4309,1773,18,7,39,1748,13,10,369,221,982,8,2,100,2,4,4,8,4,0,5
0100088,77720,34231,431,123,896,33677,232,214,17139,935,13258,136,34,710,27,65,50,363,43,8,13
0100091,12820,6329,83,27,145,6219,37,35,1533,730,3358,22,5,274,5,8,4,125,7,3,0
0100094,14802,8307,64,66,102,8177,46,43,960,1040,5582,23,12,239,8,28,26,122,23,6,6
0100097,4565,2761,24,17,42,2720,13,13,278,342,1902,16,4,101,3,5,4,17,5,1,0
0100100,16331,6872,66,42,163,6764,49,49,901,1054,4234,30,14,154,5,14,29,133,26,3,4
0100103,77843,44503,537,66,921,43900,227,219,12757,3496,22115,191,13,3806,13,45,58,423,18,9,35
0100106,53621,16684,158,63,444,16463,155,108,8751,639,5809,47,18,438,17,39,22,221,11,4,3
0100109,20588,7704,87,46,144,7571,64,63,2803,509,3704,25,5,187,9,13,17,134,14,3,4
0100112,19227,8827,111,38,210,8678,55,50,1099,906,5797,39,7,437,7,18,21,115,13,4,5
0100115,11353,5074,59,29,88,4986,35,32,843,811,2933,22,8,145,4,13,17,82,9,3,8
0100117,42597,13340,195,57,404,13088,124,120,6061,491,5421,47,21,279,9,41,37,241,18,6,12
0100118,9822,2489,27,8,60,2454,28,13,384,212,1538,9,0,215,0,4,2,28,1,0,1
0100121,244817,149767,840,159,1733,148768,711,655,22141,13567,96963,517,34,12834,27,110,105,572,66,56,43
0100124,18044,6565,93,43,113,6429,57,44,1460,1064,3359,29,16,232,1,20,15,100,10,5,5
0100127,18187,5243,60,29,126,5154,58,45,1413,599,2669,25,9,191,3,12,17,73,14,0,3
0100130,5222,1990,14,5,45,1971,17,13,649,182,983,2,0,82,0,0,4,23,1,0,0
0100133,56839,22223,327,47,483,21849,165,112,5677,2100,11389,106,7,1623,14,104,43,258,31,2,12
0100136,9103,4741,66,20,118,4655,27,27,691,520,2944,24,4,241,2,12,15,70,11,1,2
0100139,9972,5677,37,26,52,5614,30,29,577,393,4297,18,5,175,4,9,15,38,8,3,20
0100140,5866,1831,31,8,66,1792,19,15,660,125,829,13,1,67,1,4,6,15,4,1,0
0100142,45144,25129,264,53,431,24812,135,107,4840,2381,14902,133,28,1770,10,29,44,209,21,3,11
0100145,8412,4133,22,10,48,4101,24,17,586,524,2648,12,3,234,2,6,3,31,2,0,2
0100148,6090,2581,30,20,59,2531,19,17,508,504,1316,6,4,72,2,3,9,37,5,2,4
0100150,5262,2620,12,15,33,2593,16,16,476,267,1620,14,3,114,1,8,11,42,1,1,2
0100151,267999,149083,1525,182,2679,147376,737,677,36101,11037,82376,613,67,12572,41,173,161,1329,86,36,105
0100154,17661,4151,101,69,209,3981,59,50,1333,396,1648,48,9,153,11,16,24,104,14,8,8
0100157,13380,4833,31,13,81,4789,39,23,1121,610,2621,17,5,270,0,4,6,51,2,0,1
0100160,11478,5285,61,19,88,5205,34,26,897,759,3164,16,8,180,6,10,9,54,9,1,4
0100163,61559,37969,389,97,549,37483,181,149,6862,3632,22216,194,19,3524,16,61,55,306,29,8,12
0100166,66893,33398,350,45,570,33003,197,157,7750,3374,17965,115,5,2806,10,34,36,300,17,5,16
0100168,12258,5131,57,18,67,5056,38,34,2347,468,1898,12,5,146,5,7,5,87,5,1,3
0100169,20530,13648,160,40,284,13448,60,58,2285,2063,7236,77,11,1195,5,29,34,185,30,6,8
0100170,7480,2242,29,6,57,2207,22,14,743,203,1089,7,3,61,1,3,3,33,4,0,0
0100172,9604,4686,33,18,57,4635,30,29,688,703,2911,21,10,164,0,4,13,56,5,0,3
0100175,8739,4441,47,15,71,4379,27,27,867,653,2517,11,1,132,3,11,12,92,7,0,2
0100178,53575,33156,264,70,425,32822,156,135,5978,3127,20156,151,19,2531,19,46,46,276,31,1,16
0100181,6533,2409,29,24,42,2356,20,15,477,570,1102,6,3,93,5,8,8,31,8,0,3
0100184,3612,371,0,2,0,369,13,5,351,5,7,2,0,1,1,0,0,2,0,0,0
0100187,16472,5527,49,35,92,5443,48,45,2867,220,2047,15,3,73,8,14,7,94,2,1,0
0100190,8793,3608,21,23,47,3564,29,27,297,769,2266,8,6,55,7,13,12,53,18,2,11
0100191,22120,5480,38,18,93,5424,66,58,2021,285,2851,21,4,51,5,16,13,51,7,2,4
0100192,40425,9204,78,54,182,9072,119,72,3589,596,4399,51,9,103,3,27,12,82,11,2,6
0100193,3003,1230,8,4,17,1218,10,8,189,245,709,3,1,29,0,2,3,19,1,0,0
0100196,18903,6016,45,13,65,5958,54,28,802,647,4016,27,8,297,4,13,11,56,10,0,2
0100199,6756,1313,5,9,28,1299,22,11,400,273,533,5,3,29,0,1,4,20,1,0,2
0100202,7431,3650,27,12,38,3611,21,21,569,568,2251,14,5,101,3,7,12,36,5,0,2
0100205,34906,14273,188,54,306,14031,107,102,5261,628,7051,66,11,366,7,28,22,254,16,9,6
0100206,15284,5735,66,30,113,5639,47,36,1576,330,3259,18,3,158,2,8,5,163,1,0,3
0100208,23910,7682,95,39,292,7548,72,69,3432,276,2909,39,12,311,12,17,13,210,14,4,7
0100211,23005,14965,73,28,141,14864,67,58,1846,2471,9488,43,5,744,6,9,10,87,10,0,4
0100214,135018,83573,725,90,1106,82758,392,328,14965,10706,48781,309,22,6059,24,62,76,553,33,33,29
0100217,7850,2853,17,11,48,2825,24,20,416,507,1684,8,2,64,5,4,18,55,10,1,3
0100218,99546,50609,271,35,636,50303,289,213,8700,4595,30786,164,10,5070,6,30,23,248,16,3,16
0100220,14228,5823,42,29,56,5752,43,43,454,921,4025,17,6,135,5,10,12,103,5,1,2
0100223,5751,2335,57,41,107,2237,21,21,427,265,1202,26,3,100,3,12,20,52,15,1,4
0100226,15633,5676,33,15,70,5628,48,32,1018,698,3507,17,3,208,0,6,10,86,3,0,2
0100227,6600,2744,20,22,24,2702,19,18,426,422,1659,7,6,89,3,3,7,44,6,0,6
0100229,13854,7267,73,26,137,7168,42,40,1421,922,4265,33,8,238,3,6,15,110,9,1,0
0100230,3273,1391,15,9,50,1367,10,9,181,160,797,7,3,115,2,3,1,44,3,0,1
0100231,21117,6741,18,25,103,6698,64,58,2699,613,3060,19,12,73,4,12,15,56,17,5,10
0100232,12362,5354,29,13,48,5312,38,31,836,466,3596,10,8,218,3,2,5,109,6,1,4
0100235,24029,9015,121,15,224,8879,71,44,1379,1004,5404,34,6,661,2,15,11,128,9,0,2
0100237,29573,7900,49,38,153,7813,90,66,1940,640,4790,32,7,114,2,9,19,74,15,13,5
0100238,13798,7004,73,37,104,6894,41,39,1145,1034,4031,32,8,375,3,14,16,109,15,1,7
0100241,16675,8576,70,53,127,8453,50,50,1201,1987,4664,27,18,241,1,11,13,147,11,3,2
0100244,17686,8843,69,36,123,8738,54,42,973,1281,5656,50,15,444,10,16,32,107,18,2,11
0100247,22612,10299,151,43,205,10105,69,61,2532,1210,5353,41,12,523,3,17,23,172,12,0,2
0100250,29562,16261,290,112,428,15859,91,86,2265,2858,8731,110,17,1102,10,34,44,210,36,5,9
0100253,9634,4369,56,23,80,4290,32,27,710,813,2391,15,14,152,3,17,16,67,6,1,5
0100256,31144,17935,117,50,202,17768,91,74,1692,1451,13152,61,9,975,11,22,27,131,23,2,10
0100259,33611,11644,158,51,508,11435,99,96,6162,424,3433,52,10,431,7,24,17,327,12,9,19
0100262,28172,12898,166,58,186,12674,95,74,1371,3102,7104,77,12,527,14,18,43,192,21,3,4
0100265,13759,4164,31,15,54,4118,43,26,940,1270,1657,11,3,106,2,4,12,49,7,1,2
0100268,15149,7512,89,54,142,7369,45,40,1758,1258,3672,35,11,315,2,10,15,130,10,1,10
0100270,25378,5866,89,30,154,5747,75,64,3138,241,1876,35,3,119,8,31,19,107,9,3,4
0100271,6068,2415,18,12,54,2385,18,15,645,445,1108,6,7,70,2,2,0,45,0,1,0
0100274,8669,3604,46,17,81,3541,27,24,785,692,1698,12,0,174,2,4,7,78,5,1,2
0100277,4694,1820,57,34,94,1729,14,14,426,218,822,9,4,80,0,7,10,46,8,1,4
0100280,99961,32151,351,115,768,31685,299,215,19370,1107,9566,100,22,398,15,74,27,185,19,14,20
0100282,6767,2376,29,15,32,2332,21,18,510,453,1217,5,2,53,1,1,1,49,5,0,3
0100283,26022,10607,118,59,278,10430,78,75,1831,1140,6408,61,12,376,6,24,32,216,28,2,16
0100286,12594,2967,41,25,79,2901,37,32,1072,162,1383,11,6,90,3,3,10,64,4,5,9
0100289,5677,3002,26,9,52,2967,17,16,871,457,1457,3,4,75,0,2,2,40,2,1,1
0100290,12320,4361,39,17,113,4305,37,33,656,387,2781,23,7,160,6,8,16,122,16,3,7
0100291,6906,2107,11,10,20,2086,25,24,1571,145,258,4,2,54,4,1,9,11,2,1,4
0100292,11398,5361,43,17,74,5301,35,33,976,730,3263,17,6,141,3,2,8,73,6,0,2
0100293,6517,2427,22,12,40,2393,20,20,506,272,1418,13,4,66,0,5,12,53,4,0,0
0100295,35286,13669,248,64,435,13357,108,94,2608,1429,7448,89,14,1045,10,28,32,187,17,6,9
0100298,17356,7556,80,45,158,7431,53,52,1581,1172,3905,52,11,344,6,19,24,133,16,4,6
0100300,16121,4175,80,14,114,4081,50,25,1643,190,1876,21,3,86,4,9,5,121,8,0,1
0100301,21838,5211,122,28,163,5061,66,55,2474,303,1813,24,7,90,18,19,17,106,14,5,8
0300001,1186097,578988,2527,865,6993,575596,3434,3322,270584,11008,262012,1559,134,19664,353,1014,251,1495,239,120,170
0300004,53101,28249,77,49,349,28123,158,153,17299,454,9292,60,10,448,18,51,20,83,13,14,12
0300007,23605,8526,42,20,85,8464,70,70,2878,355,4989,10,4,71,5,20,10,29,6,1,1
0300010,14829,5600,17,24,57,5559,44,43,1908,149,3324,12,2,42,6,18,1,26,6,6,2
0300013,46368,21970,96,36,249,21838,134,132,14284,318,6347,45,13,415,7,35,6,106,9,3,1
0300016,19691,9398,32,11,83,9355,58,58,3605,168,5145,14,1,207,17,16,50,41,6,2,0
0300019,26393,10990,73,52,114,10865,77,77,5206,193,5096,28,5,78,7,51,14,47,8,12,6
0300022,94794,42776,230,67,441,42479,274,270,29048,551,11438,75,15,540,26,101,21,198,9,4,12
0300025,17106,5938,17,21,54,5900,49,49,1944,241,3508,13,5,86,6,9,4,17,8,2,3
0300028,23661,11878,47,35,115,11796,68,66,7349,135,3930,23,10,147,10,20,7,32,6,5,7
0300031,5906,2854,6,8,12,2840,19,19,1431,153,1167,3,1,20,1,38,3,8,3,0,0
0300034,15174,7366,34,18,62,7314,44,40,5026,63,2021,10,5,72,4,12,4,23,6,2,4
0300035,21080,9040,69,24,102,8947,63,63,4372,196,4083,27,8,81,8,13,12,31,9,1,4
0300037,39762,20550,71,17,189,20462,117,112,10791,457,8271,63,20,567,4,19,6,55,11,3,6
0300040,22341,8375,64,43,104,8268,67,57,4003,184,3703,32,2,132,8,31,8,41,17,2,1
0300043,26426,13162,55,27,198,13080,77,75,7748,187,4501,94,2,248,2,18,5,66,6,3,2
0300046,76674,38750,188,75,389,38487,224,221,23757,895,12434,70,10,488,10,217,29,148,26,6,8
0300047,13465,5941,18,20,36,5903,39,39,1596,1458,2613,78,10,55,2,10,11,18,10,1,5
0300049,27540,13440,62,18,155,13360,80,76,8043,264,4559,27,6,229,8,14,11,29,10,3,2
0300052,343745,161659,756,196,1976,160707,1000,960,99954,2341,51832,301,24,3117,92,236,89,617,58,26,44
0300055,11870,5069,13,4,55,5052,34,34,1661,93,3151,7,2,58,0,7,4,12,1,0,1
0300058,10777,5313,22,12,53,5279,34,31,3095,116,1890,14,1,64,3,10,0,29,3,0,1
0300061,9110,4752,16,23,51,4713,26,26,2942,182,1391,12,4,76,7,12,8,20,5,1,2
0500001,866447,380844,1704,488,7160,378652,2518,2317,216688,9831,129463,1146,130,10560,247,1582,251,1213,155,74,152
0500004,18850,5572,18,31,53,5523,63,45,1578,445,3320,30,8,23,3,7,12,27,14,0,3
0500005,6997,2635,21,6,41,2608,24,20,1455,56,1000,4,1,22,3,2,1,22,0,0,1
0500006,8570,2526,11,9,24,2506,26,20,897,33,1492,11,4,14,2,3,4,18,3,0,1
0500007,59799,25426,239,90,441,25097,171,160,16626,530,6824,72,10,346,10,43,27,117,25,13,13
0500009,10952,3913,15,8,33,3890,33,33,982,123,2650,7,6,41,2,12,9,21,2,1,1
0500010,13081,4009,18,13,25,3978,40,31,1463,81,2321,9,1,16,9,10,8,27,5,2,1
0500013,21022,8069,69,40,104,7960,62,61,3372,286,4017,24,15,50,5,14,18,38,8,3,6
0500014,8672,3863,22,4,30,3837,26,22,2107,59,1521,11,0,30,0,6,3,66,2,0,2
0500015,11673,4071,32,15,35,4024,36,31,2490,139,1268,10,6,34,0,8,6,25,1,0,2
0500016,15550,7123,25,25,79,7073,49,48,4043,126,2719,17,5,27,3,7,3,29,11,3,1
0500018,13214,5365,35,22,87,5308,39,37,3227,121,1734,17,4,40,1,10,3,54,6,2,2
0500022,61998,26607,224,68,369,26315,190,180,10081,1297,14011,41,29,216,17,37,36,121,37,11,12
0500025,8429,3377,15,18,33,3344,27,26,1435,56,1759,10,1,17,3,7,3,18,1,0,1
0500026,12492,3360,14,5,19,3341,39,26,1097,87,2083,9,2,10,0,2,1,28,1,0,2
0500027,6847,2373,10,12,18,2351,24,20,1051,61,1175,5,0,6,2,5,1,25,2,0,0
0500028,104516,41153,243,101,478,40809,315,282,24639,1044,13673,101,24,434,20,71,47,234,27,5,12
0500031,22905,8387,42,29,126,8316,68,64,3916,525,3435,38,9,63,10,26,96,44,16,4,8
0500037,10517,4217,7,13,29,4197,35,34,1225,122,2741,5,2,20,3,5,2,33,8,0,2
0500040,45030,14613,117,50,187,14446,138,126,9157,526,4153,50,13,131,15,41,27,97,31,4,14
0500041,10807,3594,26,5,57,3563,37,35,1845,70,1495,8,1,16,2,11,5,52,1,0,0
0500043,39829,15351,75,46,170,15230,127,118,7231,778,6743,30,19,108,11,20,18,74,16,5,7
0500044,13136,5722,34,25,64,5663,43,36,1712,173,3553,6,5,43,6,12,9,73,3,1,3
0500050,5495,1890,10,3,21,1877,21,18,1135,42,626,4,2,13,0,6,4,21,2,0,1
0500059,19007,6279,28,16,38,6235,66,53,1952,236,3901,17,6,26,0,7,6,38,5,2,1
0500063,5664,2509,10,3,26,2496,20,20,1431,31,969,4,1,6,1,4,4,17,1,0,1
0500065,7017,2999,27,9,38,2963,24,22,1193,93,1554,12,4,20,5,5,5,28,5,0,1
0500070,16556,6922,50,36,114,6836,48,45,2972,302,3259,24,6,66,5,22,10,35,16,1,4
0500072,8171,3652,8,7,37,3637,24,24,2285,62,1192,13,0,25,0,4,2,12,4,1,0
0500073,10249,3130,9,9,21,3112,35,29,1448,75,1525,6,1,16,3,3,5,5,2,1,1
0500076,22212,10365,62,26,103,10277,68,63,4748,499,4779,20,3,68,3,14,7,27,4,0,2
0500078,7467,2134,10,7,21,2117,24,18,763,162,1128,3,4,9,0,4,6,11,5,0,1
0500079,32807,14438,75,56,211,14307,98,96,5914,316,7554,26,12,156,6,24,7,62,11,5,3
0500082,13106,4488,22,16,42,4450,40,34,2135,151,2035,12,1,27,3,7,7,24,6,0,0
0500084,21137,8331,93,32,168,8206,65,59,4028,196,3441,32,10,96,6,27,10,175,10,3,4
0500091,14327,4647,17,16,64,4614,43,37,3271,86,1088,14,2,42,3,13,5,21,3,1,1
0500094,17564,6642,51,12,108,6579,50,47,4714,179,1448,14,2,60,3,13,4,28,3,2,1
0500095,27828,13513,144,26,293,13343,87,82,2687,398,9247,44,3,265,13,17,25,333,10,3,5
0500097,13893,5778,46,13,94,5719,50,45,1770,152,3282,37,14,66,5,117,16,157,7,1,1
0500106,8956,4350,10,8,44,4332,26,24,3313,34,888,7,0,20,0,7,1,15,2,0,1
0500110,10594,4829,10,5,43,4814,34,32,1928,99,2676,9,0,19,3,1,2,30,4,0,0
0500113,15438,4501,28,24,50,4449,51,43,1936,140,2223,15,3,19,1,7,4,41,4,1,5
0500118,77424,35506,179,58,659,35269,220,205,20935,818,11587,101,6,891,31,50,20,132,10,14,15
0500121,17065,6229,14,18,80,6197,50,38,4365,109,1506,20,6,73,4,11,5,12,5,0,1
0500124,17747,5925,46,34,106,5845,52,42,3041,228,2334,18,7,50,7,15,9,21,4,1,4
0500127,10102,4828,20,11,25,4797,29,28,3705,31,995,2,0,16,2,3,2,13,1,1,1
0700001,142355,91419,973,65,1641,90381,404,365,39165,7562,32541,1499,54,6928,40,155,81,590,69,13,43
0700007,1976,817,12,4,8,801,6,5,182,39,528,12,1,16,0,5,1,7,0,2,0
0700008,12939,7555,99,15,99,7441,45,45,1210,883,4882,45,12,171,6,13,24,73,12,2,9
0700010,5165,3367,45,8,61,3314,15,15,1019,321,1718,22,2,127,1,1,6,30,6,0,0
0700013,7008,4455,52,6,67,4397,21,20,1185,457,2380,62,4,160,2,5,9,60,4,0,2
0700016,1471,914,8,1,22,905,5,5,335,58,460,2,4,16,0,0,0,8,0,0,0
0700019,2014,1225,6,3,10,1216,7,7,376,105,658,15,2,29,1,1,3,12,3,1,0
0700022,4879,2713,17,10,32,2686,15,15,548,286,1704,28,0,48,1,2,4,23,8,1,1
0700025,4550,2446,21,12,41,2413,13,13,673,153,1438,31,8,42,0,5,2,15,5,0,0
0700028,2442,1439,3,5,17,1431,7,7,192,118,1048,10,1,13,0,3,4,24,0,0,1
0700031,5008,2639,23,5,18,2611,16,14,413,199,1902,17,5,30,1,3,2,16,4,0,1
0700034,980,687,5,0,6,682,3,3,169,68,404,12,0,12,0,1,4,4,0,0,2
0700037,3219,1937,13,4,20,1920,12,12,434,178,1193,13,0,49,1,4,6,18,2,1,1
0700040,2383,1404,9,0,15,1395,9,9,195,81,1060,12,1,15,0,3,4,7,2,0,0
0700043,3658,2352,39,6,55,2307,11,11,785,316,974,50,1,92,0,2,6,24,2,0,0
0700046,3861,1924,8,4,20,1912,11,9,237,169,1388,16,0,50,0,2,7,19,4,0,0
0700049,10018,6074,67,7,97,6000,30,30,2125,748,2554,116,5,233,6,14,20,69,5,2,6
0700052,3192,1405,5,3,8,1397,12,10,185,62,1093,8,2,19,0,4,0,15,0,1,0
0700055,2423,1735,8,5,20,1722,7,7,524,135,931,21,0,66,0,2,4,16,3,0,0
0700058,3418,1879,6,4,11,1869,12,12,195,155,1467,4,3,10,1,3,2,13,1,2,2
0700059,7075,3042,51,12,50,2979,22,22,1679,75,1051,9,1,51,1,12,2,44,2,0,2
0700060,3447,1981,16,3,32,1962,10,9,774,179,862,32,2,54,0,3,3,20,1,0,0
0700061,1858,1108,8,2,9,1098,6,6,284,175,573,11,3,25,0,2,4,7,5,0,0
0700064,3081,1925,7,4,15,1914,10,10,353,132,1355,9,1,31,0,2,0,13,3,0,0
0700067,44207,29000,356,21,450,28623,132,130,9163,2225,14791,319,10,1252,12,37,26,297,23,7,11
0700068,4769,1820,17,3,20,1800,15,12,500,73,1138,9,3,28,0,6,6,11,5,0,1
0700070,3173,1592,5,3,13,1584,11,11,209,162,1152,2,2,29,1,2,1,9,2,0,0
0700073,6277,3235,13,21,32,3201,23,23,520,165,2402,7,0,30,0,6,5,27,4,1,2
0700076,5796,2922,9,8,17,2905,18,18,452,267,2043,21,2,41,2,3,7,42,6,0,2
0700077,3355,1771,13,1,28,1757,10,8,539,228,827,24,1,76,1,3,5,22,1,1,1
0700078,1897,1140,6,2,8,1132,7,7,114,41,936,6,0,18,0,4,1,4,0,0,0
0700079,97592,68999,665,36,1100,68298,283,279,26912,5385,28746,1153,34,4083,24,112,73,593,37,10,36
0700082,3356,1845,29,7,40,1809,11,11,271,164,1270,8,2,29,1,4,3,12,2,1,2
0700085,2184,1334,5,4,10,1325,8,8,154,210,916,2,0,20,1,2,1,8,1,0,0
0700088,6034,3179,35,5,70,3139,19,17,1252,327,1264,54,2,126,2,8,6,22,4,1,1
0700091,3567,2446,9,6,30,2431,11,11,485,218,1578,32,0,63,0,3,5,14,2,0,1
0700094,3010,1847,25,9,20,1813,9,9,368,186,1176,6,3,30,1,5,4,11,3,0,0
0700097,4017,2091,19,3,25,2069,13,11,312,174,1473,15,2,33,0,7,6,16,6,0,0
0700100,12611,8295,100,9,155,8186,38,38,2534,601,4280,115,4,362,4,15,13,85,10,1,7
0700103,1553,885,9,1,11,875,5,5,151,93,593,4,1,15,0,2,1,2,2,0,0
0700106,9177,5748,66,9,108,5673,27,27,1827,519,2901,60,2,176,3,14,6,52,4,0,1
0700109,3891,2454,12,10,33,2432,11,11,378,199,1748,11,0,33,1,3,4,20,1,0,1
0700112,3076,1594,22,6,32,1566,12,11,542,118,812,10,0,35,0,2,0,13,2,0,0
0700118,2275,1460,13,1,16,1446,7,7,373,144,826,16,2,50,1,3,2,9,1,1,2
0700121,6469,3885,33,9,39,3843,19,19,992,195,2441,26,1,90,2,10,7,33,5,1,1
0700124,3369,1808,14,15,6,1779,12,12,166,132,1422,7,4,12,1,12,4,8,4,1,0
0700127,3156,1663,6,4,12,1653,10,9,276,58,1247,8,0,21,1,2,2,13,13,0,0
0700130,2459,1559,10,3,16,1546,7,7,315,118,1018,9,3,41,1,2,2,18,3,0,0
0700136,2390,1428,6,1,23,1421,9,9,164,139,1048,17,0,19,0,1,0,8,2,0,0
0700137,1586,728,7,2,7,719,6,6,162,57,474,3,1,6,0,2,0,4,3,0,0
0700139,14104,8820,61,17,146,8742,41,36,2722,691,4492,83,3,509,1,9,14,64,5,1,2
0700142,3654,2141,17,2,36,2122,13,13,394,171,1403,19,3,58,2,7,2,22,2,0,3
0700148,5932,2840,8,6,14,2826,19,19,341,383,1996,4,3,27,1,8,5,37,4,0,3
0700151,7629,5073,39,8,100,5026,23,23,1900,238,2562,40,1,115,3,4,3,48,3,1,8
0700154,4098,2912,15,5,15,2892,13,13,375,156,2280,10,2,31,1,1,1,16,2,1,1
0700157,4026,2564,19,2,24,2543,12,11,691,268,1437,27,0,65,0,2,4,19,4,1,1
0700160,20012,12702,179,22,165,12501,58,58,3719,1242,6697,128,10,371,2,15,20,113,13,2,4
0700161,5835,3702,51,3,54,3648,18,18,1528,186,1710,34,1,104,0,8,3,15,3,1,1
0700163,7509,3118,42,7,39,3069,24,19,894,200,1816,13,4,38,0,5,7,44,3,5,1
0700166,13741,4515,49,1,68,4465,40,18,2519,280,1293,57,3,184,0,6,2,47,3,2,1
0700169,4922,2429,15,4,23,2410,14,11,672,121,1485,27,1,47,0,5,2,23,1,1,2
0700173,2870,810,9,0,14,801,9,4,255,86,382,17,0,35,0,0,4,5,1,0,2
0700176,7330,4307,24,7,25,4276,27,27,643,429,3003,16,3,89,0,0,3,58,5,0,2
0700178,1946,1280,17,5,23,1258,6,6,220,137,831,17,1,20,2,3,2,0,1,1,0
0700179,2406,1616,11,6,23,1599,8,8,252,69,1178,14,1,29,0,2,5,23,2,0,1
0700181,30726,20474,242,21,354,20211,90,86,7593,1997,8601,322,7,1045,7,35,31,187,17,3,12
0700184,1782,1079,4,2,7,1073,6,6,187,68,776,1,2,20,0,1,0,11,0,0,0
0700187,1579,884,1,3,9,880,5,5,145,119,584,0,1,13,0,1,1,6,0,0,1
0700190,6873,3879,47,18,36,3814,22,22,844,445,2325,24,3,75,1,5,2,29,20,2,3
0700193,1763,624,2,4,5,618,6,3,68,16,511,3,0,5,0,3,2,5,0,0,0
0700199,4047,2381,22,8,60,2351,13,13,1103,170,854,26,1,102,1,4,4,22,3,0,1
0700202,6416,3590,35,3,46,3552,20,20,659,441,2246,26,1,79,2,5,5,37,4,1,0
0700205,1251,713,5,4,7,704,4,4,126,47,492,8,3,10,0,2,2,5,1,0,1
0700214,39824,21527,621,64,441,20842,119,104,7319,1441,10375,138,10,549,9,41,33,434,31,5,16
0700215,4965,2117,20,10,26,2087,17,15,404,144,1458,11,0,15,1,3,2,16,5,0,2
0700217,9450,4992,40,10,57,4942,29,25,1283,376,2994,28,3,138,2,10,7,41,1,1,1
0700220,5546,3786,40,11,63,3735,17,17,884,302,2248,23,0,143,0,9,10,44,7,0,2
0700223,2259,1129,7,1,8,1121,7,6,246,77,750,5,0,16,1,3,1,13,1,0,0
0700226,10514,6565,99,19,84,6447,35,35,1767,550,3777,66,2,114,4,12,13,46,10,1,1
0700232,4435,2915,22,8,34,2885,13,12,778,232,1520,25,5,247,0,0,3,30,5,2,4
0700235,16357,10428,128,18,166,10282,47,46,2451,913,5883,130,10,516,5,18,17,159,7,3,4
0700237,1549,949,7,0,26,942,5,5,267,50,556,10,0,17,0,1,0,15,0,0,0
0700238,5504,2788,31,9,21,2748,18,17,490,298,1840,18,5,44,3,7,2,18,1,0,1
0700241,4191,2650,13,5,20,2632,15,15,298,108,2132,4,0,51,1,1,2,15,0,0,0
0700247,3524,2022,6,2,16,2014,11,11,219,107,1600,5,0,30,2,3,2,30,0,0,0
0700248,2881,1845,23,6,20,1816,9,9,389,207,1105,21,2,40,1,4,2,20,3,1,1
0700249,6064,3252,30,5,29,3217,20,19,468,289,2261,10,5,72,1,3,5,70,3,0,1
0700250,7259,3658,24,10,34,3624,21,20,881,354,2234,13,2,61,0,3,5,28,4,3,2
0700251,3134,1951,40,3,57,1908,11,11,625,67,1072,10,0,48,0,4,1,22,1,1,0
0700253,8967,5613,48,9,78,5556,27,24,1479,478,3032,85,4,325,3,11,6,47,4,2,2
0700256,3273,1874,12,2,17,1860,10,9,258,170,1334,11,2,51,0,2,1,11,0,1,2
0700259,2479,1351,8,2,10,1341,8,8,175,159,937,9,2,33,0,4,1,10,1,0,0
0700262,1254,612,5,1,10,606,4,4,134,61,371,6,0,16,0,3,2,2,1,0,0
0700265,6298,1654,31,5,37,1618,18,8,348,277,874,14,0,32,1,3,4,24,2,0,2
0700268,7661,4469,41,9,51,4419,22,20,1194,446,2517,43,4,121,1,3,8,26,4,0,1
0700271,5820,3157,31,14,47,3112,20,20,562,356,1997,12,0,64,2,5,10,47,8,1,1
0700274,6834,3593,46,4,51,3543,22,19,995,584,1729,21,7,85,0,7,8,46,8,0,2
0700277,101453,63250,670,70,1003,62510,286,260,24411,5658,26283,969,26,3459,18,100,70,434,40,11,28
0700280,2880,1728,19,5,23,1704,9,9,436,141,1009,11,1,58,0,2,3,18,1,1,0
0700281,2968,1851,25,6,32,1820,9,9,612,146,910,19,2,80,0,1,6,8,2,1,1
0700282,6416,4033,62,10,61,3961,19,19,1207,516,1921,37,6,110,4,8,12,69,6,1,3
0700283,6270,3032,45,12,44,2975,19,14,808,383,1550,35,6,80,6,7,12,34,7,1,2
0700286,2501,1097,9,7,14,1081,9,7,162,162,704,10,3,12,1,3,3,6,1,0,0
0700289,6260,4065,22,2,42,4041,18,17,961,385,2438,21,3,149,0,4,4,30,3,0,1
0700292,3938,1954,19,1,26,1934,12,10,509,206,1094,17,1,57,3,2,3,15,1,0,0
0700298,4934,2894,31,8,34,2855,14,14,787,283,1626,19,1,60,2,3,4,31,4,0,1
0700301,3593,1995,28,3,30,1964,11,10,458,164,1184,27,2,58,2,11,7,19,2,0,0
0700304,7542,4022,34,9,40,3979,23,22,900,241,2619,47,8,72,1,16,5,23,6,1,0
0700307,10335,7010,86,12,105,6912,30,30,2906,615,2825,112,2,262,3,10,11,54,3,1,3
0700310,3116,2029,7,4,20,2018,9,8,650,147,1086,17,2,80,1,3,0,12,0,0,0
0700311,3619,1981,11,10,21,1960,11,11,394,215,1268,7,0,31,2,3,4,12,3,0,0
0700313,8015,3875,61,8,128,3806,23,18,1074,427,1948,63,4,85,2,10,12,39,11,1,2
0700316,4469,2139,28,6,30,2105,13,12,410,239,1348,19,2,28,2,3,4,14,4,0,2
0700319,3476,2471,26,5,37,2440,11,11,580,235,1460,35,0,62,0,2,5,20,3,0,1
0700322,4491,2180,21,6,30,2153,14,14,411,210,1410,10,3,40,1,4,10,18,2,1,3
0700324,1578,957,1,6,5,950,5,5,230,40,645,1,2,9,0,0,5,10,2,0,1
0700325,5716,3362,33,5,49,3324,17,16,867,237,1923,43,0,156,1,8,3,33,2,1,1
0700328,8624,5751,58,8,98,5685,25,25,1947,485,2750,92,3,209,1,21,12,58,7,0,2
0700331,2095,1322,14,2,23,1306,7,7,336,129,727,16,1,53,0,4,4,12,0,0,1
0700334,5746,3802,17,5,40,3780,17,17,632,240,2703,30,1,87,0,13,5,18,5,3,3
0700337,11975,4257,45,11,86,4201,35,21,1371,293,2177,76,1,148,2,3,3,37,2,0,2
0700340,2485,1294,12,3,14,1279,8,7,191,90,906,13,2,31,0,5,3,8,5,9,2
0700346,4639,2831,13,3,31,2815,14,14,632,141,1889,23,1,52,0,6,3,29,3,2,3
0900001,348633,230909,3754,464,4454,226691,1013,999,72880,24765,96819,2886,135,17767,109,3955,400,2127,161,66,167
0900004,18959,10827,187,66,176,10574,59,58,1593,2186,5860,55,15,347,7,107,40,152,25,2,9
0900007,29450,15704,365,75,311,15264,92,92,3630,2440,7569,119,17,507,13,334,43,236,30,3,12
0900013,11178,6021,126,36,142,5859,37,37,679,1190,2967,36,6,193,4,507,13,92,25,0,5
0900022,10328,5331,71,31,93,5229,31,31,1331,1158,1930,19,4,81,3,509,12,77,7,2,3
0900034,47723,26706,604,105,610,25997,140,138,8348,2931,11694,263,41,1128,15,448,85,370,38,6,20
0900037,9182,4477,89,35,67,4353,30,29,714,727,2168,20,4,132,5,427,8,62,10,2,7
0900049,57276,31016,867,105,586,30044,170,168,11465,2077,13679,148,44,790,17,580,37,564,30,7,20
0900052,5647,2714,30,19,45,2665,19,18,640,497,1169,13,5,79,4,127,9,64,4,2,7
0900055,15388,7714,117,38,138,7559,48,47,1167,1667,3817,37,8,208,5,357,25,111,13,3,3
0900058,7814,3203,90,23,85,3090,26,26,1092,340,1261,18,14,87,2,90,10,81,5,0,5
0900061,12327,6787,99,22,104,6666,37,37,844,2136,2878,29,6,173,9,374,13,64,30,2,4
0900067,2359,1186,21,13,18,1152,9,9,129,155,661,17,0,20,3,125,3,17,4,0,0
0900076,19798,10902,258,82,203,10562,60,60,2333,1435,5288,102,20,436,11,499,36,166,20,2,11
0900078,6716,3300,73,24,91,3203,21,21,941,263,1622,22,9,77,3,62,6,96,6,2,3
0900079,11981,6715,145,60,142,6510,40,39,930,1309,3334,47,15,193,6,363,28,112,23,4,4
0900082,14895,7871,173,36,120,7662,44,44,2194,657,3180,36,6,195,5,1114,12,131,8,1,3
0900085,16297,8704,134,53,174,8517,53,51,1565,2311,3899,42,7,215,2,133,29,128,8,0,4
0900103,41284,24143,475,131,515,23537,125,125,9331,2041,9843,152,23,586,7,714,44,236,29,5,11
0900106,10544,5313,106,29,96,5178,32,32,1112,865,2587,24,8,117,4,244,9,102,3,2,5
0900109,14703,7568,155,41,141,7372,45,45,1495,1445,3311,34,12,219,2,579,20,92,13,4,5
0900115,16703,8345,154,58,150,8133,54,51,1487,1316,4513,45,12,181,9,216,36,130,26,7,5
0900120,4960,2686,29,15,42,2642,16,16,628,575,1075,4,0,51,4,229,6,22,6,0,0
0900124,24049,12893,582,97,355,12214,74,74,4159,1469,5135,106,11,330,9,302,45,249,26,9,9
0900127,8387,4637,111,22,64,4504,26,26,1155,428,2285,39,6,71,1,351,14,80,4,1,5
0900130,48521,30781,644,83,645,30054,147,140,10470,3341,12301,453,25,1793,20,567,60,310,37,8,24
0900133,13569,7784,116,29,120,7639,44,44,1707,966,4100,43,5,184,2,340,22,135,8,3,4
1100001,269520,151847,2102,246,2854,149499,785,644,85242,13288,39805,1051,91,5634,52,182,131,985,93,23,68
1100004,12877,5592,67,56,94,5469,43,34,4766,144,375,9,1,23,5,4,7,32,8,1,0
1100005,22907,10010,455,46,466,9509,73,46,7630,185,952,39,7,67,11,15,5,118,9,2,3
1100006,17796,10161,338,103,403,9720,55,40,7662,300,1018,50,14,81,11,23,26,105,16,7,4
1100007,29820,16096,396,146,424,15554,122,108,12238,885,1662,53,13,59,10,33,27,117,18,1,14
1100010,18493,7183,495,112,359,6576,61,40,3549,387,1917,49,18,94,10,28,43,71,27,4,20
1100013,26783,12150,387,185,445,11578,83,67,6868,1177,2513,111,25,126,13,54,52,141,35,3,15
1100016,26334,14142,241,99,255,13802,81,67,11048,580,1612,64,14,107,8,16,12,65,13,2,6
1100019,21544,12259,197,34,217,12028,68,57,9447,451,1621,51,10,127,3,20,14,48,10,1,8
1100022,19614,10728,136,37,217,10555,59,48,8144,373,1563,41,7,97,5,18,8,57,12,3,10
1100025,40574,11686,595,191,512,10900,145,65,6778,796,2195,133,25,157,12,33,46,167,23,7,16
1100027,5065,2900,84,23,150,2793,16,14,1696,368,495,7,3,19,1,3,4,40,6,1,0
1100028,19226,7029,89,11,57,6929,71,64,6290,118,338,24,6,31,3,11,10,29,6,1,5
1100029,14749,7938,181,34,162,7723,47,38,6147,341,882,18,13,47,5,25,12,44,10,6,11
1100031,19391,8719,91,45,133,8583,65,52,6438,410,1385,42,6,61,3,15,17,58,10,1,4
1100034,10320,5082,51,36,52,4995,33,22,4732,34,139,5,4,7,2,3,2,10,3,0,2
1100037,9228,5222,171,52,144,4999,29,25,3084,366,1223,37,5,48,2,13,12,44,14,2,5
1100040,14985,7975,82,44,110,7849,53,50,6215,438,959,14,4,26,4,8,11,52,5,2,1
1100043,13722,4232,37,24,63,4171,61,54,3734,72,231,15,4,10,2,6,8,17,2,2,5
1100046,13969,7364,116,83,212,7165,48,43,5410,322,1059,21,9,39,2,12,10,58,6,2,3
1100049,22203,13845,208,31,245,13606,70,65,10185,393,2394,52,4,211,3,7,10,88,10,0,4
1100052,23285,10063,244,90,376,9729,75,53,5789,713,2457,65,19,118,11,17,29,94,17,4,20
1100053,7325,3996,125,24,89,3847,24,23,2908,82,664,14,4,32,3,7,8,24,5,3,4
1100055,22832,11125,147,45,153,10933,82,69,8901,417,1270,40,3,44,2,19,20,47,13,0,4
1100058,28400,13902,586,172,608,13144,95,69,8664,795,2488,97,20,167,16,57,37,161,20,4,10
1100060,6733,2548,29,15,75,2504,26,22,1436,95,788,13,3,19,3,8,10,46,3,1,4
1100061,32375,16365,401,82,462,15882,102,88,8459,1297,4855,141,11,362,9,30,26,189,19,4,18
1100064,35830,18655,278,57,322,18320,104,90,15178,437,1955,35,68,204,8,24,7,58,7,6,11
1100067,10038,3043,40,14,53,2989,31,17,1973,168,737,15,0,23,0,3,2,13,1,1,0
1100070,8785,3451,93,37,83,3321,28,18,1976,298,861,16,1,30,0,11,7,35,2,0,1
1100073,7048,3320,41,39,67,3240,24,21,2462,256,413,7,1,8,1,7,3,9,3,0,3
1100076,87246,40718,822,135,953,39761,250,186,26495,1547,9070,210,37,850,20,71,56,355,38,16,43
1100079,4121,1983,16,7,18,1960,18,17,1403,95,406,2,1,12,0,3,7,8,5,0,0
1100082,24598,11927,437,90,330,11400,80,69,8368,504,1773,81,14,143,12,22,31,91,15,9,7
1100085,7670,4106,60,24,84,4022,29,25,2770,337,724,21,7,37,1,4,9,18,7,2,1
1100086,5914,2370,34,29,57,2307,22,14,2006,85,121,2,0,14,1,2,4,13,1,0,1
1100087,19081,7627,435,77,341,7115,62,44,3848,481,2084,56,14,91,0,29,27,106,18,8,12
1100088,28850,14203,312,62,308,13829,89,66,7780,1233,3948,94,13,224,7,23,36,135,11,2,15
1100091,15903,6086,21,2,25,6063,60,49,5674,71,238,13,1,10,2,4,4,14,5,2,0
1100094,21550,11783,98,56,129,11629,67,51,10571,167,606,38,3,40,0,11,13,27,15,2,7
1100097,13402,6633,59,28,129,6546,45,38,5473,171,655,24,3,34,1,3,13,32,5,1,2
1100098,15869,9961,156,25,149,9780,46,45,8327,228,901,23,3,67,4,22,6,32,6,4,8
1200001,348470,169246,1529,202,2788,167515,996,909,81032,4042,74078,400,29,3796,136,285,88,718,46,24,53
1200075,77716,43961,588,71,706,43302,237,226,13561,1361,25847,77,20,1025,13,70,50,524,27,7,14
1200150,54027,25265,240,61,303,24964,155,154,13725,671,9598,69,13,359,8,38,32,125,12,6,5
1200170,17193,8648,45,17,56,8586,51,50,3589,114,4682,15,5,31,12,10,9,55,6,1,1
1200180,20407,9240,80,13,149,9147,60,60,5299,153,3328,19,1,89,9,27,5,60,5,1,2
1200200,33616,16550,146,172,196,16232,97,97,9008,310,6307,28,12,174,11,41,11,116,10,4,4
1200225,31317,15623,231,36,275,15356,96,96,7793,300,6565,33,2,171,12,32,19,135,14,2,3
1200300,26186,11756,69,30,76,11657,84,84,4827,279,6143,85,9,64,9,28,10,108,14,2,3
1200375,25033,11346,94,22,132,11230,73,72,6501,247,4110,19,2,77,6,29,11,77,13,4,2
1200410,26182,11553,80,36,168,11437,78,74,6798,336,3856,20,10,84,6,42,11,92,6,5,3
1200415,29903,15344,141,37,208,15166,87,83,9648,281,4685,41,7,102,11,36,10,122,8,5,2
1200450,11520,6283,21,17,80,6245,38,38,2163,269,3580,10,4,48,3,11,3,64,7,1,2
1200525,5060,2445,23,1,52,2421,20,20,624,98,1539,6,3,60,1,5,4,21,4,2,2
1200600,11948,7003,58,16,85,6929,39,39,2684,88,3945,9,2,45,0,7,3,57,3,1,0
1200608,32766,16783,233,33,292,16517,97,97,9472,296,5998,26,5,215,10,36,4,153,6,2,2
1200625,9290,4956,45,14,47,4897,30,29,2336,112,2271,6,3,73,1,12,3,30,3,0,0
1200650,16717,8484,83,24,98,8377,50,50,3360,140,4467,14,0,97,6,7,6,176,1,3,2
1200700,17485,8908,88,36,136,8784,51,50,2939,98,5310,22,2,86,6,19,7,148,7,3,1
1200720,23911,10218,73,59,123,10086,72,71,5780,155,3797,18,3,118,2,16,8,55,7,1,3
1200750,17091,9333,88,25,141,9220,55,55,2560,499,5598,15,7,202,4,13,13,158,7,1,2
1200800,20555,11688,150,19,145,11519,63,63,4921,353,5419,44,15,288,3,22,10,287,7,3,2
1200825,23752,11049,75,21,134,10953,71,70,3876,258,6411,15,4,138,12,27,4,62,8,4,0
1200850,17710,8918,58,19,139,8841,55,55,3854,184,4457,14,2,107,5,9,4,62,1,1,2
1200875,19834,11940,176,40,218,11724,62,60,4175,322,6282,40,6,169,9,19,17,453,6,1,7
1200900,11450,4952,25,2,45,4925,37,36,2554,117,2108,12,3,28,1,8,2,44,2,0,1
1300001,374004,194860,1191,289,2914,193380,1090,1031,98612,5161,81127,418,66,3842,73,236,124,655,85,15,52
1300004,36724,14456,80,45,195,14331,113,113,6663,323,6836,41,13,88,3,23,13,101,21,4,7
1300007,19373,9116,47,41,117,9028,63,63,6031,88,2602,28,2,76,2,19,3,52,5,1,2
1300009,18464,8167,33,30,68,8104,59,59,4934,130,2822,19,5,54,0,36,3,30,2,0,1
1300010,79044,40329,283,86,623,39960,230,208,24056,899,13440,102,9,562,14,59,20,136,23,9,8
1300013,48770,26208,116,73,270,26019,147,145,18629,348,6434,33,9,191,4,27,10,49,9,4,2
1300014,16866,8335,33,19,82,8283,51,48,4615,472,3015,6,5,49,1,10,2,23,2,1,0
1300016,13673,7125,24,11,50,7090,43,43,3737,300,2923,17,0,30,1,1,5,21,2,1,2
1300019,40358,23733,142,146,364,23445,132,131,9021,2312,11268,41,21,232,11,21,26,90,18,5,15
1300020,13069,6097,31,26,89,6040,39,39,4263,82,1489,14,2,40,1,11,6,37,3,1,2
1300022,93485,44916,228,78,552,44610,279,278,26174,1181,15893,89,31,384,14,47,35,164,27,5,14
1300023,17303,7656,30,32,107,7594,56,56,3699,200,3416,28,5,49,2,18,12,48,8,0,2
1300024,15043,7582,34,24,111,7524,44,43,3655,266,3368,9,2,51,0,8,14,30,4,1,5
1300025,63005,29274,200,50,483,29024,178,170,20706,342,6823,69,10,299,11,81,16,149,17,4,14
1300027,22405,10230,34,24,90,10172,68,67,4905,237,4775,26,8,50,3,11,5,48,11,2,1
1300028,57122,25843,178,280,361,25385,155,150,13772,462,10172,71,10,322,7,36,25,120,18,4,5
1300031,27803,14347,56,37,175,14254,89,89,6783,210,6801,26,2,114,4,22,6,96,10,0,5
1300032,32704,15195,100,48,281,15047,99,99,10511,129,3746,45,6,159,7,21,8,115,12,3,4
1300033,20318,8485,26,30,80,8429,63,60,4022,294,3861,25,10,58,3,21,12,34,4,2,3
1300034,14689,7068,44,47,85,6977,45,45,2881,189,3679,15,7,47,2,16,6,42,6,0,2
1300037,85106,44462,258,85,520,44119,261,256,24533,1227,17035,78,15,425,11,54,31,138,33,6,13
1300040,32490,14557,75,58,154,14424,97,84,9347,601,4069,42,17,80,6,27,9,45,15,5,7
1300043,24949,11731,187,28,153,11516,75,71,5929,329,4806,33,4,51,12,54,12,106,15,0,12
1300046,28983,12831,46,38,152,12747,92,92,8369,266,3764,33,6,57,4,25,14,40,9,2,6
1300049,21940,9470,44,27,118,9399,67,67,4560,405,4098,27,7,73,11,22,8,48,15,0,7
1300052,8719,4191,17,9,59,4165,30,30,3228,63,740,10,2,19,0,12,5,21,2,3,1
1300055,38845,20145,63,31,221,20051,116,113,10795,298,8343,54,9,157,3,22,7,127,10,3,2
1300058,72667,27843,231,84,439,27528,223,217,16778,609,9011,63,8,231,11,158,23,152,31,6,8
1300060,28195,13532,88,91,144,13353,86,83,8367,680,3913,28,15,75,8,29,18,54,13,6,3
1300061,28857,12255,66,33,181,12156,90,88,5998,318,5408,30,12,87,3,29,14,58,11,1,6
1500004,9859,4820,64,9,78,4747,28,23,1987,274,2163,49,1,116,3,8,5,55,5,1,2
1500007,5545,3183,37,4,61,3142,17,16,814,315,1736,41,0,106,0,3,10,53,2,1,0
1500010,13526,7828,64,19,103,7745,39,35,2091,699,4475,68,3,183,6,7,18,79,7,1,5
1500013,12210,7364,73,14,114,7277,36,34,1767,813,4126,76,7,260,5,16,7,76,3,1,6
1500016,9924,5646,43,9,104,5594,29,25,1481,509,3146,78,6,194,10,13,14,34,3,0,2
1500019,2242,1192,15,2,12,1175,7,7,408,51,673,5,0,13,0,1,0,11,0,0,1
1500022,2930,1314,9,4,12,1301,10,8,254,144,839,11,0,28,0,0,2,9,2,0,0
1500025,7695,4847,158,16,100,4673,22,19,2133,311,1774,88,0,178,2,6,15,61,0,1,4
1500029,3588,2002,18,8,30,1976,11,11,1203,75,615,17,2,13,0,3,2,11,3,2,0
1500030,9939,6250,64,9,87,6177,29,28,1654,650,3423,77,3,163,2,11,11,87,5,0,4
1500031,68439,51389,493,22,881,50874,199,191,15623,4911,24052,1096,19,3720,15,96,55,323,45,4,34
1500034,10738,4753,35,17,70,4701,35,30,604,291,3566,11,2,80,1,10,7,48,7,0,4
1500037,14914,9458,134,18,149,9306,44,42,2649,451,5522,88,4,317,11,15,15,73,10,1,1
1500040,6379,3939,55,10,79,3874,19,18,685,444,2397,75,6,119,5,12,11,34,5,0,2
1500043,17144,11363,210,11,264,11142,50,44,4376,863,4584,277,8,596,14,26,20,89,17,5,3
1500046,31558,21825,172,12,376,21641,90,87,6064,2043,11177,344,9,1413,3,21,36,131,10,4,10
1500049,5388,4015,44,10,66,3961,16,16,509,386,2804,50,6,92,2,10,10,19,4,1,2
1500052,3984,2308,9,8,27,2291,12,12,412,235,1522,15,4,48,0,4,3,17,4,0,0
1500055,124222,80064,590,42,1359,79432,355,303,22411,7403,39870,1479,34,6027,17,91,77,555,54,18,37
1500058,8580,5866,78,7,83,5781,25,25,1552,310,3497,64,15,161,4,9,6,71,6,2,1
1500061,12177,7948,53,16,111,7879,36,34,1579,575,5212,56,1,262,0,12,10,54,3,0,4
1500064,17046,11344,218,18,239,11108,50,50,2791,769,6416,165,12,491,5,21,22,159,10,1,7
1500067,24239,14687,150,19,206,14518,71,69,4861,1422,7162,193,10,414,10,29,20,164,18,2,7
1500070,4592,2505,8,7,25,2490,15,15,327,246,1810,13,2,36,0,4,6,18,3,0,0
1500072,21040,14219,483,32,381,13704,62,58,5150,1007,6116,228,6,543,6,29,35,170,13,10,10
1500076,104308,71390,1801,76,1556,69513,306,294,33069,4912,23948,1333,46,3453,23,154,93,810,52,17,47
1500079,9940,6204,35,9,80,6160,30,28,886,556,4409,30,5,117,5,5,6,53,5,0,3
1500085,5549,3502,6,3,34,3493,17,17,765,118,2487,13,0,45,1,1,2,24,0,1,2
1500088,81479,55666,894,43,1223,54729,242,229,23895,3539,21107,1082,24,3149,25,128,66,415,33,12,31
1500091,4297,2271,39,4,43,2228,13,10,629,189,1222,32,2,88,0,1,0,19,2,0,1
1500094,124137,78840,868,68,1233,77904,367,347,25708,6197,39243,1051,48,3337,29,115,84,740,55,10,54
1500097,5153,2547,16,14,32,2517,18,17,670,175,1515,19,1,68,0,5,7,20,2,1,2
1500100,13081,4631,108,11,118,4512,38,19,2362,263,1441,71,2,170,2,5,6,66,3,0,3
1500103,8830,4384,47,16,65,4321,26,22,1093,414,2479,40,4,158,2,7,7,47,5,0,0
1500106,3143,1964,14,6,20,1944,9,9,378,111,1330,21,2,61,0,1,2,16,1,0,1
1500109,87128,51760,687,54,771,51019,256,240,19726,3195,24475,550,24,1440,14,84,58,595,28,32,27
1500112,9577,6271,116,15,142,6140,28,28,1187,702,3635,117,7,194,5,10,36,95,4,1,5
1500115,22649,11670,142,31,205,11497,73,62,3247,751,6711,89,3,277,4,16,13,145,18,10,8
1500118,12564,6500,175,16,191,6309,37,28,2041,692,2884,96,5,253,2,15,20,89,13,3,5
1500121,2758,1359,10,5,7,1344,8,8,499,46,754,7,1,20,0,0,2,7,0,0,1
1500124,5664,4155,49,12,79,4094,16,16,851,366,2422,87,1,218,0,5,12,47,3,2,1
1500127,4560,3085,35,5,52,3045,15,15,755,341,1730,32,3,72,8,5,3,42,1,0,1
1500128,4648,3106,33,9,41,3064,14,14,671,135,2080,19,1,48,0,5,3,56,5,0,0
1500130,2870,1998,6,2,11,1990,9,9,210,69,1636,8,3,26,1,0,10,15,0,0,1
1500132,6794,3295,52,2,57,3241,20,15,1294,224,1472,44,2,94,1,4,3,43,0,1,2
1500133,2841,1586,4,4,12,1578,9,9,415,147,953,8,3,21,1,1,6,9,2,0,0
1500136,5406,2756,25,13,42,2718,17,14,583,154,1812,24,3,51,1,9,5,23,3,2,6
1500139,25657,15105,171,9,286,14925,77,64,5228,1587,6308,306,3,1027,2,27,16,115,9,8,3
1500142,28402,17129,204,19,270,16906,86,82,5282,1596,8584,252,9,593,8,28,35,223,16,2,8
1500145,8355,3914,38,15,47,3861,26,25,1050,320,2304,28,8,47,3,12,11,15,12,2,2
1500148,6054,3333,26,19,38,3288,19,18,418,380,2312,9,7,60,2,5,9,39,3,2,4
1500151,14607,8887,75,7,112,8805,42,39,1959,694,5554,85,4,256,4,18,14,95,8,0,2
1500154,7578,4744,45,8,63,4691,23,20,430,449,3496,38,2,135,3,5,10,48,6,1,5
1500157,6610,4306,37,12,44,4257,19,19,640,441,2939,28,2,115,2,4,11,22,6,1,2
1500160,93544,64605,1258,68,1388,63279,274,257,29629,3841,22864,1346,21,3284,19,122,101,569,41,14,40
1500163,4024,2468,5,1,37,2462,12,11,398,305,1595,20,1,63,0,2,16,20,2,1,2
1500166,6883,4303,32,10,47,4261,25,25,711,162,3176,11,3,73,3,6,4,59,5,0,1
1500169,99110,59197,766,42,1248,58389,289,234,24998,3847,22814,1140,38,3521,16,125,72,491,39,7,33
1500172,2937,1561,9,8,14,1544,9,9,647,135,697,8,1,27,2,0,1,10,1,1,0
1500175,11727,7166,174,21,153,6971,34,29,2782,432,3102,119,4,247,3,14,15,81,14,2,3
1500178,6281,3629,19,4,43,3606,19,19,1033,227,2133,18,2,79,2,6,2,56,4,0,1
1500181,3439,1772,8,2,16,1762,11,9,289,126,1238,12,5,42,0,3,3,24,2,0,2
1500184,5433,3609,31,4,35,3574,16,16,1073,224,2080,26,0,90,2,6,6,30,1,1,0
1500190,23506,14793,135,34,231,14624,71,70,2957,1543,9078,120,4,447,6,22,17,181,10,1,7
1500193,5143,2120,9,4,22,2107,17,15,463,181,1394,9,1,19,0,1,3,11,2,0,1
1500196,4419,2586,16,10,36,2560,13,13,893,185,1336,19,0,51,1,1,5,29,3,0,1
1500198,7784,4779,43,11,42,4725,26,26,976,237,3221,12,1,89,0,2,0,138,3,2,2
1500199,8541,5375,81,14,94,5280,25,25,2513,277,2160,47,7,117,1,7,7,38,10,0,2
1500202,13344,7423,137,20,119,7266,40,39,2767,355,3677,38,2,156,3,19,4,119,5,0,2
1500205,2887,1236,6,7,19,1223,11,10,298,138,705,11,1,18,1,5,5,18,3,0,1
1500208,4356,2830,15,4,21,2811,14,13,376,188,2125,17,0,50,2,2,3,23,3,0,1
1500211,5896,3968,34,5,58,3929,18,18,1202,185,2300,29,2,97,1,3,4,46,1,0,1
1500214,6221,3478,17,13,30,3448,20,19,541,457,2270,33,5,54,3,7,8,28,7,1,4
1500217,7299,4083,40,15,57,4028,22,20,1142,315,2355,15,3,64,4,18,7,40,6,2,0
1500218,13415,7605,62,6,116,7537,40,37,2459,485,4034,81,6,192,3,16,5,119,17,1,3
1500220,9533,5902,40,11,77,5851,28,26,1846,601,2951,88,1,188,4,17,8,58,7,1,4
1500223,7842,4523,33,10,41,4480,24,24,1349,291,2595,30,3,104,3,11,1,48,1,1,2
1500226,4452,1905,9,4,20,1892,16,13,230,281,1286,8,2,30,0,4,2,28,0,0,1
1500229,9807,6418,56,15,88,6347,31,31,1516,571,3805,79,0,182,1,5,14,80,4,0,2
1500232,9104,5342,48,17,56,5277,29,29,1390,483,3126,30,5,121,3,6,7,42,4,0,4
1500235,9558,5032,59,17,88,4956,29,24,1179,440,2911,62,4,163,4,12,9,74,7,1,2
1500238,9784,6343,183,18,140,6142,29,26,2440,381,2722,116,1,243,3,12,10,62,9,0,3
1500239,28107,18246,313,24,369,17909,83,80,7965,1346,6872,322,17,681,5,38,34,226,20,1,13
1500241,20556,12499,165,27,146,12307,61,57,3622,1292,6590,132,9,317,6,20,15,133,15,0,10
1500244,10287,6891,66,10,137,6815,31,31,1679,404,4122,82,3,257,5,13,8,95,5,3,2
1500247,362686,216391,3286,189,4414,212916,1046,886,116822,14268,60386,4805,121,8922,87,435,334,1940,153,59,170
1500250,21119,14422,189,16,313,14217,64,57,6323,1082,5055,338,8,902,6,19,7,131,25,3,5
1500256,13337,8294,109,4,174,8181,40,34,1856,743,4783,97,3,384,5,11,17,91,11,3,3
1500259,12064,8800,250,23,247,8527,36,36,3958,587,2962,209,3,354,6,18,28,125,22,2,6
1500262,4708,3050,19,3,41,3028,14,14,529,297,2013,36,3,64,2,6,3,28,3,0,3
1500265,5636,3288,24,1,58,3263,16,14,687,242,2079,58,3,97,2,4,6,25,2,0,0
1500268,4375,2873,56,6,65,2811,13,12,703,242,1586,39,4,110,1,13,4,37,5,1,1
1500271,19093,10166,131,14,209,10021,57,42,3066,831,4945,203,6,599,7,21,23,89,13,3,6
1500274,6433,4554,73,4,113,4477,20,20,729,429,2936,62,4,136,5,12,14,28,6,0,3
1500277,7979,5259,36,17,73,5206,24,24,1576,422,2862,59,2,123,2,14,15,48,6,1,3
1500280,19593,12799,295,20,290,12484,56,49,3977,1104,5877,316,5,715,4,24,19,120,12,3,18
1500283,4579,2956,28,10,27,2918,14,14,1021,250,1478,43,4,63,3,0,6,19,3,0,1
1500286,3017,1823,10,8,18,1805,9,9,483,168,1041,18,0,41,1,4,4,19,5,1,2
1500289,13044,7129,91,15,131,7023,38,38,2157,642,3692,87,7,168,1,11,12,95,13,2,5
1500292,43119,24129,480,24,476,23625,127,94,12054,1779,7032,530,13,1257,18,49,32,315,50,6,14
1500295,4342,2144,19,9,21,2116,13,13,328,266,1420,12,6,28,1,5,9,10,4,0,6
1500298,8784,4289,44,22,58,4223,33,29,829,328,2836,34,3,65,1,9,10,47,2,0,1
1500301,6318,3716,48,8,59,3660,19,17,853,301,2246,43,2,90,3,8,8,41,5,0,1
1500304,37209,24189,403,45,568,23741,113,105,6259,2355,12561,422,13,1185,4,47,37,251,18,5,16
1500307,6806,3645,46,3,68,3596,21,17,756,374,2194,39,10,101,4,8,10,19,11,1,1
1500316,5032,3146,12,6,36,3128,15,15,359,152,2504,10,1,38,0,2,1,23,2,0,0
1500318,3789,1752,15,3,24,1734,13,11,669,103,877,6,1,28,2,2,1,18,1,1,1
1500319,7214,3947,26,4,48,3917,23,22,649,356,2675,27,3,95,2,7,6,37,6,2,4
1500322,4365,2781,14,9,38,2758,13,13,685,278,1643,19,2,55,0,3,3,27,4,0,1
1500323,2131,1251,6,7,10,1238,7,7,300,96,784,6,0,20,1,4,2,14,0,1,0
1500325,14633,10332,101,15,190,10216,42,40,1465,789,7037,140,6,419,3,20,25,99,16,2,5
1500328,25415,16098,117,21,256,15960,77,75,3558,1069,10246,125,14,439,8,25,18,178,18,2,4
1500331,12161,5996,50,10,57,5936,37,31,2074,491,3098,44,8,92,3,8,10,38,8,2,3
1500334,10829,5188,29,25,49,5134,37,36,772,364,3788,17,6,60,1,3,7,59,6,0,2
1500337,4351,2501,40,5,49,2456,13,11,737,288,1225,28,1,68,1,7,8,39,4,0,1
1500340,113388,76403,1199,59,1615,75145,332,301,35268,5163,25940,1600,28,4505,28,148,98,631,64,16,41
1600001,6076599,3347561,27313,1864,57719,3318384,17164,14226,1399644,298499,1238029,82618,1460,207920,997,5202,3198,18239,2176,652,2031
1700001,88487,35204,679,113,694,34412,271,233,25669,1889,5070,148,49,408,18,65,52,213,29,23,85
1700002,8536,2303,39,11,35,2253,28,18,1775,51,326,7,0,17,2,5,4,22,0,2,7
1700004,10929,4050,36,20,64,3994,36,35,1867,143,1825,9,5,28,6,6,4,23,7,1,6
1700006,12001,4363,8,13,6,4342,53,48,4099,48,145,5,4,9,2,1,7,7,4,3,2
1700007,8439,2868,19,6,23,2843,30,30,2410,58,289,8,3,13,1,5,10,14,6,1,2
1700008,9023,2805,24,10,38,2771,29,24,2114,85,470,8,1,17,2,4,3,20,5,2,2
1700010,12460,2114,37,13,26,2064,45,27,1596,139,217,17,11,17,1,5,6,22,2,3,2
1700011,8977,3045,14,6,21,3025,36,32,2730,95,153,3,0,9,0,5,1,4,4,0,0
1700012,7656,2054,30,6,18,2018,26,21,1735,31,183,7,3,9,0,2,6,19,4,1,0
1700013,11346,4222,105,19,87,4098,42,40,3202,188,513,18,5,31,4,7,6,24,4,3,6
1700014,5120,2110,36,9,38,2065,18,18,1520,132,282,16,6,15,1,10,12,20,5,4,4
1700015,10290,2782,20,10,33,2752,39,28,2319,69,290,7,1,12,1,6,5,5,2,1,1
1700016,7263,3490,38,19,50,3433,23,21,1196,254,1720,20,4,99,1,13,2,61,8,2,3
1700017,6069,2214,59,6,30,2149,19,18,1591,46,400,11,9,14,3,3,11,20,5,4,2
1700019,24332,6937,102,35,169,6800,80,67,5087,295,1004,25,14,76,5,20,13,57,13,3,19
1700022,3898,1451,8,2,23,1441,13,13,1224,14,152,4,2,4,0,1,6,8,2,1,0
1700025,9374,3050,95,23,41,2932,31,26,2097,86,563,28,5,24,5,14,14,40,9,3,3
1700026,9801,3362,18,6,24,3338,37,36,2994,98,155,11,2,9,0,3,15,18,5,0,4
1700027,7862,2402,41,8,28,2353,29,20,2006,82,179,4,1,17,2,7,6,3,1,1,16
1700028,6022,2167,67,10,63,2090,26,26,1463,113,352,15,1,15,3,19,20,11,6,0,9
1700031,7175,2877,6,8,21,2863,24,23,2449,46,285,6,12,15,1,3,4,19,0,0,2
1700032,4707,1622,46,2,38,1574,19,19,1078,79,316,15,2,9,3,7,3,10,9,1,4
1700034,14222,5810,124,16,57,5670,52,50,4793,94,618,11,3,31,5,13,7,28,4,4,2
1700035,7564,3408,89,8,40,3311,25,25,2359,138,611,26,12,35,5,14,12,24,15,6,14
1700037,4272,960,14,9,18,937,21,15,530,42,298,6,3,9,0,1,5,22,3,0,0
1700038,9194,4365,31,6,16,4328,43,43,4179,4,95,8,0,6,0,5,4,8,1,2,0
1700040,3186,986,12,5,16,969,12,11,838,22,75,2,1,6,1,2,1,5,0,0,0
1700043,14631,4304,146,33,111,4125,49,39,3019,180,651,34,7,19,7,13,21,28,16,8,11
1700048,10281,3365,12,12,50,3341,33,29,2067,85,1052,14,0,17,1,4,5,33,9,2,2
1700060,6103,2378,76,8,45,2294,22,22,1631,117,401,12,1,23,1,6,14,15,14,5,9
1700082,12574,3104,21,18,51,3065,41,22,1867,88,951,7,3,44,2,10,3,36,2,1,0
1900001,297225,175532,1831,193,2971,173508,847,807,67642,10926,80961,1372,149,6737,80,387,157,1871,136,33,86
1900004,23609,11874,103,27,173,11744,69,64,1963,1049,8109,41,13,179,6,15,30,136,19,3,8
1900007,8144,4554,42,9,69,4503,24,23,1040,227,2852,20,1,78,2,140,7,61,2,1,3
1900010,16324,8206,81,14,149,8111,50,45,2753,615,4228,53,3,139,4,14,11,127,14,0,1
1900013,18466,8298,131,53,200,8114,55,47,2389,629,4479,71,14,122,6,21,32,119,22,2,8
1900016,3577,2020,12,1,33,2007,11,11,772,55,1075,10,0,37,1,1,3,18,1,0,1
1900019,6388,3045,26,14,34,3005,20,18,712,213,1935,12,2,37,0,2,6,44,2,1,5
1900022,26179,15116,327,41,331,14748,78,75,5487,879,7420,79,11,255,6,33,32,189,15,2,9
1900025,8835,5306,76,14,96,5216,26,25,917,316,3662,35,3,104,2,5,7,64,2,1,2
1900028,6862,3518,13,10,50,3495,22,22,604,334,2382,13,3,50,1,4,7,43,3,0,1
1900031,3962,2310,15,6,34,2289,13,13,508,162,1482,11,2,48,2,6,2,24,5,1,2
1900034,61091,35967,400,71,671,35496,179,174,9739,2168,21158,201,29,906,23,60,36,423,45,19,18
1900037,20740,9156,110,18,156,9028,63,49,2520,620,5312,64,7,173,5,12,8,136,12,1,2
1900040,14792,8156,90,18,153,8048,44,44,1650,501,5302,46,8,195,5,13,22,139,11,1,2
1900043,6401,2530,36,4,53,2490,20,15,817,127,1359,10,2,33,1,4,2,75,2,1,4
1900044,22743,13282,203,62,351,13017,68,67,5008,828,6172,66,9,242,8,35,33,228,23,4,10
1900046,7907,4525,52,11,80,4462,25,24,1742,373,2099,20,4,53,3,6,16,59,6,0,1
1900047,12974,6975,82,30,184,6863,38,38,2210,332,3918,26,9,98,0,8,10,54,9,1,4
1900049,47132,23592,300,85,505,23207,137,123,6906,1819,12861,140,20,475,4,45,51,327,34,2,18
1900050,5408,2715,36,14,72,2665,16,15,850,426,1190,26,4,28,0,9,13,38,5,1,3
1900051,9138,5247,30,9,94,5208,28,27,772,445,3675,15,2,112,2,2,8,68,7,2,4
1900052,5480,3518,18,11,40,3489,17,17,569,215,2560,9,0,50,1,5,3,35,1,0,1
1900055,22390,9508,96,21,154,9391,67,50,2881,636,5338,45,9,181,4,16,20,98,7,0,2
1900056,10372,5626,54,23,134,5549,31,29,1484,430,3262,28,6,80,11,8,7,80,13,2,4
1900058,10600,5602,36,12,76,5554,31,28,1257,287,3687,21,6,112,2,9,13,75,6,1,2
1900061,114211,60754,566,109,1170,60079,326,307,20498,3271,31894,303,24,1790,35,79,91,786,80,26,32
1900064,20378,11257,162,16,205,11079,60,54,4196,664,5514,63,17,277,2,12,13,98,12,4,2
1900067,10860,5693,32,19,80,5642,33,30,922,272,4201,18,3,57,4,14,8,46,7,3,7
1900070,27670,14164,117,46,277,14001,84,77,4790,870,7512,93,13,218,10,16,32,136,24,4,6
1900074,8908,3839,30,10,51,3799,27,20,609,418,2544,17,6,83,1,12,16,30,9,1,2
1900076,16582,7322,68,15,120,7239,48,39,1571,313,4905,24,6,120,3,11,16,142,5,0,3
1900079,13183,7452,57,17,139,7378,41,40,1648,448,4890,23,7,128,2,15,9,62,4,0,3
1900082,11160,5314,64,13,97,5237,34,31,1296,415,3226,29,4,61,5,13,16,62,10,0,3
1900085,6800,3864,26,8,55,3830,20,20,648,420,2567,15,3,53,3,4,10,43,6,1,2
1900088,17287,9829,86,23,169,9720,51,50,1951,916,6213,61,6,229,6,17,20,104,18,2,8
1900091,6830,3139,35,11,50,3093,22,17,1314,136,1488,15,1,34,2,2,5,41,3,0,2
1900094,7131,3025,37,1,63,2987,21,13,932,110,1747,14,0,82,0,3,1,30,4,1,0
2100001,408863,191647,1549,233,3483,189865,1176,1068,100747,8782,68972,577,64,4843,844,290,132,913,115,34,69
2100008,11156,4953,24,16,63,4913,35,35,3585,169,978,12,3,33,29,9,1,26,2,0,3
2100010,30598,12494,66,39,207,12389,93,93,7645,249,3955,29,6,105,78,20,11,66,9,2,7
2100012,24633,11056,116,33,140,10907,73,71,4884,566,5050,21,8,88,35,18,15,64,10,4,4
2100013,9175,3299,17,12,20,3270,28,28,1312,114,1769,3,2,23,1,8,4,12,0,2,0
2100015,15872,6609,28,13,73,6568,47,45,2694,89,3567,11,2,34,34,17,5,38,2,0,2
2100016,94405,41563,416,62,761,41085,271,258,24734,1057,13277,70,18,562,219,74,33,226,26,12,16
2100020,12450,4298,10,19,25,4269,37,36,2365,133,1638,15,4,23,17,13,14,13,6,0,3
2100025,51967,22236,149,64,219,22023,159,157,9002,602,11684,55,13,147,95,36,18,120,19,1,12
2100028,14144,5655,22,16,63,5617,44,43,2751,290,2429,9,6,22,13,6,5,13,5,2,3
2100030,16758,6939,39,26,95,6874,49,49,5223,83,1257,13,1,42,84,21,7,34,6,6,2
2100031,59829,24366,218,51,353,24097,167,165,11324,567,11239,37,4,218,102,39,16,163,21,8,6
2100040,24667,10388,31,24,85,10333,79,79,3756,285,5965,24,4,35,63,59,5,39,7,4,2
2100042,17271,7497,37,25,98,7435,52,51,2984,141,4030,9,5,39,42,16,6,52,7,1,5
2100046,11054,3846,34,18,26,3794,33,33,1430,136,2096,20,4,24,14,6,9,19,8,1,1
2100048,10033,4517,21,18,53,4478,35,34,1769,113,2450,9,6,23,9,3,6,29,6,1,1
2100049,31109,12691,88,54,152,12549,94,91,7100,621,4319,24,10,80,135,36,18,40,10,0,4
2100052,44068,17232,94,44,180,17094,131,116,9345,301,6863,35,11,69,120,31,9,106,15,4,5
2100055,22817,8209,69,36,113,8104,69,69,4940,234,2532,25,8,39,94,25,15,56,11,6,6
2100058,7771,3610,18,2,33,3590,26,26,2364,51,1026,3,1,69,15,7,0,15,5,0,1
2100060,12701,5502,25,18,53,5459,42,42,2162,425,2687,7,1,32,18,12,3,40,11,1,7
2100067,8480,3895,8,10,50,3877,25,25,2013,66,1681,2,0,29,12,3,0,19,2,0,0
2100070,18164,8129,21,19,72,8089,58,58,3223,253,4425,14,4,36,13,7,4,34,2,0,2
2100073,9531,3990,10,6,32,3974,32,29,1669,559,1633,8,5,19,14,2,2,24,4,1,2
2100076,17898,7617,23,14,67,7580,55,50,2120,141,5097,10,1,46,20,5,5,65,1,0,2
2100078,9306,3863,17,10,39,3836,29,27,2224,47,1406,5,1,11,19,8,1,74,1,0,0
2100079,21932,7385,31,46,84,7308,65,64,4352,199,2355,25,15,74,26,30,21,47,60,11,9
2100085,12231,5027,28,22,64,4977,40,40,2740,130,1911,13,5,32,34,6,6,24,6,2,4
2100090,9272,3940,20,16,32,3904,31,31,1200,158,2435,7,2,22,4,4,6,21,8,1,4
2100095,51263,19916,226,70,303,19620,153,149,14105,279,4320,38,11,146,172,53,23,136,19,7,8
2300001,315437,179736,1855,226,2859,177655,907,761,117605,7804,41096,1338,66,5652,43,287,126,608,82,26,63
2300004,7492,4316,63,12,82,4241,25,24,1590,706,1717,13,2,65,1,4,17,35,7,1,1
2300007,6319,4206,46,24,53,4136,20,20,2718,129,1135,25,1,45,1,6,3,10,7,1,2
2300010,7091,3881,19,16,48,3846,25,25,3033,152,526,20,1,24,2,3,7,24,4,0,2
2300013,6071,3145,40,11,83,3094,19,18,1637,246,1064,11,2,28,2,3,5,10,1,2,0
2300016,24240,6402,141,37,129,6224,92,67,4811,255,764,49,15,45,23,18,23,53,17,7,15
2300017,5343,3127,31,11,127,3085,16,16,1828,240,786,26,2,43,1,13,9,5,4,1,0
2300019,18981,10183,135,58,217,9990,60,57,4762,851,3737,46,6,137,2,105,27,80,15,3,2
2300022,7150,3754,80,28,143,3646,25,25,2515,189,704,18,2,37,1,5,5,21,2,1,3
2300025,9051,5174,83,18,108,5073,35,33,3139,277,1355,34,2,82,0,20,4,46,5,1,0
2300028,6451,3804,27,7,44,3770,21,21,2331,153,1140,10,2,58,2,2,0,26,1,0,1
2300031,11429,6586,40,23,123,6523,35,35,5158,207,887,19,3,48,5,10,9,43,7,2,2
2300034,8200,4646,59,39,87,4548,24,24,3250,137,951,16,1,54,0,9,11,17,8,4,3
2300037,26589,14121,86,70,232,13965,80,70,10678,439,2310,50,9,140,7,20,17,42,13,0,8
2300038,11645,6745,68,23,106,6654,37,32,4776,181,1432,26,5,72,2,15,6,29,2,2,0
2300039,7738,4381,98,35,199,4248,27,24,3481,78,352,19,1,45,3,9,2,53,5,0,1
2300040,7149,2867,48,15,92,2804,25,17,2308,51,288,7,2,10,1,4,0,35,4,1,1
2300041,17849,4031,62,41,72,3928,60,31,3288,105,333,21,6,24,4,25,12,24,8,4,2
2300043,12308,6642,41,22,158,6579,37,37,3836,390,2024,18,0,82,0,17,14,37,1,1,1
2300044,6011,3812,77,9,94,3726,20,19,2450,80,999,11,1,50,1,2,1,34,2,1,0
2300046,11957,7343,122,35,154,7186,36,34,3876,447,2440,47,2,115,5,15,17,45,9,13,1
2300047,7051,2194,13,13,17,2168,26,20,1969,38,103,9,1,6,2,6,4,9,1,1,2
2300049,5987,3600,24,9,38,3567,20,20,2138,720,624,1,2,30,0,2,2,10,0,0,0
2300052,14894,9616,81,35,156,9500,45,44,7012,288,1853,36,5,115,0,11,3,17,3,0,1
2300055,11112,6025,61,8,68,5956,36,34,4639,248,870,22,1,57,2,7,6,34,1,1,0
2300058,5455,3135,34,7,81,3094,16,14,1925,79,898,11,10,63,0,4,5,17,0,0,1
2300061,7583,3587,34,20,52,3533,24,22,2488,103,789,15,1,51,2,4,2,20,4,0,2
2300064,6831,3643,19,7,53,3617,25,23,2374,173,912,15,3,51,1,7,7,20,1,0,0
2300067,105954,54458,782,186,974,53490,300,287,33083,2422,14509,363,27,1518,29,129,51,295,50,12,28
2300073,14057,8015,100,27,171,7888,46,43,5048,408,2055,46,4,86,2,5,12,41,7,0,3
2300076,9601,5434,40,14,67,5380,31,28,3767,177,1242,15,11,63,0,13,6,16,2,0,1
2300077,4104,2336,48,14,86,2274,13,12,1147,71,880,10,1,54,0,2,2,19,1,0,1
2300078,5890,2071,8,2,15,2061,19,17,1811,35,171,1,0,6,1,4,2,14,0,1,0
2300079,24138,13150,296,47,376,12807,81,76,6429,1120,4435,67,6,213,3,19,16,89,14,2,18
2300080,8933,4566,135,36,171,4395,30,23,3212,88,700,22,3,56,2,60,1,73,4,0,3
2300082,8420,3853,48,26,76,3779,30,25,2817,109,706,6,1,43,1,2,1,9,0,0,8
2300085,8065,5068,189,34,179,4845,26,24,3215,243,981,37,1,103,1,8,12,51,11,2,1
2300088,7444,2204,15,2,19,2187,31,18,2032,13,78,4,1,10,4,5,2,16,3,0,0
2300091,6530,3541,46,20,81,3475,22,22,2775,50,486,10,1,29,1,11,1,28,2,0,0
2300094,7234,2995,12,2,11,2981,27,27,2831,28,80,6,1,8,1,2,1,11,1,0,0
2300095,16429,5380,62,15,70,5303,53,42,4608,85,402,15,6,26,9,17,11,38,6,2,8
2300096,5225,2497,39,5,32,2453,16,12,1547,69,729,16,1,48,0,3,2,2,2,1,1
2300097,6043,2788,21,13,93,2754,19,17,1593,204,801,10,2,32,0,6,0,10,3,0,0
2300098,12814,7027,216,68,335,6743,42,34,5287,140,751,37,0,50,6,16,11,83,12,7,8
2300100,10132,5216,28,17,68,5171,36,35,3073,241,1628,23,2,62,4,10,9,46,3,1,1
2300101,5140,2547,20,7,29,2520,15,13,2211,44,192,10,0,17,1,3,2,8,2,1,0
2300103,7775,4873,41,8,57,4824,24,24,3227,157,1293,15,0,62,0,1,0,9,2,1,0
2300106,15639,9718,198,27,180,9493,46,46,5072,690,3181,79,4,191,6,12,9,50,16,2,1
2300109,18749,6706,79,45,71,6582,62,59,4885,235,1187,21,1,49,4,11,15,74,8,9,12
2300112,10139,3201,26,4,27,3171,38,26,2967,35,96,8,3,7,3,11,2,7,2,0,3
2300115,22785,13018,150,39,219,12829,81,80,10263,248,1851,27,1,129,1,13,13,54,6,1,3
2300118,17371,10305,130,29,171,10146,54,53,6747,319,2556,51,2,194,1,22,10,55,11,2,5
2300120,6879,3799,39,14,117,3746,20,18,1817,286,1424,12,4,53,0,7,8,12,4,0,2
2300121,13557,6428,181,45,170,6202,41,33,3531,621,1616,60,8,76,9,10,20,68,8,2,3
2300123,5937,3054,47,16,95,2991,19,18,1142,379,1286,14,2,36,0,4,4,23,6,0,0
2300124,11899,6358,95,30,118,6233,40,36,5004,135,854,18,3,53,3,5,3,33,2,1,1
2300125,8060,2636,28,3,35,2605,29,26,2252,61,174,17,4,6,2,8,13,25,3,1,4
2300127,8101,3212,16,26,61,3170,29,24,2555,62,402,11,5,41,0,4,3,18,5,2,1
2300130,5942,2406,23,9,29,2374,19,13,1533,148,622,11,0,18,0,1,3,8,1,0,0
2300133,13880,5919,52,12,104,5855,44,31,4652,116,907,12,1,23,4,9,2,22,3,0,0
2300136,10318,5728,57,10,73,5661,36,35,3863,211,1348,44,1,80,2,9,3,24,2,1,0
2300139,143672,46980,684,183,807,46113,521,433,34724,2782,6405,227,51,427,39,108,112,271,90,30,40
2300142,36133,16708,267,63,268,16378,115,92,12393,761,2532,75,13,228,6,17,22,41,12,2,8
2300145,9162,6022,103,28,96,5891,28,28,4194,201,1236,36,2,73,1,11,7,28,3,0,3
2400001,463062,258443,3611,590,4947,254242,1324,1245,90122,21752,115518,2603,150,14643,102,604,337,2978,232,58,196
2400008,10746,5648,106,29,115,5513,35,35,1292,974,2667,47,5,184,3,14,28,165,11,2,6
2400013,5890,3040,57,15,68,2968,19,19,978,312,1410,23,2,92,5,7,8,51,9,1,2
2400021,22624,11305,246,61,275,10998,69,68,2782,1500,5672,95,14,288,15,43,39,238,24,4,9
2400025,181405,107182,1716,214,2169,105252,527,516,39716,8185,45701,1191,61,6094,46,284,149,1471,93,21,71
2400029,10843,5912,113,39,136,5760,32,32,1532,908,2805,36,8,190,5,24,16,85,9,3,3
2400038,6754,3567,57,24,55,3486,20,20,896,521,1806,16,8,73,1,15,13,68,9,2,3
2400046,34065,16871,394,63,491,16414,97,95,7422,1403,5920,111,13,538,21,39,27,390,21,1,17
2400054,15672,8213,165,44,171,8004,48,48,2757,803,3818,51,11,190,4,25,21,126,9,0,18
2400062,12754,5355,129,38,109,5188,40,35,2400,539,1770,48,7,117,3,14,18,140,13,1,9
2400070,12208,5599,49,46,65,5504,37,37,3513,349,1410,20,10,48,1,13,11,54,5,2,3
2400078,21596,11817,323,134,335,11360,65,65,5952,1011,3278,102,11,305,14,107,23,177,24,11,10
2400086,69401,40842,781,134,929,39927,201,191,12368,3494,19549,360,32,2275,31,109,67,619,50,18,26
2400094,11809,5638,118,43,123,5477,37,37,1236,687,3020,47,12,169,5,19,30,101,15,0,13
2500001,650786,364556,2470,362,3839,361724,1862,1823,54976,16859,260729,1201,164,16859,154,423,342,5775,216,65,122
2500004,25508,13505,85,30,150,13390,87,86,1960,510,10197,20,10,300,9,16,22,178,11,4,3
2500007,7816,4716,26,11,38,4679,26,25,367,558,3555,7,5,62,0,6,6,68,7,0,0
2500010,8657,4588,17,9,48,4562,28,26,510,209,3566,12,2,122,1,6,10,71,2,1,2
2500013,4553,2529,14,11,26,2504,15,14,121,114,2149,11,3,31,1,2,7,30,6,0,3
2500016,2687,1594,13,4,21,1577,9,9,178,84,1226,2,0,42,0,11,1,10,2,0,0
2500019,7567,4209,19,1,20,4189,28,26,317,250,3505,6,1,29,1,2,2,52,3,1,0
2500022,16641,6391,82,19,145,6290,55,55,2594,197,3082,14,5,132,5,13,11,87,2,0,3
2500025,7113,3908,21,18,39,3869,22,20,303,346,3040,20,7,52,0,7,10,31,10,0,4
2500028,16039,9750,72,13,119,9665,48,47,1413,464,7165,33,5,303,3,14,8,131,4,0,3
2500031,9251,5478,45,19,61,5414,30,30,480,457,4114,11,11,168,2,14,8,70,8,3,7
2500034,6991,3050,17,3,31,3030,22,22,311,297,2251,10,2,78,0,4,0,39,6,0,1
2500036,16333,3509,47,17,78,3445,51,26,2522,40,671,16,0,46,4,14,5,44,4,1,0
2500037,11409,5090,31,18,42,5041,45,44,1446,101,3268,11,0,99,3,5,3,60,1,1,1
2500038,25533,12777,113,21,134,12643,77,66,1486,421,9910,30,12,292,4,16,12,312,7,3,4
2500040,5772,3685,10,9,20,3666,18,18,277,294,2923,12,0,89,0,6,3,39,2,0,1
2500043,8288,3259,37,10,47,3212,27,27,2076,37,955,7,0,30,0,3,4,46,5,1,1
2500046,5109,1825,4,6,14,1815,16,16,76,120,1540,4,3,39,0,2,0,17,0,0,0
2500049,5592,2968,9,3,23,2956,17,16,277,121,2467,7,0,37,3,3,0,16,2,0,0
2500051,10500,5327,51,8,76,5268,36,34,1184,186,3521,10,1,72,2,11,3,200,2,0,0
2500052,7125,3010,18,12,34,2980,22,22,536,90,2204,9,3,47,3,9,5,37,2,1,0
2500054,83857,43214,245,24,452,42945,246,233,6599,1938,30993,170,9,2020,12,49,28,642,20,7,6
2500055,3813,2393,5,9,20,2379,11,11,120,168,1973,7,3,55,0,3,2,22,4,0,2
2500058,3353,1927,3,3,19,1921,10,9,106,122,1619,0,2,21,0,3,5,24,0,0,0
2500061,90395,53964,445,65,760,53454,269,260,12734,1539,35470,122,34,2155,12,62,50,469,28,7,12
2500064,49125,27607,312,42,559,27253,145,137,7058,1585,15673,185,12,1814,13,33,38,251,15,4,13
2500067,4537,2483,21,7,31,2455,13,10,217,206,1860,7,3,81,3,6,8,26,4,1,2
2500069,21306,3687,31,10,29,3646,62,62,473,102,2829,16,1,77,6,6,6,90,7,1,3
2500070,10042,2934,19,10,21,2905,30,30,185,180,2417,4,1,55,3,6,3,25,4,0,1
2500073,10114,5487,23,15,36,5449,34,33,453,228,4496,8,5,107,2,8,5,93,3,4,1
2500076,8620,3479,37,6,53,3436,33,32,2886,30,413,4,0,26,0,2,2,18,1,0,1
2500079,10193,4692,24,10,30,4658,31,30,600,123,3656,6,3,132,2,1,0,102,3,0,0
2500082,5249,1588,5,1,9,1582,16,13,205,108,1180,5,1,30,0,0,3,41,0,0,0
2500085,20495,10330,59,30,96,10241,72,69,910,407,8391,19,8,161,8,14,15,192,10,7,3
2500088,4773,3032,4,6,27,3022,16,16,120,166,2628,3,2,46,0,2,4,19,3,2,0
2500091,12243,5273,59,17,126,5197,40,39,3970,80,902,8,0,53,2,3,0,51,1,0,1
2500093,45677,18437,351,99,516,17987,138,132,5824,653,9488,101,34,278,28,60,40,870,52,21,22
2500094,13192,7543,56,31,96,7456,43,41,720,351,5964,23,5,191,2,10,8,78,5,2,1
2500097,4121,2363,9,5,16,2349,13,13,162,74,2030,3,2,43,1,3,1,14,0,0,0
2500100,108675,46553,280,41,441,46232,316,313,5278,2085,35722,154,21,1703,26,52,46,655,33,4,12
2600001,281258,171237,2079,244,2994,168914,806,803,53257,14155,83967,1375,87,10681,57,260,173,1671,115,27,95
2600005,2678,1550,19,3,14,1528,8,8,472,148,815,7,1,50,0,1,2,16,1,1,0
2600010,63233,36961,732,66,767,36163,183,181,11701,3910,17037,327,27,1647,13,77,65,520,37,13,22
2600020,24779,15389,219,49,284,15121,75,75,4582,1591,7608,117,19,634,4,32,33,184,20,3,10
2600025,5596,2990,45,9,52,2936,16,16,1134,303,1305,24,3,63,0,6,3,38,3,0,2
2600030,11001,5832,105,21,125,5706,34,32,1429,664,3071,46,7,231,6,12,9,89,9,4,4
2600040,7313,3822,88,15,80,3719,22,22,1028,532,1856,24,6,101,2,23,10,47,5,1,4
2600050,30930,17241,422,63,365,16756,91,90,7135,1447,6537,144,12,733,4,26,28,292,19,7,7
2600060,35223,18540,533,81,441,17926,105,104,5735,2121,8325,142,23,655,9,41,54,316,31,4,29
2600070,5768,3075,65,23,49,2987,18,18,859,346,1578,16,0,70,2,5,6,53,0,1,2
2600080,31044,15850,313,76,323,15461,92,89,5301,1608,7064,102,28,591,7,41,46,323,16,3,8
2600090,6111,3827,48,5,66,3774,21,21,948,406,2102,24,5,145,3,3,4,63,1,2,2
2700001,524202,338625,1997,188,4935,336440,1523,1502,90101,19435,195424,2016,86,18812,115,416,253,4491,189,57,110
2700004,1523,882,5,1,10,876,5,5,110,175,563,1,0,4,0,0,7,4,1,0,1
2700007,3617,1850,11,7,16,1832,15,14,351,303,1114,5,1,22,0,3,7,7,2,0,1
2700010,7181,4656,30,13,50,4613,21,21,867,372,3154,15,1,65,1,4,7,63,7,1,6
2700013,27239,16313,181,20,235,16112,80,77,5358,1203,8530,91,4,445,4,14,16,192,9,4,7
2700016,7939,5594,42,13,71,5539,23,23,1157,412,3554,38,2,238,2,10,8,40,5,1,1
2700019,188674,110448,1613,167,2018,108668,566,523,63891,3215,34329,538,58,2641,63,171,96,1496,62,26,64
2700022,4478,2746,40,3,52,2703,16,16,518,264,1695,13,0,56,0,2,6,87,7,1,2
2700025,8047,3882,34,12,37,3836,34,31,977,462,2232,18,1,46,1,2,8,46,3,1,2
2700028,1835,1182,4,2,6,1176,6,6,103,187,853,1,1,16,0,1,1,5,0,1,1
2700031,1821,1277,10,1,17,1266,6,6,191,87,908,7,0,37,1,2,1,15,0,0,0
2700034,4989,2957,19,6,27,2932,15,15,402,261,2146,8,3,55,0,2,3,24,1,0,0
2700037,3676,2057,7,6,34,2044,16,16,163,166,1610,3,0,36,2,2,5,22,1,0,0
2700040,2163,1358,1,1,11,1356,11,11,195,123,989,4,4,19,0,0,0,10,1,0,0
2700043,5605,3317,19,16,37,3282,19,18,470,283,2347,13,5,81,5,5,7,25,2,1,1
2700045,29788,15315,310,57,256,14948,94,93,4679,1125,8169,48,13,209,11,20,23,361,24,2,8
2700046,5259,3099,18,7,44,3074,19,19,497,362,2063,11,2,60,0,8,5,17,2,0,3
2700049,2867,1906,6,1,14,1899,10,10,164,217,1450,4,4,27,0,0,1,15,1,1,1
2700052,3023,1854,14,8,23,1832,10,10,400,161,1199,2,2,25,0,2,6,10,1,0,1
2700055,4327,2852,11,7,25,2834,14,14,297,258,2162,13,2,29,2,4,2,36,3,0,1
2700058,10784,7161,60,5,88,7096,37,35,1584,542,4592,25,12,141,4,4,5,87,7,4,1
2700061,10354,6792,52,11,90,6729,32,32,1387,713,4201,79,4,156,2,9,10,71,5,0,2
2700064,3469,2256,3,2,16,2251,12,11,241,369,1535,4,3,52,0,3,3,24,1,0,0
2700067,2594,1639,9,10,15,1620,8,8,207,284,1052,8,1,20,0,1,2,25,4,1,0
2700070,4342,2201,25,7,31,2169,13,13,558,205,1288,18,3,29,1,5,3,24,3,0,1
2700071,12560,6737,44,15,67,6678,43,37,571,371,5453,9,0,82,1,5,6,110,2,0,1
2700073,1635,982,5,1,9,976,6,6,76,369,504,1,0,9,0,2,0,5,1,0,0
2700074,13298,7250,65,24,77,7161,44,42,1252,422,5096,17,3,110,2,10,9,155,5,2,1
2700075,3971,1945,7,11,28,1927,18,18,327,197,1319,6,3,14,0,2,0,28,2,1,0
2700076,2186,1346,4,2,10,1340,7,7,87,119,1087,4,1,15,0,2,2,10,1,1,1
2700079,3503,2058,11,5,19,2042,15,14,283,231,1447,10,0,36,0,2,2,9,2,0,1
2700080,6115,3150,13,8,22,3129,21,21,888,441,1684,13,4,25,1,5,9,30,4,1,2
2700082,224184,152324,981,97,2175,151246,655,635,40833,9365,86918,1027,35,8528,36,133,142,1897,84,18,55
2700085,2666,1765,3,4,12,1758,14,14,193,189,1329,2,1,14,2,2,5,8,1,0,0
2700088,3492,2267,14,11,21,2242,13,13,324,210,1617,10,1,16,0,1,8,26,6,1,1
2700091,133606,83779,720,72,1592,82987,397,386,24764,3882,46981,463,32,3465,25,100,105,1462,53,8,55
2700094,5634,3161,19,5,37,3137,22,21,379,259,2391,6,2,34,1,4,3,17,1,1,2
2700097,4290,2862,7,9,31,2846,15,15,317,442,1976,5,0,34,1,4,4,29,2,0,1
2700100,2046,1353,6,2,7,1345,7,7,115,253,941,1,0,12,1,2,2,11,0,0,0
2700103,4587,2596,17,8,38,2571,13,13,841,365,1264,11,1,30,0,3,2,14,1,1,0
2700106,4500,2384,37,10,38,2337,13,13,722,129,1353,18,1,34,1,4,10,24,1,0,2
2700109,2186,1434,15,2,16,1417,8,8,263,124,952,9,1,21,0,2,4,20,3,0,2
2700112,3408,1817,28,3,16,1786,11,11,576,241,898,8,2,29,1,0,4,9,2,0,0
2700115,1488,779,8,3,6,768,6,5,73,109,559,1,0,8,0,0,1,8,0,2,1
2700118,4063,2191,18,9,19,2164,14,14,294,475,1317,6,3,30,1,0,4,12,1,0,2
2700119,5754,3325,16,4,27,3305,18,18,374,500,2304,7,0,56,1,3,4,24,3,1,1
2700120,10254,5285,56,11,78,5218,35,34,1096,285,3603,7,1,61,1,4,5,71,3,1,2
2700121,37400,24407,221,38,387,24148,114,114,4555,1291,16595,64,6,681,8,23,34,487,10,2,5
2700124,10724,5992,51,12,86,5929,33,28,955,496,4062,36,5,145,6,14,17,101,4,0,2
2700127,2302,1187,5,1,14,1181,7,7,115,180,844,3,1,9,0,2,4,6,2,0,1
2700130,16429,10496,66,18,161,10412,52,51,2498,911,6257,49,6,415,2,10,11,78,4,3,7
2700133,5312,2984,16,9,34,2959,18,16,412,399,1998,3,3,45,3,7,3,46,4,0,2
2700136,8321,5028,70,20,48,4938,28,26,710,583,3407,23,4,85,5,6,10,48,6,2,1
2700139,3914,2247,8,4,24,2235,17,17,221,307,1609,6,3,29,2,4,8,16,5,0,1
2700142,4070,2638,12,7,22,2619,12,12,265,443,1817,6,3,31,2,3,3,21,2,0,1
2700145,9963,6160,45,18,83,6097,31,30,993,383,4379,27,6,129,1,7,8,71,6,0,4
2700148,3561,1421,8,14,10,1399,14,11,152,182,1016,1,2,18,1,3,2,11,0,0,1
2700151,1620,1047,11,0,6,1036,6,6,149,121,720,1,1,20,0,0,0,17,1,0,0
2700154,2671,1580,7,2,12,1571,8,7,148,183,1165,7,0,39,0,1,0,15,1,0,0
2700157,4028,2876,9,2,31,2865,12,12,329,297,2079,6,1,84,0,3,4,27,2,0,2
2700160,134577,87915,773,94,1481,87048,408,382,24449,4362,50394,526,24,3952,34,108,109,1506,54,13,36
2700163,3985,2602,16,3,32,2583,12,11,515,246,1667,23,1,65,0,2,3,27,1,0,1
2700166,13225,7538,54,13,78,7471,44,41,2241,668,4151,67,4,172,3,6,6,66,6,1,2
2700167,6703,3043,45,9,53,2989,22,20,1020,88,1612,12,4,31,2,10,2,153,2,0,0
2700169,26439,13013,178,30,194,12805,84,71,6879,590,4760,39,10,110,4,14,14,176,9,1,5
2700172,24677,12507,161,35,228,12311,85,74,2397,760,8221,47,3,269,8,20,22,313,16,2,5
2700174,25598,13917,258,36,267,13623,74,68,4786,592,7188,51,7,265,5,27,22,377,17,5,14
2700175,6626,3249,22,7,44,3220,26,22,633,338,2086,16,7,58,0,3,6,26,1,1,1
2700178,2958,1345,9,5,9,1331,9,9,188,257,842,0,2,13,0,5,3,10,2,0,0
2700181,46902,30280,205,20,415,30055,144,134,8230,2074,17383,199,10,1366,11,36,20,284,15,4,8
2700184,2225,1227,12,6,17,1209,7,7,188,204,757,0,2,36,0,1,1,3,0,0,0
2700187,4502,2705,13,7,33,2685,16,15,323,416,1807,15,5,47,0,6,3,25,3,0,2
2700190,2184,1311,2,4,12,1305,10,10,225,205,838,4,1,11,0,2,3,3,1,0,0
2700193,25189,13186,165,36,208,12985,80,71,2689,713,8730,36,10,266,5,18,11,284,10,1,4
2700194,3375,1702,7,1,26,1694,12,11,192,77,1359,2,1,14,0,1,1,20,0,0,1
2700195,2374,1549,8,1,7,1540,9,9,187,236,1065,6,0,16,0,2,2,17,2,0,0
2700196,6352,3876,36,8,43,3832,22,20,790,290,2569,15,3,41,3,7,6,59,4,1,1
2700199,25555,16645,93,10,178,16542,74,72,3286,1732,10510,66,6,543,2,19,15,168,11,5,1
2700202,8714,4752,56,6,29,4690,27,24,718,457,3312,25,5,79,2,12,5,43,1,0,2
2700205,5556,2753,20,12,23,2721,22,21,387,459,1784,12,5,24,1,3,4,14,3,0,2
2700208,3675,2010,22,2,21,1986,13,12,356,205,1326,5,1,33,0,2,3,31,2,1,0
2700211,5777,3769,44,8,56,3717,18,18,567,271,2672,16,0,60,1,5,10,43,5,10,1
2700217,5349,3779,17,6,46,3756,17,17,745,296,2510,16,2,81,0,6,4,44,3,2,1
2700219,1477,743,6,2,8,735,5,4,29,92,586,4,0,9,1,1,0,4,1,0,0
2700220,16652,10327,115,32,145,10180,52,52,3145,790,5652,68,3,241,3,10,16,91,13,0,3
2700221,7350,5033,26,10,73,4997,21,21,757,606,3280,14,3,154,2,15,12,62,6,1,12
2700223,8399,5473,36,6,105,5431,25,25,1076,365,3615,36,4,146,1,10,7,53,5,2,6
2800001,221269,113194,971,239,1718,111984,631,571,63884,2872,40510,204,43,2064,52,129,71,335,55,13,34
2800010,10426,4963,20,10,55,4933,31,30,2461,234,2106,6,1,38,0,5,4,22,1,0,0
2800020,10513,5717,19,18,60,5680,37,37,3843,174,1518,8,3,28,1,12,9,15,6,1,2
2800030,8785,4384,29,17,55,4338,27,27,2548,199,1440,9,7,31,1,7,16,21,4,0,0
2800040,50627,29449,170,50,308,29229,154,147,16934,606,10705,41,8,447,11,22,14,112,12,2,7
2800041,15615,8077,51,17,145,8009,47,45,4148,802,2749,33,7,57,3,8,9,39,3,1,5
2800042,10045,5660,21,18,33,5621,36,36,3729,135,1659,12,2,24,0,13,2,11,0,1,0
2800045,5158,2535,8,11,37,2516,17,17,1267,130,1025,7,2,15,1,7,6,11,2,1,5
2800048,18668,8851,76,35,151,8740,57,55,2668,505,5202,22,9,85,2,11,15,44,19,1,6
2800049,15347,6063,26,17,71,6020,51,51,1900,315,3616,13,3,41,3,9,6,26,14,0,3
2800050,11216,4837,19,11,58,4807,34,28,3040,171,1475,8,2,23,3,2,2,21,1,0,1
2800055,20200,11872,44,26,91,11802,62,62,8203,287,3040,10,4,69,1,6,9,54,27,0,1
2800060,30173,12961,40,52,143,12869,101,95,3955,1177,7270,36,17,91,0,34,17,78,32,8,11
2800080,15756,9076,41,18,87,9017,50,50,5547,283,2914,30,3,86,4,8,9,38,4,0,4
2800100,23345,12541,64,49,104,12428,74,74,7680,373,4075,22,8,79,4,27,7,36,8,2,3
2800120,13448,6951,24,28,82,6899,43,40,4235,303,2192,10,4,32,1,5,5,22,5,0,3
2800160,36533,19917,174,69,284,19674,117,115,12282,740,5993,32,19,150,9,30,13,89,23,5,5
2800180,21659,10662,21,31,55,10610,73,73,5766,257,4371,17,4,46,3,14,12,54,8,0,3
2800190,12284,7011,35,12,71,6964,39,37,3916,111,2764,13,4,49,0,8,5,20,2,1,0
2800200,48063,21989,144,63,290,21782,146,145,12249,709,8014,48,25,158,5,41,20,173,31,12,7
2800220,47066,17720,125,107,192,17488,154,150,12244,888,3721,80,30,90,10,43,35,91,39,8,17
2800240,17780,9064,31,37,76,8996,52,51,4906,213,3628,15,9,53,5,24,5,50,9,0,3
2800260,27811,13389,112,41,202,13236,88,84,6502,562,5678,36,3,128,6,23,23,50,14,3,6
2800280,21493,8846,25,35,93,8786,78,73,3514,716,4273,23,14,36,3,13,15,54,18,6,8
2800300,26275,13688,117,33,176,13538,80,79,9940,318,2900,33,4,90,4,13,8,40,9,1,2
2800320,21678,11808,59,32,137,11717,68,68,7028,328,4034,21,6,86,5,17,7,40,5,1,2
2900001,474707,293459,3721,366,5095,289372,1366,1304,103878,26539,134228,2270,144,12803,121,588,411,2869,196,71,159
2900004,3744,2135,18,3,30,2114,15,15,407,465,1153,12,3,23,2,4,3,10,2,0,0
2900007,9155,4562,59,16,58,4487,30,29,1828,495,1943,20,4,46,2,14,8,59,6,1,3
2900010,6596,3432,55,5,47,3372,22,22,1623,292,1307,18,3,29,1,8,4,36,4,0,0
2900013,8737,3893,39,16,68,3838,27,27,894,563,2077,30,5,68,7,21,13,80,0,4,8
2900016,10533,5330,96,14,86,5220,33,31,2636,303,1956,45,5,68,6,8,8,95,0,1,3
2900019,16727,7278,66,38,85,7174,54,52,1343,1274,4158,38,14,80,1,20,35,103,19,2,2
2900022,17085,8891,135,37,215,8719,51,50,2857,768,4447,48,4,205,2,10,10,130,12,5,6
2900025,10551,6164,57,10,98,6097,33,32,1573,940,3178,41,3,151,2,4,10,81,6,9,1
2900028,5738,2759,32,20,57,2707,18,17,559,455,1462,23,5,47,3,7,5,76,3,4,1
2900031,8510,4984,53,14,42,4917,29,29,2446,337,1926,20,5,59,1,7,11,56,6,0,1
2900034,18820,9984,103,89,103,9792,59,58,5216,898,3268,51,26,74,10,18,29,80,12,2,5
2900037,7130,3913,25,10,34,3878,24,24,730,690,2312,17,7,30,1,2,9,38,5,0,3
2900040,41788,17486,233,84,378,17169,122,113,5827,1819,8311,120,30,324,11,28,42,232,29,6,12
2900043,7145,3638,29,6,34,3603,24,22,737,385,2319,13,3,64,1,3,7,27,5,1,4
2900046,62996,36084,574,97,666,35413,181,169,12626,4341,15739,325,30,857,29,133,67,517,37,9,37
2900049,6311,2952,54,14,49,2884,20,17,1109,320,1236,11,5,60,4,8,16,57,3,1,5
2900052,20068,10171,167,21,167,9983,59,51,4027,834,4502,81,4,143,7,30,15,155,10,2,6
2900055,28491,14631,263,71,321,14297,90,90,3561,2412,6891,128,20,482,3,47,49,331,41,7,4
2900058,26471,15278,215,64,242,14999,83,82,4065,2437,7529,89,26,246,15,47,45,204,35,5,14
2900061,5720,2994,48,13,52,2933,20,20,592,403,1704,13,10,78,3,10,11,45,8,4,0
2900064,22411,12787,184,27,185,12576,64,63,5609,958,5268,92,6,251,7,22,12,153,9,2,2
2900067,9467,5450,50,16,91,5384,29,29,2414,545,2109,49,1,88,4,10,7,57,3,2,4
2900070,15583,7536,93,11,119,7432,47,41,3856,629,2525,42,4,108,5,11,3,116,8,1,5
2900073,34080,18181,426,56,335,17699,102,101,8391,2001,6028,124,17,407,13,41,39,248,21,4,30
2900076,30400,16393,381,61,371,15951,91,87,6115,1265,7178,122,16,417,11,44,34,341,26,1,10
2900079,32868,19488,241,23,320,19224,99,97,5091,1423,11359,143,25,436,8,31,28,322,18,4,16
2900080,3744,1629,38,6,33,1585,12,12,535,298,657,4,2,28,1,6,4,13,1,1,2
2900082,14847,7645,70,28,87,7547,45,45,3943,826,2524,29,8,44,3,16,9,44,9,2,3
2900085,23599,10672,141,74,156,10457,80,75,3703,1481,4649,95,18,119,7,22,55,103,28,8,13
2900087,8607,4304,50,17,74,4237,25,25,1317,525,2160,15,2,43,7,4,17,65,4,2,2
2900088,5682,3200,30,9,56,3161,18,18,1374,194,1421,7,2,55,1,8,5,32,5,0,1
2900089,24559,10538,175,70,263,10293,75,75,3475,1164,4800,65,32,171,13,22,36,208,28,6,10
2900091,7879,4262,34,12,45,4216,26,26,1111,390,2523,13,5,70,2,6,4,40,4,0,3
2900094,20378,10788,142,28,165,10618,61,55,4382,1036,4639,61,21,135,8,25,21,109,8,2,6
2900097,18185,6429,92,49,165,6288,58,56,1654,751,3368,60,8,102,7,12,23,104,18,2,14
2900100,4407,1892,28,7,53,1857,14,14,377,228,1114,12,4,36,2,1,7,19,3,0,1
2900103,21600,9753,130,30,192,9593,70,69,1889,1523,5510,58,16,136,5,21,31,160,32,5,15
2900105,13007,7147,86,27,122,7034,38,36,2212,901,3460,47,8,152,3,11,12,90,11,0,5
2900106,10723,5187,69,27,63,5091,32,32,1165,847,2786,33,8,79,2,8,13,73,9,1,4
2900109,12259,6875,75,22,75,6778,42,40,1442,745,4276,34,10,78,5,7,15,72,12,0,7
2900112,5728,2603,31,10,40,2562,24,24,516,436,1446,9,1,51,2,4,6,42,5,2,2
2900115,4811,2536,22,11,35,2503,17,16,664,384,1342,7,4,25,0,4,4,31,0,1,2
2900118,4824,2821,19,14,27,2788,17,17,466,525,1674,7,7,26,0,7,18,25,3,0,3
2900121,11870,6454,90,23,89,6341,38,38,2527,601,2842,32,5,96,2,19,13,101,10,1,3
2900124,7010,2971,42,23,69,2906,25,22,688,921,1072,19,6,65,0,8,16,30,9,2,1
2900127,5150,2801,20,5,36,2776,17,17,569,335,1769,4,1,27,0,11,3,16,3,1,1
3100001,1839148,973718,8341,1214,18638,964163,5158,4758,497948,51302,338401,6328,657,42056,326,1390,751,4737,707,241,681
3100004,12604,6261,118,32,108,6111,38,37,2382,471,2780,37,4,127,6,7,10,161,10,0,8
3100007,19976,10131,108,20,164,10003,59,54,5524,493,3333,43,8,284,1,12,14,116,6,0,5
3100010,18690,8088,124,39,159,7925,64,61,2593,1491,3193,50,10,197,6,9,24,171,11,1,10
3100013,5755,1960,23,4,23,1933,20,15,386,455,974,12,2,34,0,3,5,36,2,0,1
3100016,13234,6696,66,15,91,6615,47,42,2103,1009,3130,23,4,118,4,7,7,103,10,1,5
3100019,233201,84044,1297,228,1150,82519,690,638,66211,2995,9981,261,84,791,50,150,81,549,54,47,115
3100022,109762,61063,638,83,1106,60342,339,311,34058,2473,19309,324,29,2388,12,70,53,441,34,18,27
3100025,20937,10155,94,20,152,10041,67,58,6511,417,2567,33,8,203,6,11,9,106,7,0,11
3100028,27415,14049,287,56,266,13706,88,87,4415,1651,6579,105,28,397,16,32,24,159,17,3,14
3100031,89247,46892,679,78,944,46135,262,231,31449,1953,9892,226,27,1099,25,88,31,323,50,4,24
3100034,122213,65701,1017,158,1315,64526,353,347,24312,4591,29767,470,41,2817,32,102,93,835,52,30,69
3100037,38323,18680,249,63,394,18368,122,116,8810,1534,6825,104,20,281,7,36,51,265,21,9,11
3100040,15587,8489,136,29,205,8324,54,53,3628,470,3573,57,5,221,4,22,8,115,10,2,4
3100043,7643,3765,52,17,82,3696,31,31,717,762,1927,23,2,73,2,7,17,70,6,2,6
3100046,6468,613,7,2,19,604,24,6,174,94,291,2,2,9,0,1,1,10,0,0,1
3100049,56109,26714,293,42,409,26379,167,144,17674,1004,6361,105,8,547,9,35,23,179,9,4,12
3100052,10555,5084,98,28,123,4958,38,37,1579,365,2528,24,12,124,3,16,16,148,13,0,7
3100055,54892,31355,386,51,469,30918,164,162,21996,1424,5990,125,16,636,8,37,19,166,10,1,21
3100058,19287,11023,139,24,217,10860,59,58,5542,763,3862,54,7,246,6,14,18,114,10,2,5
3100061,30395,16732,201,20,273,16511,92,87,11248,820,3598,54,13,340,6,15,15,111,9,3,6
3100064,132159,74378,1016,176,1645,73186,382,348,40522,3367,23590,462,43,2622,36,105,81,551,81,16,65
3100067,14324,7850,77,22,156,7751,45,44,3767,651,2851,43,11,145,3,29,13,65,9,3,5
3100070,28211,15278,327,54,316,14897,86,79,3702,1162,8606,116,16,552,7,36,34,317,17,5,11
3100073,11566,6029,84,17,127,5928,37,36,1769,528,3213,33,8,120,4,9,8,98,6,1,4
3100076,10871,5402,111,26,79,5265,35,35,2772,370,1783,18,5,90,2,8,9,122,5,0,2
3100079,289345,147847,1565,240,3114,146042,850,770,80230,7184,46815,962,80,5914,42,241,134,1011,174,33,108
3100082,42523,22556,318,55,410,22183,132,125,15415,875,4659,94,23,472,4,33,19,153,9,5,12
3100085,16292,7730,137,21,140,7572,53,51,3230,470,3391,31,6,158,0,14,8,118,3,1,2
3100088,15993,7172,105,36,93,7031,49,41,2830,727,3027,37,6,141,4,13,20,114,13,2,4
3100091,31529,18962,247,37,327,18678,106,104,7113,1485,8517,92,8,774,15,35,17,273,15,1,6
3100094,15255,7884,99,24,132,7761,53,50,4060,510,2714,46,1,142,3,12,5,122,8,4,2
3100097,37664,18329,395,97,341,17837,119,112,7327,2000,7147,132,18,538,10,35,40,206,28,4,11
3100100,12816,3865,75,19,75,3771,43,29,976,572,1912,16,3,77,1,6,12,110,6,1,4
3100103,16797,8658,134,36,144,8488,56,55,2813,1021,4036,39,17,196,0,14,17,164,16,4,7
3100106,173667,88027,1239,150,1728,86638,513,458,38077,4762,36510,510,80,3617,33,108,121,928,65,23,76
3100109,5383,2622,46,18,44,2558,18,18,1081,302,992,14,2,38,2,4,11,65,1,0,2
3100112,7419,3802,46,17,61,3739,32,32,788,603,2086,19,6,77,2,9,6,69,7,2,4
3100115,11456,6494,65,14,98,6415,37,37,3828,689,1591,25,3,107,2,6,9,50,4,0,3
3100118,15667,8483,129,29,156,8325,51,51,4636,505,2680,38,12,184,3,14,16,74,4,2,1
3100121,112799,49470,433,80,750,48957,334,256,34070,2216,10148,223,23,1065,13,52,31,305,25,12,24
3100124,40013,21323,230,35,307,21058,120,113,12723,1126,5991,76,19,527,11,24,17,217,10,2,8
4000001,81993,34380,403,62,637,33915,242,234,6875,2641,21807,138,25,992,22,83,84,543,36,11,21
4000005,39412,20113,311,106,598,19696,120,120,5972,1289,10658,118,17,484,8,38,40,432,23,3,16
4000010,36419,13849,311,77,451,13461,112,108,7178,475,4702,75,9,188,15,34,35,265,18,6,10
4000015,3703,1350,16,1,26,1333,11,11,242,49,976,2,2,8,1,2,7,16,1,1,0
4000017,13973,6393,163,41,183,6189,42,42,3869,228,1628,29,7,88,4,9,18,115,7,1,3
4000020,3906,1591,11,5,24,1575,12,12,225,123,1146,4,0,16,2,8,3,23,0,0,1
4000025,41399,20743,409,81,583,20253,123,123,8924,954,8564,91,39,475,17,46,48,466,26,3,17
4400001,137546,77181,842,139,1474,76200,400,391,25996,4123,40042,339,65,2532,29,124,89,1253,70,21,43
4400002,4517,2336,34,7,48,2295,14,14,594,103,1420,14,1,45,3,5,3,51,1,2,5
4400003,24852,13436,450,191,747,12795,73,73,6593,499,3953,117,28,259,31,86,55,344,34,21,28
4400004,8465,4336,76,21,91,4239,26,26,1287,180,2490,18,4,44,1,10,8,96,5,2,3
4400005,15988,8280,140,41,269,8099,49,49,2624,424,4301,36,6,170,9,16,32,186,22,0,4
4400006,11590,5899,96,39,201,5764,34,34,2492,287,2531,17,6,71,7,24,12,106,4,1,5
4400007,12574,6259,74,34,140,6151,38,38,3482,235,2032,30,4,83,4,12,21,88,14,2,4
4400009,19878,10168,182,69,369,9917,60,60,3682,489,4853,61,13,158,8,30,29,188,23,4,10
4400010,42016,22346,474,170,916,21702,129,120,10053,939,8553,133,32,345,42,70,82,470,41,8,18
4400012,7736,2910,42,17,82,2851,23,23,988,145,1475,17,0,39,0,5,0,90,6,2,2
4400016,6745,2571,26,7,64,2538,22,22,1204,63,1123,11,2,24,0,9,2,34,1,1,0
4400017,3975,1981,14,127,24,1840,14,14,386,101,1234,11,2,36,0,1,5,38,2,0,0
4400020,10807,5241,77,34,134,5130,34,34,1930,197,2568,24,5,69,0,10,10,171,8,0,4
4400022,8884,2891,38,26,92,2827,31,30,1854,66,719,14,3,21,2,9,4,36,3,2,2
4400024,6175,2341,37,22,107,2282,18,18,744,94,1227,7,2,28,3,10,5,46,7,1,1
4400040,5670,2383,29,12,46,2342,18,18,587,87,1498,3,0,41,1,3,4,66,3,1,2
4600001,135269,65675,738,97,1189,64840,401,286,18232,4083,37144,368,48,2589,20,89,64,929,44,7,34
4600040,29666,14406,320,32,281,14054,88,61,3931,969,8015,58,17,349,2,22,26,343,22,12,7
4600120,1858,1269,5,3,13,1261,6,6,267,88,835,4,2,21,0,1,4,21,3,2,0
4600320,7903,2626,20,11,27,2595,33,21,300,222,1977,11,4,18,2,0,12,17,4,0,1
4600480,980,389,8,3,19,378,3,3,229,11,109,2,0,3,1,3,1,0,0,0,0
4600520,12056,6550,98,16,126,6436,40,34,1548,372,4057,36,11,110,3,18,12,118,11,10,4
4600540,12634,6674,102,12,102,6560,39,30,1488,557,4091,28,3,156,2,12,6,101,11,1,2
4600560,6567,3454,21,16,36,3417,27,24,460,330,2466,11,1,27,2,8,11,50,8,2,5
4600640,8906,4505,58,23,76,4424,29,26,1099,245,2840,14,5,44,3,6,4,80,4,4,0
4600680,28280,16932,178,54,257,16700,86,83,3064,1399,11467,42,10,232,4,28,12,165,11,7,2
4600700,8570,4377,34,15,57,4328,26,21,695,310,3083,16,3,63,2,4,7,77,6,1,4
4600760,1216,793,8,4,11,781,5,5,187,64,477,3,1,22,0,4,1,10,1,0,0
4600800,2812,2002,19,1,19,1982,10,10,393,140,1371,3,0,33,1,2,1,16,2,1,0
4600815,1926,1102,9,6,42,1087,6,6,621,66,312,4,2,21,2,1,1,14,1,0,0
4600830,6647,4243,23,19,63,4201,24,24,533,315,3127,18,7,74,4,4,5,44,6,0,1
4600840,4612,2669,20,22,43,2627,18,18,469,330,1684,16,5,23,5,5,12,24,8,0,3
4600850,20292,12589,185,24,224,12380,60,52,2765,538,8161,51,6,308,4,21,15,272,8,2,5
4600865,9930,5367,43,10,69,5314,34,30,875,479,3741,19,1,61,2,5,10,44,4,3,1
4600880,28649,16581,481,34,383,16066,85,71,4520,870,9119,93,10,471,3,23,17,539,11,4,3
4800001,156388,58036,584,115,1030,57337,471,388,30609,1822,22164,156,21,960,39,82,55,321,38,14,26
4800002,22201,8374,99,22,103,8253,65,55,5849,89,2013,17,4,60,7,21,6,72,3,8,1
4800004,27356,12260,61,9,120,12190,82,82,8124,281,3419,24,4,110,9,23,15,53,2,3,3
4800005,24486,8693,47,31,116,8615,74,72,5398,150,2723,17,4,70,11,14,5,93,7,2,5
4800006,9208,4285,43,9,49,4233,27,27,2114,73,1926,6,1,29,1,9,1,20,1,1,2
4800007,32395,13279,70,19,201,13190,99,89,8135,258,4307,26,9,158,5,18,7,53,9,1,3
4800008,11585,4818,25,12,58,4781,36,35,2676,73,1890,6,3,28,3,7,4,28,3,1,1
4800009,16408,6740,27,18,84,6695,48,45,4643,93,1729,13,10,63,6,11,4,32,3,2,2
4800010,141996,44747,406,97,736,44244,401,362,22727,938,18582,133,44,522,45,111,52,271,46,18,19
4800011,63985,11017,154,58,142,10805,190,161,6484,426,3361,51,15,88,13,65,25,81,31,15,8
4800012,5367,1985,16,6,30,1963,16,13,1135,26,744,1,0,17,1,1,0,7,1,0,0
4800013,36558,18152,149,38,236,17965,114,110,7051,506,9836,26,9,159,9,20,14,81,12,1,5
4800016,131218,20615,373,156,270,20086,385,349,11127,483,7432,81,30,143,40,149,54,195,35,28,19
4800018,9383,3916,22,7,46,3887,28,21,2196,40,1551,7,1,31,0,2,0,9,0,0,4
4800020,20312,9844,99,16,120,9729,59,58,4920,236,4208,19,7,144,4,16,9,37,5,0,4
5000001,27879,9468,69,28,198,9371,84,83,4844,593,3301,87,6,155,8,19,25,110,13,1,11
5000070,5484,1078,5,6,17,1067,18,13,893,10,89,13,1,7,3,9,8,11,3,1,2
5000073,265,41,0,0,3,41,1,1,31,1,4,2,0,0,0,0,0,0,0,0,0
5000078,211,63,0,0,0,63,1,1,25,5,24,2,0,5,0,1,0,0,0,1,0
5000083,238,56,0,0,0,56,1,1,43,7,4,0,0,1,0,0,1,0,0,0,0
5000087,624,108,0,1,6,107,4,3,62,27,7,2,0,0,0,0,1,1,1,0,0
5000090,1274,226,0,0,1,226,5,5,88,10,115,1,0,3,2,2,1,1,0,1,1
5000092,925,154,1,0,4,153,3,3,64,13,64,0,0,2,0,0,3,2,0,0,1
5200001,405049,232891,2402,175,3402,230314,1182,1071,70481,18061,121625,1505,103,10199,57,306,215,4016,147,60,137
5200005,78857,53206,1479,72,1004,51655,229,208,15782,3368,27516,388,33,1803,18,97,53,1482,42,25,44
5200006,5885,3711,94,6,82,3611,19,19,1226,280,1818,15,2,55,1,3,4,121,1,1,2
5200008,6452,4046,82,11,94,3953,20,18,1014,268,2345,7,5,51,3,9,7,148,1,1,0
5200010,13442,9345,234,11,197,9100,40,37,2884,695,4608,64,5,249,1,11,14,353,11,3,5
5200015,5858,3933,26,3,49,3904,17,17,740,320,2654,11,3,65,1,3,2,51,5,0,0
5200020,19932,11431,151,21,221,11259,63,56,3301,844,6253,49,5,314,5,20,11,227,3,2,4
5200025,1484,774,4,1,7,769,7,7,87,111,527,2,1,20,3,2,0,9,0,0,0
5200027,6339,3468,57,10,80,3401,20,20,1529,158,1496,13,2,37,6,4,10,61,2,1,2
5200028,3930,2315,26,10,31,2279,13,12,499,223,1449,8,2,35,0,0,1,28,1,0,2
5200030,10056,5499,100,17,96,5382,31,29,1723,279,3012,18,5,75,1,8,7,148,7,0,3
5200035,60539,28171,497,62,561,27612,175,141,8700,1549,14992,153,23,719,14,35,38,772,34,4,18
5200040,13923,8836,130,29,133,8677,40,34,2067,559,5374,45,7,247,2,4,9,220,5,2,3
5200041,12044,5595,139,51,233,5405,37,28,3249,153,1489,38,9,53,6,24,10,121,12,3,5
5200042,9032,5201,101,18,99,5082,28,28,1358,347,3018,19,2,91,4,11,11,117,3,0,2
5200043,57552,29064,1094,102,829,27868,174,144,11976,823,11973,154,21,569,18,65,43,1328,36,10,23
5200044,9371,4817,73,26,121,4718,28,26,2197,164,2011,26,4,60,3,11,10,100,8,1,2
5200045,26354,16159,306,47,305,15806,81,81,4893,1077,8631,65,5,313,14,20,24,426,19,2,12
5200046,6175,2751,61,20,36,2670,22,22,1211,67,1260,6,1,17,3,6,6,52,4,0,1
5200047,7459,3483,74,18,67,3391,22,21,1300,180,1644,21,6,34,4,9,6,107,7,1,5
5200048,7290,3646,41,11,42,3594,24,23,1028,205,2112,10,7,51,5,6,9,105,9,2,3
5200049,9737,5049,131,26,109,4892,30,30,2214,268,1987,38,6,55,14,16,18,144,17,1,5
5200050,18511,10662,84,13,115,10565,53,49,2821,745,6268,47,8,371,11,5,10,152,6,0,6
5200055,9898,6174,121,15,107,6038,31,31,1974,355,3223,29,2,88,4,18,11,207,14,1,5
5200058,6385,3620,40,10,68,3570,21,21,1376,304,1682,16,1,40,4,8,5,61,3,0,2
5200059,1358,737,9,0,18,728,7,7,112,42,522,3,0,11,0,1,1,18,0,0,0
5200060,19060,10561,178,26,204,10357,59,54,2795,690,5960,54,9,216,3,18,27,356,15,2,8
5200074,7620,4587,52,18,63,4517,23,21,3884,53,415,7,1,35,1,11,4,40,1,0,2
5200080,14441,7112,182,31,181,6899,47,44,2614,341,3432,41,5,81,4,16,8,155,16,1,4
5400001,48325,18165,381,75,582,17709,150,111,6334,1120,8462,143,12,506,7,46,42,404,12,14,25
5400003,7262,2948,60,13,107,2875,23,22,1320,114,1131,28,8,48,2,9,10,80,11,2,5
5400007,10051,4059,72,28,115,3959,33,30,1149,229,2218,31,6,77,2,12,9,101,4,2,4
5400012,3666,1160,24,6,30,1130,15,15,788,40,213,16,2,15,1,3,2,19,1,0,0
5600001,48943,16760,78,30,614,16652,142,141,7262,689,7368,62,20,509,10,29,17,47,9,1,15
5600004,4847,1122,7,1,47,1114,14,13,535,126,364,2,3,21,1,2,4,3,3,1,2
6000001,45224,16995,172,54,344,16769,134,115,8023,1172,6262,153,21,397,20,40,33,260,20,7,17
6000007,5172,1735,8,19,39,1708,17,14,1274,89,243,11,5,5,6,3,5,18,3,3,4
6000010,760,271,0,1,0,270,3,3,216,8,37,3,1,1,0,2,1,0,1,0,0
6000013,1132,587,2,0,2,585,4,4,544,12,25,1,0,0,0,0,0,1,0,0,0
6000016,1348,405,3,2,3,400,4,4,327,7,49,3,1,3,0,2,3,1,0,0,1
6000017,75,29,0,0,1,29,1,1,28,0,0,0,0,0,0,0,0,0,0,0,0
6000019,560,96,0,0,2,96,3,3,89,1,4,0,0,0,0,0,0,0,0,0,0
6000021,572,133,1,0,2,132,2,2,93,14,19,2,0,2,0,0,0,0,0,0,0
6000022,1607,500,5,1,25,494,5,5,356,16,69,2,0,3,3,4,2,12,1,0,1
6000030,289,112,0,0,0,112,1,1,94,3,14,0,1,0,0,0,0,0,0,0,0
6000040,535,190,0,0,0,190,2,2,163,9,15,1,0,0,1,0,0,0,0,1,0
6400001,43380,23676,203,37,378,23436,134,127,16124,1029,5083,80,16,454,6,21,18,203,16,3,5
6400002,53588,25926,519,126,815,25281,160,155,17235,834,5085,147,18,488,13,54,34,470,54,9,25
6400004,15722,5473,69,40,123,5364,50,49,2815,185,1978,28,8,90,7,22,16,71,11,5,5
6400007,4734,2665,18,3,43,2644,14,13,1739,172,619,10,0,36,0,1,9,12,1,1,1
6400013,4843,2933,24,6,58,2903,15,15,1851,208,698,8,0,51,9,2,1,13,4,0,0
6400016,6715,3702,32,15,62,3655,19,19,2767,107,646,10,0,34,0,3,0,23,1,1,1
6400018,15922,7353,113,29,193,7211,51,51,5752,192,698,35,6,109,2,16,8,133,54,8,5
6400019,11358,7266,50,20,131,7196,33,33,5006,381,1467,34,1,123,0,5,5,33,5,2,3
6400023,31867,15783,153,57,220,15573,98,96,12558,333,1890,60,11,212,3,26,18,200,34,4,4
6400025,12863,5417,89,31,174,5297,44,44,3573,161,1159,37,6,47,3,17,14,86,11,4,5
6400026,10806,4724,80,24,120,4620,34,33,3379,151,769,22,3,76,3,6,11,69,10,0,1
6400028,30448,14640,160,63,308,14417,93,90,11578,180,1706,51,11,181,7,27,15,186,157,7,3
6400030,21204,10303,149,32,222,10122,64,61,6716,316,2475,42,2,146,3,14,14,149,15,4,4
6800001,19993,7358,37,22,119,7299,64,63,5417,285,1183,50,12,118,3,43,13,38,8,6,4
6800004,1743,418,3,1,7,414,6,5,327,19,40,6,0,6,0,1,1,6,1,0,0
6800010,186,85,0,0,1,85,2,2,61,0,17,2,2,1,0,1,0,0,0,0,0
6800013,1253,223,0,1,2,222,6,4,204,1,5,3,0,2,0,2,0,1,2,0,0
6800017,1876,406,3,1,8,402,6,6,278,14,85,3,0,11,0,0,0,2,0,1,0
6800022,1059,245,0,2,2,243,4,3,219,9,3,2,3,3,0,1,0,0,0,1,0
7200001,21237,7996,90,30,179,7876,66,63,2636,567,4061,42,8,166,12,26,15,146,8,3,7
7200002,3457,1658,9,9,24,1640,12,12,289,73,1206,10,2,7,0,2,1,25,0,0,1
7200006,25298,6001,44,31,66,5926,93,71,4491,104,1072,17,11,39,7,22,9,75,7,3,3
7200008,7363,3488,12,8,48,3468,26,26,647,135,2499,6,4,66,3,5,1,47,3,0,4
8800115,76,45,0,0,0,45,8,8,21,4,16,2,0,2,0,0,0,0,0,0,0
8800120,20898,12005,11,0,133,11994,54,54,5649,1464,2500,362,1,1843,2,6,4,14,4,2,10
8800130,22,8,0,0,0,8,7,5,2,0,2,0,0,4,0,0,0,0,0,0,0
8800135,34,22,0,0,0,22,7,7,11,4,3,1,0,3,0,0,0,0,0,0,0
8800140,2934,1191,4,3,12,1184,11,11,293,38,801,4,0,25,1,0,0,9,1,0,0
8800155,21438,10374,18,0,138,10356,56,56,4499,908,3817,170,8,779,3,2,8,13,3,0,8
8800160,7084,3515,8,2,22,3505,23,23,773,203,2377,24,1,67,0,1,4,30,2,0,1
8800165,32121,13569,18,0,185,13551,72,55,5698,971,4789,261,1,1585,0,7,5,33,7,3,6
8800170,2853,1640,0,0,22,1640,11,11,802,161,416,45,0,189,0,0,2,0,0,0,3
8800190,5054,2656,0,1,27,2655,16,16,1161,350,801,64,3,236,0,1,1,7,2,0,2
8800215,1818,645,1,0,2,644,10,10,125,39,439,3,1,19,0,1,0,15,0,0,0
8800220,9264,4170,10,1,46,4159,52,50,1895,440,1418,72,0,270,0,1,3,10,2,0,2
8800250,73237,37817,22,7,327,37788,219,178,10634,3951,19139,619,8,2985,7,11,7,73,12,3,12
8800275,428,252,0,0,1,252,7,7,82,34,96,9,0,30,0,0,0,0,0,0,0
8800285,11848,3512,5,1,17,3506,27,9,589,318,2409,24,0,133,0,1,1,9,2,1,2
8800290,916,608,1,1,8,606,8,8,449,14,120,2,0,13,0,0,0,0,0,0,0
8800305,45253,15293,86,15,179,15192,112,83,6110,1273,6708,170,8,523,8,9,16,153,13,5,17
8800315,1288,720,0,0,17,720,28,28,226,99,300,12,0,63,0,0,0,1,0,0,2
8800325,1078,665,0,1,10,664,9,9,304,103,123,32,0,90,0,1,0,1,0,0,0
8800330,43357,5979,54,33,72,5892,111,54,1501,658,3324,56,6,146,10,28,28,24,30,3,6
8800335,453,161,0,0,3,161,8,8,38,14,91,4,2,8,0,0,1,0,0,0,0
8800340,848,313,0,0,2,313,9,6,30,44,208,9,0,16,0,3,1,0,0,0,0
8800350,4530,2542,3,0,24,2539,20,20,446,225,1664,31,0,130,0,0,0,19,0,0,0
8800355,307996,126151,379,44,1434,125728,696,692,53537,10946,51269,1209,45,5967,36,71,65,973,75,27,74
8800360,454262,130314,87,21,413,130206,987,538,17620,11165,95923,753,11,3936,5,30,27,251,38,13,21
8800370,185,91,0,0,1,91,7,7,29,14,37,3,0,6,0,0,1,0,0,0,0
8800375,554,302,0,0,4,302,7,7,141,40,70,9,1,35,0,0,1,1,0,0,0
8800380,26881,14271,11,1,156,14259,81,81,6699,1670,3607,357,2,1690,5,6,5,50,5,2,5
8800410,2307,939,1,0,5,938,10,6,82,102,693,12,0,40,0,0,0,2,2,0,0
8800430,24,14,0,0,1,14,7,6,8,1,3,0,0,0,0,0,0,0,1,0,0
8800435,6554,3139,2,0,33,3137,22,22,1121,495,986,93,2,402,0,2,1,1,0,0,1
8800440,780,249,0,0,0,249,8,6,38,39,158,3,0,11,0,0,0,0,0,0,0
8800445,390,246,0,0,10,246,7,7,106,31,54,6,0,38,0,0,0,1,0,0,0
8800455,95,32,0,0,1,32,7,7,9,3,12,1,0,6,0,0,0,0,0,0,0
8800460,101,35,0,0,0,35,7,7,8,13,11,0,0,3,0,0,0,0,0,0,0
8800465,23331,11654,11,5,77,11638,74,74,3788,1622,5175,180,12,717,6,1,1,53,3,0,3
8800470,921,603,0,0,3,603,8,8,247,94,171,30,0,57,0,0,0,1,0,0,0
8800490,2311,897,2,0,2,895,11,11,92,44,728,3,0,19,0,0,1,6,0,0,0
8800495,19729,8452,15,0,103,8437,47,47,3313,851,3087,137,1,885,2,5,3,37,5,2,6
8800500,346,66,0,0,0,66,8,7,17,11,38,0,0,0,0,0,0,0,0,0,0
8800505,1459,526,0,1,10,525,11,11,182,48,227,18,0,38,0,0,1,1,0,0,0
8800515,123,68,0,0,0,68,7,7,25,15,16,3,0,9,0,0,0,0,0,0,0
8800535,1450,123,0,0,3,123,9,9,24,36,58,0,0,2,0,0,0,0,0,0,0
8800560,163,101,0,0,2,101,7,7,18,28,46,2,0,5,0,0,0,0,0,0,0
8800580,72,34,0,0,0,34,7,7,7,8,12,1,0,6,0,0,0,0,0,0,0
8800590,22026,8715,3,0,46,8712,80,48,2013,1499,4505,99,2,531,1,0,3,9,2,2,0
8800620,287,95,0,0,0,95,7,6,18,5,66,1,0,5,0,0,0,0,0,0,0
8800625,2334,1299,2,0,28,1297,10,10,494,149,448,33,0,140,0,1,0,2,0,0,2
8800635,1184,568,1,0,8,567,8,8,258,89,145,18,0,48,0,0,0,0,0,0,1
8800655,29196,6849,5,3,34,6841,87,49,1212,748,4520,41,1,254,0,2,3,21,2,2,1
8800665,805,371,0,0,0,371,8,8,77,32,248,2,0,10,0,0,0,1,0,0,1
8800670,9154,2617,3,0,23,2614,28,19,463,400,1510,39,0,157,2,1,0,17,2,0,0
8800675,3567,1065,2,0,17,1063,14,14,622,59,282,14,0,54,0,0,0,14,0,0,1
8800680,5340,3190,11,1,49,3178,18,18,1329,267,1176,38,1,299,0,1,2,10,2,1,3
8800683,2341,1193,2,0,4,1191,11,11,274,129,699,10,0,70,0,1,0,3,0,0,1
8800685,4022,2105,3,1,15,2101,13,13,328,234,1399,27,0,90,0,1,1,3,0,0,3
8800688,338,196,0,0,3,196,7,7,32,52,86,1,0,22,0,0,0,0,0,0,0
8800690,84,33,0,0,1,33,7,7,17,4,8,0,0,3,0,0,0,0,0,0,0
8800700,821,21,0,0,0,21,8,2,13,2,5,0,0,1,0,0,0,0,0,0,0
8800745,216,110,0,0,1,110,8,8,21,22,53,6,0,6,0,0,0,0,0,0,1
8800755,3748,1518,1,2,15,1515,27,27,815,165,384,39,0,88,0,2,0,6,0,0,1
8800760,9072,4515,3,2,30,4510,21,21,1766,580,1672,80,0,363,1,1,2,13,1,0,1
8800765,188,114,0,0,0,114,7,7,43,10,46,2,0,13,0,0,0,0,0,0,0
8800770,441,225,0,0,3,225,14,14,119,27,57,2,0,17,0,0,0,0,0,0,0
8800785,318,109,0,0,5,109,9,8,24,7,62,3,0,7,0,0,0,0,0,0,1
8800805,1531,783,2,0,12,781,9,9,313,83,317,8,0,44,0,0,1,2,0,0,1
8800815,180782,18324,64,59,54,18201,349,239,3579,1788,12152,104,25,164,48,52,66,65,74,8,22
